,<-- Navigate by typing to search,,,,,,,,,,,,,,,,,,,,,,
Branch,Type,Region,Sector,Service,Technology,Parameter,Context,Sub_Context,Target,Source,Unit,2000,2005,2010,2015,2020,2025,2030,2035,2040,2045,2050,Comments
CIMS.CAN.BC.Ethanol,Sector,BC,,,,Service provided,,,,,GJ,,,,,,,,,,,,
CIMS.CAN.BC.Ethanol,Sector,BC,,,,Competition type,Sector,,,,,,,,,,,,,,,,
CIMS.CAN.BC.Ethanol,Sector,BC,,,,Is supply,TRUE,,,,,,,,,,,,,,,,
CIMS.CAN.BC.Ethanol,Sector,BC,Ethanol,,,Price multiplier,,,CIMS.CAN.BC.Biodiesel,JCIMS,,"=IFERROR(INDEX('Macro inputs.xlsx'!FuelMult_JCIMS,MATCH($C6&$D6&$J6,'Macro inputs.xlsx'!FuelMult_JCIMS_Index,0),MATCH(M$2,$M$2:$W$2,0)),1)","=IFERROR(INDEX('Macro inputs.xlsx'!FuelMult_JCIMS,MATCH($C6&$D6&$J6,'Macro inputs.xlsx'!FuelMult_JCIMS_Index,0),MATCH(N$2,$M$2:$W$2,0)),1)","=IFERROR(INDEX('Macro inputs.xlsx'!FuelMult_JCIMS,MATCH($C6&$D6&$J6,'Macro inputs.xlsx'!FuelMult_JCIMS_Index,0),MATCH(O$2,$M$2:$W$2,0)),1)","=IFERROR(INDEX('Macro inputs.xlsx'!FuelMult_JCIMS,MATCH($C6&$D6&$J6,'Macro inputs.xlsx'!FuelMult_JCIMS_Index,0),MATCH(P$2,$M$2:$W$2,0)),1)","=IFERROR(INDEX('Macro inputs.xlsx'!FuelMult_JCIMS,MATCH($C6&$D6&$J6,'Macro inputs.xlsx'!FuelMult_JCIMS_Index,0),MATCH(Q$2,$M$2:$W$2,0)),1)","=IFERROR(INDEX('Macro inputs.xlsx'!FuelMult_JCIMS,MATCH($C6&$D6&$J6,'Macro inputs.xlsx'!FuelMult_JCIMS_Index,0),MATCH(R$2,$M$2:$W$2,0)),1)","=IFERROR(INDEX('Macro inputs.xlsx'!FuelMult_JCIMS,MATCH($C6&$D6&$J6,'Macro inputs.xlsx'!FuelMult_JCIMS_Index,0),MATCH(S$2,$M$2:$W$2,0)),1)","=IFERROR(INDEX('Macro inputs.xlsx'!FuelMult_JCIMS,MATCH($C6&$D6&$J6,'Macro inputs.xlsx'!FuelMult_JCIMS_Index,0),MATCH(T$2,$M$2:$W$2,0)),1)","=IFERROR(INDEX('Macro inputs.xlsx'!FuelMult_JCIMS,MATCH($C6&$D6&$J6,'Macro inputs.xlsx'!FuelMult_JCIMS_Index,0),MATCH(U$2,$M$2:$W$2,0)),1)","=IFERROR(INDEX('Macro inputs.xlsx'!FuelMult_JCIMS,MATCH($C6&$D6&$J6,'Macro inputs.xlsx'!FuelMult_JCIMS_Index,0),MATCH(V$2,$M$2:$W$2,0)),1)","=IFERROR(INDEX('Macro inputs.xlsx'!FuelMult_JCIMS,MATCH($C6&$D6&$J6,'Macro inputs.xlsx'!FuelMult_JCIMS_Index,0),MATCH(W$2,$M$2:$W$2,0)),1)",
CIMS.CAN.BC.Ethanol,Sector,BC,Ethanol,,,Price multiplier,,,CIMS.Generic Fuels.Biogas,JCIMS,,"=IFERROR(INDEX('Macro inputs.xlsx'!FuelMult_JCIMS,MATCH($C7&$D7&$J7,'Macro inputs.xlsx'!FuelMult_JCIMS_Index,0),MATCH(M$2,$M$2:$W$2,0)),1)","=IFERROR(INDEX('Macro inputs.xlsx'!FuelMult_JCIMS,MATCH($C7&$D7&$J7,'Macro inputs.xlsx'!FuelMult_JCIMS_Index,0),MATCH(N$2,$M$2:$W$2,0)),1)","=IFERROR(INDEX('Macro inputs.xlsx'!FuelMult_JCIMS,MATCH($C7&$D7&$J7,'Macro inputs.xlsx'!FuelMult_JCIMS_Index,0),MATCH(O$2,$M$2:$W$2,0)),1)","=IFERROR(INDEX('Macro inputs.xlsx'!FuelMult_JCIMS,MATCH($C7&$D7&$J7,'Macro inputs.xlsx'!FuelMult_JCIMS_Index,0),MATCH(P$2,$M$2:$W$2,0)),1)","=IFERROR(INDEX('Macro inputs.xlsx'!FuelMult_JCIMS,MATCH($C7&$D7&$J7,'Macro inputs.xlsx'!FuelMult_JCIMS_Index,0),MATCH(Q$2,$M$2:$W$2,0)),1)","=IFERROR(INDEX('Macro inputs.xlsx'!FuelMult_JCIMS,MATCH($C7&$D7&$J7,'Macro inputs.xlsx'!FuelMult_JCIMS_Index,0),MATCH(R$2,$M$2:$W$2,0)),1)","=IFERROR(INDEX('Macro inputs.xlsx'!FuelMult_JCIMS,MATCH($C7&$D7&$J7,'Macro inputs.xlsx'!FuelMult_JCIMS_Index,0),MATCH(S$2,$M$2:$W$2,0)),1)","=IFERROR(INDEX('Macro inputs.xlsx'!FuelMult_JCIMS,MATCH($C7&$D7&$J7,'Macro inputs.xlsx'!FuelMult_JCIMS_Index,0),MATCH(T$2,$M$2:$W$2,0)),1)","=IFERROR(INDEX('Macro inputs.xlsx'!FuelMult_JCIMS,MATCH($C7&$D7&$J7,'Macro inputs.xlsx'!FuelMult_JCIMS_Index,0),MATCH(U$2,$M$2:$W$2,0)),1)","=IFERROR(INDEX('Macro inputs.xlsx'!FuelMult_JCIMS,MATCH($C7&$D7&$J7,'Macro inputs.xlsx'!FuelMult_JCIMS_Index,0),MATCH(V$2,$M$2:$W$2,0)),1)","=IFERROR(INDEX('Macro inputs.xlsx'!FuelMult_JCIMS,MATCH($C7&$D7&$J7,'Macro inputs.xlsx'!FuelMult_JCIMS_Index,0),MATCH(W$2,$M$2:$W$2,0)),1)",
CIMS.CAN.BC.Ethanol,Sector,BC,Ethanol,,,Price multiplier,,,CIMS.Generic Fuels.Black Liquor,JCIMS,,"=IFERROR(INDEX('Macro inputs.xlsx'!FuelMult_JCIMS,MATCH($C8&$D8&$J8,'Macro inputs.xlsx'!FuelMult_JCIMS_Index,0),MATCH(M$2,$M$2:$W$2,0)),1)","=IFERROR(INDEX('Macro inputs.xlsx'!FuelMult_JCIMS,MATCH($C8&$D8&$J8,'Macro inputs.xlsx'!FuelMult_JCIMS_Index,0),MATCH(N$2,$M$2:$W$2,0)),1)","=IFERROR(INDEX('Macro inputs.xlsx'!FuelMult_JCIMS,MATCH($C8&$D8&$J8,'Macro inputs.xlsx'!FuelMult_JCIMS_Index,0),MATCH(O$2,$M$2:$W$2,0)),1)","=IFERROR(INDEX('Macro inputs.xlsx'!FuelMult_JCIMS,MATCH($C8&$D8&$J8,'Macro inputs.xlsx'!FuelMult_JCIMS_Index,0),MATCH(P$2,$M$2:$W$2,0)),1)","=IFERROR(INDEX('Macro inputs.xlsx'!FuelMult_JCIMS,MATCH($C8&$D8&$J8,'Macro inputs.xlsx'!FuelMult_JCIMS_Index,0),MATCH(Q$2,$M$2:$W$2,0)),1)","=IFERROR(INDEX('Macro inputs.xlsx'!FuelMult_JCIMS,MATCH($C8&$D8&$J8,'Macro inputs.xlsx'!FuelMult_JCIMS_Index,0),MATCH(R$2,$M$2:$W$2,0)),1)","=IFERROR(INDEX('Macro inputs.xlsx'!FuelMult_JCIMS,MATCH($C8&$D8&$J8,'Macro inputs.xlsx'!FuelMult_JCIMS_Index,0),MATCH(S$2,$M$2:$W$2,0)),1)","=IFERROR(INDEX('Macro inputs.xlsx'!FuelMult_JCIMS,MATCH($C8&$D8&$J8,'Macro inputs.xlsx'!FuelMult_JCIMS_Index,0),MATCH(T$2,$M$2:$W$2,0)),1)","=IFERROR(INDEX('Macro inputs.xlsx'!FuelMult_JCIMS,MATCH($C8&$D8&$J8,'Macro inputs.xlsx'!FuelMult_JCIMS_Index,0),MATCH(U$2,$M$2:$W$2,0)),1)","=IFERROR(INDEX('Macro inputs.xlsx'!FuelMult_JCIMS,MATCH($C8&$D8&$J8,'Macro inputs.xlsx'!FuelMult_JCIMS_Index,0),MATCH(V$2,$M$2:$W$2,0)),1)","=IFERROR(INDEX('Macro inputs.xlsx'!FuelMult_JCIMS,MATCH($C8&$D8&$J8,'Macro inputs.xlsx'!FuelMult_JCIMS_Index,0),MATCH(W$2,$M$2:$W$2,0)),1)",
CIMS.CAN.BC.Ethanol,Sector,BC,Ethanol,,,Price multiplier,,,CIMS.Generic Fuels.Coal,JCIMS,,"=IFERROR(INDEX('Macro inputs.xlsx'!FuelMult_JCIMS,MATCH($C9&$D9&$J9,'Macro inputs.xlsx'!FuelMult_JCIMS_Index,0),MATCH(M$2,$M$2:$W$2,0)),1)","=IFERROR(INDEX('Macro inputs.xlsx'!FuelMult_JCIMS,MATCH($C9&$D9&$J9,'Macro inputs.xlsx'!FuelMult_JCIMS_Index,0),MATCH(N$2,$M$2:$W$2,0)),1)","=IFERROR(INDEX('Macro inputs.xlsx'!FuelMult_JCIMS,MATCH($C9&$D9&$J9,'Macro inputs.xlsx'!FuelMult_JCIMS_Index,0),MATCH(O$2,$M$2:$W$2,0)),1)","=IFERROR(INDEX('Macro inputs.xlsx'!FuelMult_JCIMS,MATCH($C9&$D9&$J9,'Macro inputs.xlsx'!FuelMult_JCIMS_Index,0),MATCH(P$2,$M$2:$W$2,0)),1)","=IFERROR(INDEX('Macro inputs.xlsx'!FuelMult_JCIMS,MATCH($C9&$D9&$J9,'Macro inputs.xlsx'!FuelMult_JCIMS_Index,0),MATCH(Q$2,$M$2:$W$2,0)),1)","=IFERROR(INDEX('Macro inputs.xlsx'!FuelMult_JCIMS,MATCH($C9&$D9&$J9,'Macro inputs.xlsx'!FuelMult_JCIMS_Index,0),MATCH(R$2,$M$2:$W$2,0)),1)","=IFERROR(INDEX('Macro inputs.xlsx'!FuelMult_JCIMS,MATCH($C9&$D9&$J9,'Macro inputs.xlsx'!FuelMult_JCIMS_Index,0),MATCH(S$2,$M$2:$W$2,0)),1)","=IFERROR(INDEX('Macro inputs.xlsx'!FuelMult_JCIMS,MATCH($C9&$D9&$J9,'Macro inputs.xlsx'!FuelMult_JCIMS_Index,0),MATCH(T$2,$M$2:$W$2,0)),1)","=IFERROR(INDEX('Macro inputs.xlsx'!FuelMult_JCIMS,MATCH($C9&$D9&$J9,'Macro inputs.xlsx'!FuelMult_JCIMS_Index,0),MATCH(U$2,$M$2:$W$2,0)),1)","=IFERROR(INDEX('Macro inputs.xlsx'!FuelMult_JCIMS,MATCH($C9&$D9&$J9,'Macro inputs.xlsx'!FuelMult_JCIMS_Index,0),MATCH(V$2,$M$2:$W$2,0)),1)","=IFERROR(INDEX('Macro inputs.xlsx'!FuelMult_JCIMS,MATCH($C9&$D9&$J9,'Macro inputs.xlsx'!FuelMult_JCIMS_Index,0),MATCH(W$2,$M$2:$W$2,0)),1)",
CIMS.CAN.BC.Ethanol,Sector,BC,Ethanol,,,Price multiplier,,,CIMS.Generic Fuels.Coke,JCIMS,,"=IFERROR(INDEX('Macro inputs.xlsx'!FuelMult_JCIMS,MATCH($C10&$D10&$J10,'Macro inputs.xlsx'!FuelMult_JCIMS_Index,0),MATCH(M$2,$M$2:$W$2,0)),1)","=IFERROR(INDEX('Macro inputs.xlsx'!FuelMult_JCIMS,MATCH($C10&$D10&$J10,'Macro inputs.xlsx'!FuelMult_JCIMS_Index,0),MATCH(N$2,$M$2:$W$2,0)),1)","=IFERROR(INDEX('Macro inputs.xlsx'!FuelMult_JCIMS,MATCH($C10&$D10&$J10,'Macro inputs.xlsx'!FuelMult_JCIMS_Index,0),MATCH(O$2,$M$2:$W$2,0)),1)","=IFERROR(INDEX('Macro inputs.xlsx'!FuelMult_JCIMS,MATCH($C10&$D10&$J10,'Macro inputs.xlsx'!FuelMult_JCIMS_Index,0),MATCH(P$2,$M$2:$W$2,0)),1)","=IFERROR(INDEX('Macro inputs.xlsx'!FuelMult_JCIMS,MATCH($C10&$D10&$J10,'Macro inputs.xlsx'!FuelMult_JCIMS_Index,0),MATCH(Q$2,$M$2:$W$2,0)),1)","=IFERROR(INDEX('Macro inputs.xlsx'!FuelMult_JCIMS,MATCH($C10&$D10&$J10,'Macro inputs.xlsx'!FuelMult_JCIMS_Index,0),MATCH(R$2,$M$2:$W$2,0)),1)","=IFERROR(INDEX('Macro inputs.xlsx'!FuelMult_JCIMS,MATCH($C10&$D10&$J10,'Macro inputs.xlsx'!FuelMult_JCIMS_Index,0),MATCH(S$2,$M$2:$W$2,0)),1)","=IFERROR(INDEX('Macro inputs.xlsx'!FuelMult_JCIMS,MATCH($C10&$D10&$J10,'Macro inputs.xlsx'!FuelMult_JCIMS_Index,0),MATCH(T$2,$M$2:$W$2,0)),1)","=IFERROR(INDEX('Macro inputs.xlsx'!FuelMult_JCIMS,MATCH($C10&$D10&$J10,'Macro inputs.xlsx'!FuelMult_JCIMS_Index,0),MATCH(U$2,$M$2:$W$2,0)),1)","=IFERROR(INDEX('Macro inputs.xlsx'!FuelMult_JCIMS,MATCH($C10&$D10&$J10,'Macro inputs.xlsx'!FuelMult_JCIMS_Index,0),MATCH(V$2,$M$2:$W$2,0)),1)","=IFERROR(INDEX('Macro inputs.xlsx'!FuelMult_JCIMS,MATCH($C10&$D10&$J10,'Macro inputs.xlsx'!FuelMult_JCIMS_Index,0),MATCH(W$2,$M$2:$W$2,0)),1)",
CIMS.CAN.BC.Ethanol,Sector,BC,Ethanol,,,Price multiplier,,,CIMS.Generic Fuels.Diesel,JCIMS,,"=IFERROR(INDEX('Macro inputs.xlsx'!FuelMult_JCIMS,MATCH($C11&$D11&$J11,'Macro inputs.xlsx'!FuelMult_JCIMS_Index,0),MATCH(M$2,$M$2:$W$2,0)),1)","=IFERROR(INDEX('Macro inputs.xlsx'!FuelMult_JCIMS,MATCH($C11&$D11&$J11,'Macro inputs.xlsx'!FuelMult_JCIMS_Index,0),MATCH(N$2,$M$2:$W$2,0)),1)","=IFERROR(INDEX('Macro inputs.xlsx'!FuelMult_JCIMS,MATCH($C11&$D11&$J11,'Macro inputs.xlsx'!FuelMult_JCIMS_Index,0),MATCH(O$2,$M$2:$W$2,0)),1)","=IFERROR(INDEX('Macro inputs.xlsx'!FuelMult_JCIMS,MATCH($C11&$D11&$J11,'Macro inputs.xlsx'!FuelMult_JCIMS_Index,0),MATCH(P$2,$M$2:$W$2,0)),1)","=IFERROR(INDEX('Macro inputs.xlsx'!FuelMult_JCIMS,MATCH($C11&$D11&$J11,'Macro inputs.xlsx'!FuelMult_JCIMS_Index,0),MATCH(Q$2,$M$2:$W$2,0)),1)","=IFERROR(INDEX('Macro inputs.xlsx'!FuelMult_JCIMS,MATCH($C11&$D11&$J11,'Macro inputs.xlsx'!FuelMult_JCIMS_Index,0),MATCH(R$2,$M$2:$W$2,0)),1)","=IFERROR(INDEX('Macro inputs.xlsx'!FuelMult_JCIMS,MATCH($C11&$D11&$J11,'Macro inputs.xlsx'!FuelMult_JCIMS_Index,0),MATCH(S$2,$M$2:$W$2,0)),1)","=IFERROR(INDEX('Macro inputs.xlsx'!FuelMult_JCIMS,MATCH($C11&$D11&$J11,'Macro inputs.xlsx'!FuelMult_JCIMS_Index,0),MATCH(T$2,$M$2:$W$2,0)),1)","=IFERROR(INDEX('Macro inputs.xlsx'!FuelMult_JCIMS,MATCH($C11&$D11&$J11,'Macro inputs.xlsx'!FuelMult_JCIMS_Index,0),MATCH(U$2,$M$2:$W$2,0)),1)","=IFERROR(INDEX('Macro inputs.xlsx'!FuelMult_JCIMS,MATCH($C11&$D11&$J11,'Macro inputs.xlsx'!FuelMult_JCIMS_Index,0),MATCH(V$2,$M$2:$W$2,0)),1)","=IFERROR(INDEX('Macro inputs.xlsx'!FuelMult_JCIMS,MATCH($C11&$D11&$J11,'Macro inputs.xlsx'!FuelMult_JCIMS_Index,0),MATCH(W$2,$M$2:$W$2,0)),1)",
CIMS.CAN.BC.Ethanol,Sector,BC,Ethanol,,,Price multiplier,,,CIMS.CAN.BC.Electricity,CER,,1.33,1.33,1.33,1.33,1.33,1.33,1.33,1.33,1.33,1.33,1.33,TO DO: Fix these multipliers once the electricity sector is calibrated to have a production cost.
CIMS.CAN.BC.Ethanol,Sector,BC,Ethanol,,,Price multiplier,,,CIMS.CAN.BC.Ethanol,JCIMS,,"=IFERROR(INDEX('Macro inputs.xlsx'!FuelMult_JCIMS,MATCH($C13&$D13&$J13,'Macro inputs.xlsx'!FuelMult_JCIMS_Index,0),MATCH(M$2,$M$2:$W$2,0)),1)","=IFERROR(INDEX('Macro inputs.xlsx'!FuelMult_JCIMS,MATCH($C13&$D13&$J13,'Macro inputs.xlsx'!FuelMult_JCIMS_Index,0),MATCH(N$2,$M$2:$W$2,0)),1)","=IFERROR(INDEX('Macro inputs.xlsx'!FuelMult_JCIMS,MATCH($C13&$D13&$J13,'Macro inputs.xlsx'!FuelMult_JCIMS_Index,0),MATCH(O$2,$M$2:$W$2,0)),1)","=IFERROR(INDEX('Macro inputs.xlsx'!FuelMult_JCIMS,MATCH($C13&$D13&$J13,'Macro inputs.xlsx'!FuelMult_JCIMS_Index,0),MATCH(P$2,$M$2:$W$2,0)),1)","=IFERROR(INDEX('Macro inputs.xlsx'!FuelMult_JCIMS,MATCH($C13&$D13&$J13,'Macro inputs.xlsx'!FuelMult_JCIMS_Index,0),MATCH(Q$2,$M$2:$W$2,0)),1)","=IFERROR(INDEX('Macro inputs.xlsx'!FuelMult_JCIMS,MATCH($C13&$D13&$J13,'Macro inputs.xlsx'!FuelMult_JCIMS_Index,0),MATCH(R$2,$M$2:$W$2,0)),1)","=IFERROR(INDEX('Macro inputs.xlsx'!FuelMult_JCIMS,MATCH($C13&$D13&$J13,'Macro inputs.xlsx'!FuelMult_JCIMS_Index,0),MATCH(S$2,$M$2:$W$2,0)),1)","=IFERROR(INDEX('Macro inputs.xlsx'!FuelMult_JCIMS,MATCH($C13&$D13&$J13,'Macro inputs.xlsx'!FuelMult_JCIMS_Index,0),MATCH(T$2,$M$2:$W$2,0)),1)","=IFERROR(INDEX('Macro inputs.xlsx'!FuelMult_JCIMS,MATCH($C13&$D13&$J13,'Macro inputs.xlsx'!FuelMult_JCIMS_Index,0),MATCH(U$2,$M$2:$W$2,0)),1)","=IFERROR(INDEX('Macro inputs.xlsx'!FuelMult_JCIMS,MATCH($C13&$D13&$J13,'Macro inputs.xlsx'!FuelMult_JCIMS_Index,0),MATCH(V$2,$M$2:$W$2,0)),1)","=IFERROR(INDEX('Macro inputs.xlsx'!FuelMult_JCIMS,MATCH($C13&$D13&$J13,'Macro inputs.xlsx'!FuelMult_JCIMS_Index,0),MATCH(W$2,$M$2:$W$2,0)),1)",
CIMS.CAN.BC.Ethanol,Sector,BC,Ethanol,,,Price multiplier,,,CIMS.Generic Fuels.Fuel Oil,CER,,"=INDEX('Macro inputs.xlsx'!CER_prices,MATCH($C14&INDEX('Macro inputs.xlsx'!sector_CER,MATCH($D14,'Macro inputs.xlsx'!sector_CIMS,0))&$J14,'Macro inputs.xlsx'!CER_prices_index,0),MATCH(M$2,'Macro inputs.xlsx'!CER_year,0))/ROUND(INDEX('[Macro inputs.xlsx]Prices'!K$29:K$210,MATCH(""CAN""&""Industrial""&$J14,'[Macro inputs.xlsx]Prices'!$CJ$29:$CJ$210,0)),2)","=INDEX('Macro inputs.xlsx'!CER_prices,MATCH($C14&INDEX('Macro inputs.xlsx'!sector_CER,MATCH($D14,'Macro inputs.xlsx'!sector_CIMS,0))&$J14,'Macro inputs.xlsx'!CER_prices_index,0),MATCH(N$2,'Macro inputs.xlsx'!CER_year,0))/ROUND(INDEX('[Macro inputs.xlsx]Prices'!L$29:L$210,MATCH(""CAN""&""Industrial""&$J14,'[Macro inputs.xlsx]Prices'!$CJ$29:$CJ$210,0)),2)","=INDEX('Macro inputs.xlsx'!CER_prices,MATCH($C14&INDEX('Macro inputs.xlsx'!sector_CER,MATCH($D14,'Macro inputs.xlsx'!sector_CIMS,0))&$J14,'Macro inputs.xlsx'!CER_prices_index,0),MATCH(O$2,'Macro inputs.xlsx'!CER_year,0))/ROUND(INDEX('[Macro inputs.xlsx]Prices'!M$29:M$210,MATCH(""CAN""&""Industrial""&$J14,'[Macro inputs.xlsx]Prices'!$CJ$29:$CJ$210,0)),2)","=INDEX('Macro inputs.xlsx'!CER_prices,MATCH($C14&INDEX('Macro inputs.xlsx'!sector_CER,MATCH($D14,'Macro inputs.xlsx'!sector_CIMS,0))&$J14,'Macro inputs.xlsx'!CER_prices_index,0),MATCH(P$2,'Macro inputs.xlsx'!CER_year,0))/ROUND(INDEX('[Macro inputs.xlsx]Prices'!N$29:N$210,MATCH(""CAN""&""Industrial""&$J14,'[Macro inputs.xlsx]Prices'!$CJ$29:$CJ$210,0)),2)","=INDEX('Macro inputs.xlsx'!CER_prices,MATCH($C14&INDEX('Macro inputs.xlsx'!sector_CER,MATCH($D14,'Macro inputs.xlsx'!sector_CIMS,0))&$J14,'Macro inputs.xlsx'!CER_prices_index,0),MATCH(Q$2,'Macro inputs.xlsx'!CER_year,0))/ROUND(INDEX('[Macro inputs.xlsx]Prices'!O$29:O$210,MATCH(""CAN""&""Industrial""&$J14,'[Macro inputs.xlsx]Prices'!$CJ$29:$CJ$210,0)),2)","=INDEX('Macro inputs.xlsx'!CER_prices,MATCH($C14&INDEX('Macro inputs.xlsx'!sector_CER,MATCH($D14,'Macro inputs.xlsx'!sector_CIMS,0))&$J14,'Macro inputs.xlsx'!CER_prices_index,0),MATCH(R$2,'Macro inputs.xlsx'!CER_year,0))/ROUND(INDEX('[Macro inputs.xlsx]Prices'!P$29:P$210,MATCH(""CAN""&""Industrial""&$J14,'[Macro inputs.xlsx]Prices'!$CJ$29:$CJ$210,0)),2)","=INDEX('Macro inputs.xlsx'!CER_prices,MATCH($C14&INDEX('Macro inputs.xlsx'!sector_CER,MATCH($D14,'Macro inputs.xlsx'!sector_CIMS,0))&$J14,'Macro inputs.xlsx'!CER_prices_index,0),MATCH(S$2,'Macro inputs.xlsx'!CER_year,0))/ROUND(INDEX('[Macro inputs.xlsx]Prices'!Q$29:Q$210,MATCH(""CAN""&""Industrial""&$J14,'[Macro inputs.xlsx]Prices'!$CJ$29:$CJ$210,0)),2)","=INDEX('Macro inputs.xlsx'!CER_prices,MATCH($C14&INDEX('Macro inputs.xlsx'!sector_CER,MATCH($D14,'Macro inputs.xlsx'!sector_CIMS,0))&$J14,'Macro inputs.xlsx'!CER_prices_index,0),MATCH(T$2,'Macro inputs.xlsx'!CER_year,0))/ROUND(INDEX('[Macro inputs.xlsx]Prices'!R$29:R$210,MATCH(""CAN""&""Industrial""&$J14,'[Macro inputs.xlsx]Prices'!$CJ$29:$CJ$210,0)),2)","=INDEX('Macro inputs.xlsx'!CER_prices,MATCH($C14&INDEX('Macro inputs.xlsx'!sector_CER,MATCH($D14,'Macro inputs.xlsx'!sector_CIMS,0))&$J14,'Macro inputs.xlsx'!CER_prices_index,0),MATCH(U$2,'Macro inputs.xlsx'!CER_year,0))/ROUND(INDEX('[Macro inputs.xlsx]Prices'!S$29:S$210,MATCH(""CAN""&""Industrial""&$J14,'[Macro inputs.xlsx]Prices'!$CJ$29:$CJ$210,0)),2)","=INDEX('Macro inputs.xlsx'!CER_prices,MATCH($C14&INDEX('Macro inputs.xlsx'!sector_CER,MATCH($D14,'Macro inputs.xlsx'!sector_CIMS,0))&$J14,'Macro inputs.xlsx'!CER_prices_index,0),MATCH(V$2,'Macro inputs.xlsx'!CER_year,0))/ROUND(INDEX('[Macro inputs.xlsx]Prices'!T$29:T$210,MATCH(""CAN""&""Industrial""&$J14,'[Macro inputs.xlsx]Prices'!$CJ$29:$CJ$210,0)),2)","=INDEX('Macro inputs.xlsx'!CER_prices,MATCH($C14&INDEX('Macro inputs.xlsx'!sector_CER,MATCH($D14,'Macro inputs.xlsx'!sector_CIMS,0))&$J14,'Macro inputs.xlsx'!CER_prices_index,0),MATCH(W$2,'Macro inputs.xlsx'!CER_year,0))/ROUND(INDEX('[Macro inputs.xlsx]Prices'!U$29:U$210,MATCH(""CAN""&""Industrial""&$J14,'[Macro inputs.xlsx]Prices'!$CJ$29:$CJ$210,0)),2)",
CIMS.CAN.BC.Ethanol,Sector,BC,Ethanol,,,Price multiplier,,,CIMS.Generic Fuels.Gasoline,JCIMS,,"=IFERROR(INDEX('Macro inputs.xlsx'!FuelMult_JCIMS,MATCH($C15&$D15&$J15,'Macro inputs.xlsx'!FuelMult_JCIMS_Index,0),MATCH(M$2,$M$2:$W$2,0)),1)","=IFERROR(INDEX('Macro inputs.xlsx'!FuelMult_JCIMS,MATCH($C15&$D15&$J15,'Macro inputs.xlsx'!FuelMult_JCIMS_Index,0),MATCH(N$2,$M$2:$W$2,0)),1)","=IFERROR(INDEX('Macro inputs.xlsx'!FuelMult_JCIMS,MATCH($C15&$D15&$J15,'Macro inputs.xlsx'!FuelMult_JCIMS_Index,0),MATCH(O$2,$M$2:$W$2,0)),1)","=IFERROR(INDEX('Macro inputs.xlsx'!FuelMult_JCIMS,MATCH($C15&$D15&$J15,'Macro inputs.xlsx'!FuelMult_JCIMS_Index,0),MATCH(P$2,$M$2:$W$2,0)),1)","=IFERROR(INDEX('Macro inputs.xlsx'!FuelMult_JCIMS,MATCH($C15&$D15&$J15,'Macro inputs.xlsx'!FuelMult_JCIMS_Index,0),MATCH(Q$2,$M$2:$W$2,0)),1)","=IFERROR(INDEX('Macro inputs.xlsx'!FuelMult_JCIMS,MATCH($C15&$D15&$J15,'Macro inputs.xlsx'!FuelMult_JCIMS_Index,0),MATCH(R$2,$M$2:$W$2,0)),1)","=IFERROR(INDEX('Macro inputs.xlsx'!FuelMult_JCIMS,MATCH($C15&$D15&$J15,'Macro inputs.xlsx'!FuelMult_JCIMS_Index,0),MATCH(S$2,$M$2:$W$2,0)),1)","=IFERROR(INDEX('Macro inputs.xlsx'!FuelMult_JCIMS,MATCH($C15&$D15&$J15,'Macro inputs.xlsx'!FuelMult_JCIMS_Index,0),MATCH(T$2,$M$2:$W$2,0)),1)","=IFERROR(INDEX('Macro inputs.xlsx'!FuelMult_JCIMS,MATCH($C15&$D15&$J15,'Macro inputs.xlsx'!FuelMult_JCIMS_Index,0),MATCH(U$2,$M$2:$W$2,0)),1)","=IFERROR(INDEX('Macro inputs.xlsx'!FuelMult_JCIMS,MATCH($C15&$D15&$J15,'Macro inputs.xlsx'!FuelMult_JCIMS_Index,0),MATCH(V$2,$M$2:$W$2,0)),1)","=IFERROR(INDEX('Macro inputs.xlsx'!FuelMult_JCIMS,MATCH($C15&$D15&$J15,'Macro inputs.xlsx'!FuelMult_JCIMS_Index,0),MATCH(W$2,$M$2:$W$2,0)),1)",
CIMS.CAN.BC.Ethanol,Sector,BC,Ethanol,,,Price multiplier,,,CIMS.CAN.BC.Hydrogen,JCIMS,,"=IFERROR(INDEX('Macro inputs.xlsx'!FuelMult_JCIMS,MATCH($C16&$D16&$J16,'Macro inputs.xlsx'!FuelMult_JCIMS_Index,0),MATCH(M$2,$M$2:$W$2,0)),1)","=IFERROR(INDEX('Macro inputs.xlsx'!FuelMult_JCIMS,MATCH($C16&$D16&$J16,'Macro inputs.xlsx'!FuelMult_JCIMS_Index,0),MATCH(N$2,$M$2:$W$2,0)),1)","=IFERROR(INDEX('Macro inputs.xlsx'!FuelMult_JCIMS,MATCH($C16&$D16&$J16,'Macro inputs.xlsx'!FuelMult_JCIMS_Index,0),MATCH(O$2,$M$2:$W$2,0)),1)","=IFERROR(INDEX('Macro inputs.xlsx'!FuelMult_JCIMS,MATCH($C16&$D16&$J16,'Macro inputs.xlsx'!FuelMult_JCIMS_Index,0),MATCH(P$2,$M$2:$W$2,0)),1)","=IFERROR(INDEX('Macro inputs.xlsx'!FuelMult_JCIMS,MATCH($C16&$D16&$J16,'Macro inputs.xlsx'!FuelMult_JCIMS_Index,0),MATCH(Q$2,$M$2:$W$2,0)),1)","=IFERROR(INDEX('Macro inputs.xlsx'!FuelMult_JCIMS,MATCH($C16&$D16&$J16,'Macro inputs.xlsx'!FuelMult_JCIMS_Index,0),MATCH(R$2,$M$2:$W$2,0)),1)","=IFERROR(INDEX('Macro inputs.xlsx'!FuelMult_JCIMS,MATCH($C16&$D16&$J16,'Macro inputs.xlsx'!FuelMult_JCIMS_Index,0),MATCH(S$2,$M$2:$W$2,0)),1)","=IFERROR(INDEX('Macro inputs.xlsx'!FuelMult_JCIMS,MATCH($C16&$D16&$J16,'Macro inputs.xlsx'!FuelMult_JCIMS_Index,0),MATCH(T$2,$M$2:$W$2,0)),1)","=IFERROR(INDEX('Macro inputs.xlsx'!FuelMult_JCIMS,MATCH($C16&$D16&$J16,'Macro inputs.xlsx'!FuelMult_JCIMS_Index,0),MATCH(U$2,$M$2:$W$2,0)),1)","=IFERROR(INDEX('Macro inputs.xlsx'!FuelMult_JCIMS,MATCH($C16&$D16&$J16,'Macro inputs.xlsx'!FuelMult_JCIMS_Index,0),MATCH(V$2,$M$2:$W$2,0)),1)","=IFERROR(INDEX('Macro inputs.xlsx'!FuelMult_JCIMS,MATCH($C16&$D16&$J16,'Macro inputs.xlsx'!FuelMult_JCIMS_Index,0),MATCH(W$2,$M$2:$W$2,0)),1)",
CIMS.CAN.BC.Ethanol,Sector,BC,Ethanol,,,Price multiplier,,,CIMS.Generic Fuels.Jet Fuel,JCIMS,,"=IFERROR(INDEX('Macro inputs.xlsx'!FuelMult_JCIMS,MATCH($C17&$D17&$J17,'Macro inputs.xlsx'!FuelMult_JCIMS_Index,0),MATCH(M$2,$M$2:$W$2,0)),1)","=IFERROR(INDEX('Macro inputs.xlsx'!FuelMult_JCIMS,MATCH($C17&$D17&$J17,'Macro inputs.xlsx'!FuelMult_JCIMS_Index,0),MATCH(N$2,$M$2:$W$2,0)),1)","=IFERROR(INDEX('Macro inputs.xlsx'!FuelMult_JCIMS,MATCH($C17&$D17&$J17,'Macro inputs.xlsx'!FuelMult_JCIMS_Index,0),MATCH(O$2,$M$2:$W$2,0)),1)","=IFERROR(INDEX('Macro inputs.xlsx'!FuelMult_JCIMS,MATCH($C17&$D17&$J17,'Macro inputs.xlsx'!FuelMult_JCIMS_Index,0),MATCH(P$2,$M$2:$W$2,0)),1)","=IFERROR(INDEX('Macro inputs.xlsx'!FuelMult_JCIMS,MATCH($C17&$D17&$J17,'Macro inputs.xlsx'!FuelMult_JCIMS_Index,0),MATCH(Q$2,$M$2:$W$2,0)),1)","=IFERROR(INDEX('Macro inputs.xlsx'!FuelMult_JCIMS,MATCH($C17&$D17&$J17,'Macro inputs.xlsx'!FuelMult_JCIMS_Index,0),MATCH(R$2,$M$2:$W$2,0)),1)","=IFERROR(INDEX('Macro inputs.xlsx'!FuelMult_JCIMS,MATCH($C17&$D17&$J17,'Macro inputs.xlsx'!FuelMult_JCIMS_Index,0),MATCH(S$2,$M$2:$W$2,0)),1)","=IFERROR(INDEX('Macro inputs.xlsx'!FuelMult_JCIMS,MATCH($C17&$D17&$J17,'Macro inputs.xlsx'!FuelMult_JCIMS_Index,0),MATCH(T$2,$M$2:$W$2,0)),1)","=IFERROR(INDEX('Macro inputs.xlsx'!FuelMult_JCIMS,MATCH($C17&$D17&$J17,'Macro inputs.xlsx'!FuelMult_JCIMS_Index,0),MATCH(U$2,$M$2:$W$2,0)),1)","=IFERROR(INDEX('Macro inputs.xlsx'!FuelMult_JCIMS,MATCH($C17&$D17&$J17,'Macro inputs.xlsx'!FuelMult_JCIMS_Index,0),MATCH(V$2,$M$2:$W$2,0)),1)","=IFERROR(INDEX('Macro inputs.xlsx'!FuelMult_JCIMS,MATCH($C17&$D17&$J17,'Macro inputs.xlsx'!FuelMult_JCIMS_Index,0),MATCH(W$2,$M$2:$W$2,0)),1)",
CIMS.CAN.BC.Ethanol,Sector,BC,Ethanol,,,Price multiplier,,,CIMS.Generic Fuels.LPG,JCIMS,,"=IFERROR(INDEX('Macro inputs.xlsx'!FuelMult_JCIMS,MATCH($C18&$D18&$J18,'Macro inputs.xlsx'!FuelMult_JCIMS_Index,0),MATCH(M$2,$M$2:$W$2,0)),1)","=IFERROR(INDEX('Macro inputs.xlsx'!FuelMult_JCIMS,MATCH($C18&$D18&$J18,'Macro inputs.xlsx'!FuelMult_JCIMS_Index,0),MATCH(N$2,$M$2:$W$2,0)),1)","=IFERROR(INDEX('Macro inputs.xlsx'!FuelMult_JCIMS,MATCH($C18&$D18&$J18,'Macro inputs.xlsx'!FuelMult_JCIMS_Index,0),MATCH(O$2,$M$2:$W$2,0)),1)","=IFERROR(INDEX('Macro inputs.xlsx'!FuelMult_JCIMS,MATCH($C18&$D18&$J18,'Macro inputs.xlsx'!FuelMult_JCIMS_Index,0),MATCH(P$2,$M$2:$W$2,0)),1)","=IFERROR(INDEX('Macro inputs.xlsx'!FuelMult_JCIMS,MATCH($C18&$D18&$J18,'Macro inputs.xlsx'!FuelMult_JCIMS_Index,0),MATCH(Q$2,$M$2:$W$2,0)),1)","=IFERROR(INDEX('Macro inputs.xlsx'!FuelMult_JCIMS,MATCH($C18&$D18&$J18,'Macro inputs.xlsx'!FuelMult_JCIMS_Index,0),MATCH(R$2,$M$2:$W$2,0)),1)","=IFERROR(INDEX('Macro inputs.xlsx'!FuelMult_JCIMS,MATCH($C18&$D18&$J18,'Macro inputs.xlsx'!FuelMult_JCIMS_Index,0),MATCH(S$2,$M$2:$W$2,0)),1)","=IFERROR(INDEX('Macro inputs.xlsx'!FuelMult_JCIMS,MATCH($C18&$D18&$J18,'Macro inputs.xlsx'!FuelMult_JCIMS_Index,0),MATCH(T$2,$M$2:$W$2,0)),1)","=IFERROR(INDEX('Macro inputs.xlsx'!FuelMult_JCIMS,MATCH($C18&$D18&$J18,'Macro inputs.xlsx'!FuelMult_JCIMS_Index,0),MATCH(U$2,$M$2:$W$2,0)),1)","=IFERROR(INDEX('Macro inputs.xlsx'!FuelMult_JCIMS,MATCH($C18&$D18&$J18,'Macro inputs.xlsx'!FuelMult_JCIMS_Index,0),MATCH(V$2,$M$2:$W$2,0)),1)","=IFERROR(INDEX('Macro inputs.xlsx'!FuelMult_JCIMS,MATCH($C18&$D18&$J18,'Macro inputs.xlsx'!FuelMult_JCIMS_Index,0),MATCH(W$2,$M$2:$W$2,0)),1)",
CIMS.CAN.BC.Ethanol,Sector,BC,Ethanol,,,Price multiplier,,,CIMS.Generic Fuels.Natural Gas,CER,,"=INDEX('Macro inputs.xlsx'!CER_prices,MATCH($C19&INDEX('Macro inputs.xlsx'!sector_CER,MATCH($D19,'Macro inputs.xlsx'!sector_CIMS,0))&$J19,'Macro inputs.xlsx'!CER_prices_index,0),MATCH(M$2,'Macro inputs.xlsx'!CER_year,0))/ROUND(INDEX('[Macro inputs.xlsx]Prices'!K$29:K$210,MATCH(""CAN""&""Industrial""&$J19,'[Macro inputs.xlsx]Prices'!$CJ$29:$CJ$210,0)),2)","=INDEX('Macro inputs.xlsx'!CER_prices,MATCH($C19&INDEX('Macro inputs.xlsx'!sector_CER,MATCH($D19,'Macro inputs.xlsx'!sector_CIMS,0))&$J19,'Macro inputs.xlsx'!CER_prices_index,0),MATCH(N$2,'Macro inputs.xlsx'!CER_year,0))/ROUND(INDEX('[Macro inputs.xlsx]Prices'!L$29:L$210,MATCH(""CAN""&""Industrial""&$J19,'[Macro inputs.xlsx]Prices'!$CJ$29:$CJ$210,0)),2)","=INDEX('Macro inputs.xlsx'!CER_prices,MATCH($C19&INDEX('Macro inputs.xlsx'!sector_CER,MATCH($D19,'Macro inputs.xlsx'!sector_CIMS,0))&$J19,'Macro inputs.xlsx'!CER_prices_index,0),MATCH(O$2,'Macro inputs.xlsx'!CER_year,0))/ROUND(INDEX('[Macro inputs.xlsx]Prices'!M$29:M$210,MATCH(""CAN""&""Industrial""&$J19,'[Macro inputs.xlsx]Prices'!$CJ$29:$CJ$210,0)),2)","=INDEX('Macro inputs.xlsx'!CER_prices,MATCH($C19&INDEX('Macro inputs.xlsx'!sector_CER,MATCH($D19,'Macro inputs.xlsx'!sector_CIMS,0))&$J19,'Macro inputs.xlsx'!CER_prices_index,0),MATCH(P$2,'Macro inputs.xlsx'!CER_year,0))/ROUND(INDEX('[Macro inputs.xlsx]Prices'!N$29:N$210,MATCH(""CAN""&""Industrial""&$J19,'[Macro inputs.xlsx]Prices'!$CJ$29:$CJ$210,0)),2)","=INDEX('Macro inputs.xlsx'!CER_prices,MATCH($C19&INDEX('Macro inputs.xlsx'!sector_CER,MATCH($D19,'Macro inputs.xlsx'!sector_CIMS,0))&$J19,'Macro inputs.xlsx'!CER_prices_index,0),MATCH(Q$2,'Macro inputs.xlsx'!CER_year,0))/ROUND(INDEX('[Macro inputs.xlsx]Prices'!O$29:O$210,MATCH(""CAN""&""Industrial""&$J19,'[Macro inputs.xlsx]Prices'!$CJ$29:$CJ$210,0)),2)","=INDEX('Macro inputs.xlsx'!CER_prices,MATCH($C19&INDEX('Macro inputs.xlsx'!sector_CER,MATCH($D19,'Macro inputs.xlsx'!sector_CIMS,0))&$J19,'Macro inputs.xlsx'!CER_prices_index,0),MATCH(R$2,'Macro inputs.xlsx'!CER_year,0))/ROUND(INDEX('[Macro inputs.xlsx]Prices'!P$29:P$210,MATCH(""CAN""&""Industrial""&$J19,'[Macro inputs.xlsx]Prices'!$CJ$29:$CJ$210,0)),2)","=INDEX('Macro inputs.xlsx'!CER_prices,MATCH($C19&INDEX('Macro inputs.xlsx'!sector_CER,MATCH($D19,'Macro inputs.xlsx'!sector_CIMS,0))&$J19,'Macro inputs.xlsx'!CER_prices_index,0),MATCH(S$2,'Macro inputs.xlsx'!CER_year,0))/ROUND(INDEX('[Macro inputs.xlsx]Prices'!Q$29:Q$210,MATCH(""CAN""&""Industrial""&$J19,'[Macro inputs.xlsx]Prices'!$CJ$29:$CJ$210,0)),2)","=INDEX('Macro inputs.xlsx'!CER_prices,MATCH($C19&INDEX('Macro inputs.xlsx'!sector_CER,MATCH($D19,'Macro inputs.xlsx'!sector_CIMS,0))&$J19,'Macro inputs.xlsx'!CER_prices_index,0),MATCH(T$2,'Macro inputs.xlsx'!CER_year,0))/ROUND(INDEX('[Macro inputs.xlsx]Prices'!R$29:R$210,MATCH(""CAN""&""Industrial""&$J19,'[Macro inputs.xlsx]Prices'!$CJ$29:$CJ$210,0)),2)","=INDEX('Macro inputs.xlsx'!CER_prices,MATCH($C19&INDEX('Macro inputs.xlsx'!sector_CER,MATCH($D19,'Macro inputs.xlsx'!sector_CIMS,0))&$J19,'Macro inputs.xlsx'!CER_prices_index,0),MATCH(U$2,'Macro inputs.xlsx'!CER_year,0))/ROUND(INDEX('[Macro inputs.xlsx]Prices'!S$29:S$210,MATCH(""CAN""&""Industrial""&$J19,'[Macro inputs.xlsx]Prices'!$CJ$29:$CJ$210,0)),2)","=INDEX('Macro inputs.xlsx'!CER_prices,MATCH($C19&INDEX('Macro inputs.xlsx'!sector_CER,MATCH($D19,'Macro inputs.xlsx'!sector_CIMS,0))&$J19,'Macro inputs.xlsx'!CER_prices_index,0),MATCH(V$2,'Macro inputs.xlsx'!CER_year,0))/ROUND(INDEX('[Macro inputs.xlsx]Prices'!T$29:T$210,MATCH(""CAN""&""Industrial""&$J19,'[Macro inputs.xlsx]Prices'!$CJ$29:$CJ$210,0)),2)","=INDEX('Macro inputs.xlsx'!CER_prices,MATCH($C19&INDEX('Macro inputs.xlsx'!sector_CER,MATCH($D19,'Macro inputs.xlsx'!sector_CIMS,0))&$J19,'Macro inputs.xlsx'!CER_prices_index,0),MATCH(W$2,'Macro inputs.xlsx'!CER_year,0))/ROUND(INDEX('[Macro inputs.xlsx]Prices'!U$29:U$210,MATCH(""CAN""&""Industrial""&$J19,'[Macro inputs.xlsx]Prices'!$CJ$29:$CJ$210,0)),2)",
CIMS.CAN.BC.Ethanol,Sector,BC,Ethanol,,,Price multiplier,,,CIMS.Generic Fuels.Petroleum Coke,JCIMS,,"=IFERROR(INDEX('Macro inputs.xlsx'!FuelMult_JCIMS,MATCH($C20&$D20&$J20,'Macro inputs.xlsx'!FuelMult_JCIMS_Index,0),MATCH(M$2,$M$2:$W$2,0)),1)","=IFERROR(INDEX('Macro inputs.xlsx'!FuelMult_JCIMS,MATCH($C20&$D20&$J20,'Macro inputs.xlsx'!FuelMult_JCIMS_Index,0),MATCH(N$2,$M$2:$W$2,0)),1)","=IFERROR(INDEX('Macro inputs.xlsx'!FuelMult_JCIMS,MATCH($C20&$D20&$J20,'Macro inputs.xlsx'!FuelMult_JCIMS_Index,0),MATCH(O$2,$M$2:$W$2,0)),1)","=IFERROR(INDEX('Macro inputs.xlsx'!FuelMult_JCIMS,MATCH($C20&$D20&$J20,'Macro inputs.xlsx'!FuelMult_JCIMS_Index,0),MATCH(P$2,$M$2:$W$2,0)),1)","=IFERROR(INDEX('Macro inputs.xlsx'!FuelMult_JCIMS,MATCH($C20&$D20&$J20,'Macro inputs.xlsx'!FuelMult_JCIMS_Index,0),MATCH(Q$2,$M$2:$W$2,0)),1)","=IFERROR(INDEX('Macro inputs.xlsx'!FuelMult_JCIMS,MATCH($C20&$D20&$J20,'Macro inputs.xlsx'!FuelMult_JCIMS_Index,0),MATCH(R$2,$M$2:$W$2,0)),1)","=IFERROR(INDEX('Macro inputs.xlsx'!FuelMult_JCIMS,MATCH($C20&$D20&$J20,'Macro inputs.xlsx'!FuelMult_JCIMS_Index,0),MATCH(S$2,$M$2:$W$2,0)),1)","=IFERROR(INDEX('Macro inputs.xlsx'!FuelMult_JCIMS,MATCH($C20&$D20&$J20,'Macro inputs.xlsx'!FuelMult_JCIMS_Index,0),MATCH(T$2,$M$2:$W$2,0)),1)","=IFERROR(INDEX('Macro inputs.xlsx'!FuelMult_JCIMS,MATCH($C20&$D20&$J20,'Macro inputs.xlsx'!FuelMult_JCIMS_Index,0),MATCH(U$2,$M$2:$W$2,0)),1)","=IFERROR(INDEX('Macro inputs.xlsx'!FuelMult_JCIMS,MATCH($C20&$D20&$J20,'Macro inputs.xlsx'!FuelMult_JCIMS_Index,0),MATCH(V$2,$M$2:$W$2,0)),1)","=IFERROR(INDEX('Macro inputs.xlsx'!FuelMult_JCIMS,MATCH($C20&$D20&$J20,'Macro inputs.xlsx'!FuelMult_JCIMS_Index,0),MATCH(W$2,$M$2:$W$2,0)),1)",
CIMS.CAN.BC.Ethanol,Sector,BC,Ethanol,,,Price multiplier,,,CIMS.Generic Fuels.Propane,JCIMS,,"=IFERROR(INDEX('Macro inputs.xlsx'!FuelMult_JCIMS,MATCH($C21&$D21&$J21,'Macro inputs.xlsx'!FuelMult_JCIMS_Index,0),MATCH(M$2,$M$2:$W$2,0)),1)","=IFERROR(INDEX('Macro inputs.xlsx'!FuelMult_JCIMS,MATCH($C21&$D21&$J21,'Macro inputs.xlsx'!FuelMult_JCIMS_Index,0),MATCH(N$2,$M$2:$W$2,0)),1)","=IFERROR(INDEX('Macro inputs.xlsx'!FuelMult_JCIMS,MATCH($C21&$D21&$J21,'Macro inputs.xlsx'!FuelMult_JCIMS_Index,0),MATCH(O$2,$M$2:$W$2,0)),1)","=IFERROR(INDEX('Macro inputs.xlsx'!FuelMult_JCIMS,MATCH($C21&$D21&$J21,'Macro inputs.xlsx'!FuelMult_JCIMS_Index,0),MATCH(P$2,$M$2:$W$2,0)),1)","=IFERROR(INDEX('Macro inputs.xlsx'!FuelMult_JCIMS,MATCH($C21&$D21&$J21,'Macro inputs.xlsx'!FuelMult_JCIMS_Index,0),MATCH(Q$2,$M$2:$W$2,0)),1)","=IFERROR(INDEX('Macro inputs.xlsx'!FuelMult_JCIMS,MATCH($C21&$D21&$J21,'Macro inputs.xlsx'!FuelMult_JCIMS_Index,0),MATCH(R$2,$M$2:$W$2,0)),1)","=IFERROR(INDEX('Macro inputs.xlsx'!FuelMult_JCIMS,MATCH($C21&$D21&$J21,'Macro inputs.xlsx'!FuelMult_JCIMS_Index,0),MATCH(S$2,$M$2:$W$2,0)),1)","=IFERROR(INDEX('Macro inputs.xlsx'!FuelMult_JCIMS,MATCH($C21&$D21&$J21,'Macro inputs.xlsx'!FuelMult_JCIMS_Index,0),MATCH(T$2,$M$2:$W$2,0)),1)","=IFERROR(INDEX('Macro inputs.xlsx'!FuelMult_JCIMS,MATCH($C21&$D21&$J21,'Macro inputs.xlsx'!FuelMult_JCIMS_Index,0),MATCH(U$2,$M$2:$W$2,0)),1)","=IFERROR(INDEX('Macro inputs.xlsx'!FuelMult_JCIMS,MATCH($C21&$D21&$J21,'Macro inputs.xlsx'!FuelMult_JCIMS_Index,0),MATCH(V$2,$M$2:$W$2,0)),1)","=IFERROR(INDEX('Macro inputs.xlsx'!FuelMult_JCIMS,MATCH($C21&$D21&$J21,'Macro inputs.xlsx'!FuelMult_JCIMS_Index,0),MATCH(W$2,$M$2:$W$2,0)),1)",
CIMS.CAN.BC.Ethanol,Sector,BC,Ethanol,,,Price multiplier,,,CIMS.Generic Fuels.Refinery Fuel Gas,JCIMS,,"=IFERROR(INDEX('Macro inputs.xlsx'!FuelMult_JCIMS,MATCH($C22&$D22&$J22,'Macro inputs.xlsx'!FuelMult_JCIMS_Index,0),MATCH(M$2,$M$2:$W$2,0)),1)","=IFERROR(INDEX('Macro inputs.xlsx'!FuelMult_JCIMS,MATCH($C22&$D22&$J22,'Macro inputs.xlsx'!FuelMult_JCIMS_Index,0),MATCH(N$2,$M$2:$W$2,0)),1)","=IFERROR(INDEX('Macro inputs.xlsx'!FuelMult_JCIMS,MATCH($C22&$D22&$J22,'Macro inputs.xlsx'!FuelMult_JCIMS_Index,0),MATCH(O$2,$M$2:$W$2,0)),1)","=IFERROR(INDEX('Macro inputs.xlsx'!FuelMult_JCIMS,MATCH($C22&$D22&$J22,'Macro inputs.xlsx'!FuelMult_JCIMS_Index,0),MATCH(P$2,$M$2:$W$2,0)),1)","=IFERROR(INDEX('Macro inputs.xlsx'!FuelMult_JCIMS,MATCH($C22&$D22&$J22,'Macro inputs.xlsx'!FuelMult_JCIMS_Index,0),MATCH(Q$2,$M$2:$W$2,0)),1)","=IFERROR(INDEX('Macro inputs.xlsx'!FuelMult_JCIMS,MATCH($C22&$D22&$J22,'Macro inputs.xlsx'!FuelMult_JCIMS_Index,0),MATCH(R$2,$M$2:$W$2,0)),1)","=IFERROR(INDEX('Macro inputs.xlsx'!FuelMult_JCIMS,MATCH($C22&$D22&$J22,'Macro inputs.xlsx'!FuelMult_JCIMS_Index,0),MATCH(S$2,$M$2:$W$2,0)),1)","=IFERROR(INDEX('Macro inputs.xlsx'!FuelMult_JCIMS,MATCH($C22&$D22&$J22,'Macro inputs.xlsx'!FuelMult_JCIMS_Index,0),MATCH(T$2,$M$2:$W$2,0)),1)","=IFERROR(INDEX('Macro inputs.xlsx'!FuelMult_JCIMS,MATCH($C22&$D22&$J22,'Macro inputs.xlsx'!FuelMult_JCIMS_Index,0),MATCH(U$2,$M$2:$W$2,0)),1)","=IFERROR(INDEX('Macro inputs.xlsx'!FuelMult_JCIMS,MATCH($C22&$D22&$J22,'Macro inputs.xlsx'!FuelMult_JCIMS_Index,0),MATCH(V$2,$M$2:$W$2,0)),1)","=IFERROR(INDEX('Macro inputs.xlsx'!FuelMult_JCIMS,MATCH($C22&$D22&$J22,'Macro inputs.xlsx'!FuelMult_JCIMS_Index,0),MATCH(W$2,$M$2:$W$2,0)),1)",
CIMS.CAN.BC.Ethanol,Sector,BC,Ethanol,,,Price multiplier,,,CIMS.Generic Fuels.Solid Biomass,JCIMS,,"=IFERROR(INDEX('Macro inputs.xlsx'!FuelMult_JCIMS,MATCH($C23&$D23&$J23,'Macro inputs.xlsx'!FuelMult_JCIMS_Index,0),MATCH(M$2,$M$2:$W$2,0)),1)","=IFERROR(INDEX('Macro inputs.xlsx'!FuelMult_JCIMS,MATCH($C23&$D23&$J23,'Macro inputs.xlsx'!FuelMult_JCIMS_Index,0),MATCH(N$2,$M$2:$W$2,0)),1)","=IFERROR(INDEX('Macro inputs.xlsx'!FuelMult_JCIMS,MATCH($C23&$D23&$J23,'Macro inputs.xlsx'!FuelMult_JCIMS_Index,0),MATCH(O$2,$M$2:$W$2,0)),1)","=IFERROR(INDEX('Macro inputs.xlsx'!FuelMult_JCIMS,MATCH($C23&$D23&$J23,'Macro inputs.xlsx'!FuelMult_JCIMS_Index,0),MATCH(P$2,$M$2:$W$2,0)),1)","=IFERROR(INDEX('Macro inputs.xlsx'!FuelMult_JCIMS,MATCH($C23&$D23&$J23,'Macro inputs.xlsx'!FuelMult_JCIMS_Index,0),MATCH(Q$2,$M$2:$W$2,0)),1)","=IFERROR(INDEX('Macro inputs.xlsx'!FuelMult_JCIMS,MATCH($C23&$D23&$J23,'Macro inputs.xlsx'!FuelMult_JCIMS_Index,0),MATCH(R$2,$M$2:$W$2,0)),1)","=IFERROR(INDEX('Macro inputs.xlsx'!FuelMult_JCIMS,MATCH($C23&$D23&$J23,'Macro inputs.xlsx'!FuelMult_JCIMS_Index,0),MATCH(S$2,$M$2:$W$2,0)),1)","=IFERROR(INDEX('Macro inputs.xlsx'!FuelMult_JCIMS,MATCH($C23&$D23&$J23,'Macro inputs.xlsx'!FuelMult_JCIMS_Index,0),MATCH(T$2,$M$2:$W$2,0)),1)","=IFERROR(INDEX('Macro inputs.xlsx'!FuelMult_JCIMS,MATCH($C23&$D23&$J23,'Macro inputs.xlsx'!FuelMult_JCIMS_Index,0),MATCH(U$2,$M$2:$W$2,0)),1)","=IFERROR(INDEX('Macro inputs.xlsx'!FuelMult_JCIMS,MATCH($C23&$D23&$J23,'Macro inputs.xlsx'!FuelMult_JCIMS_Index,0),MATCH(V$2,$M$2:$W$2,0)),1)","=IFERROR(INDEX('Macro inputs.xlsx'!FuelMult_JCIMS,MATCH($C23&$D23&$J23,'Macro inputs.xlsx'!FuelMult_JCIMS_Index,0),MATCH(W$2,$M$2:$W$2,0)),1)",
CIMS.CAN.BC.Ethanol,Sector,BC,Ethanol,,,Price multiplier,,,CIMS.Generic Fuels.Uranium,JCIMS,,"=IFERROR(INDEX('Macro inputs.xlsx'!FuelMult_JCIMS,MATCH($C24&$D24&$J24,'Macro inputs.xlsx'!FuelMult_JCIMS_Index,0),MATCH(M$2,$M$2:$W$2,0)),1)","=IFERROR(INDEX('Macro inputs.xlsx'!FuelMult_JCIMS,MATCH($C24&$D24&$J24,'Macro inputs.xlsx'!FuelMult_JCIMS_Index,0),MATCH(N$2,$M$2:$W$2,0)),1)","=IFERROR(INDEX('Macro inputs.xlsx'!FuelMult_JCIMS,MATCH($C24&$D24&$J24,'Macro inputs.xlsx'!FuelMult_JCIMS_Index,0),MATCH(O$2,$M$2:$W$2,0)),1)","=IFERROR(INDEX('Macro inputs.xlsx'!FuelMult_JCIMS,MATCH($C24&$D24&$J24,'Macro inputs.xlsx'!FuelMult_JCIMS_Index,0),MATCH(P$2,$M$2:$W$2,0)),1)","=IFERROR(INDEX('Macro inputs.xlsx'!FuelMult_JCIMS,MATCH($C24&$D24&$J24,'Macro inputs.xlsx'!FuelMult_JCIMS_Index,0),MATCH(Q$2,$M$2:$W$2,0)),1)","=IFERROR(INDEX('Macro inputs.xlsx'!FuelMult_JCIMS,MATCH($C24&$D24&$J24,'Macro inputs.xlsx'!FuelMult_JCIMS_Index,0),MATCH(R$2,$M$2:$W$2,0)),1)","=IFERROR(INDEX('Macro inputs.xlsx'!FuelMult_JCIMS,MATCH($C24&$D24&$J24,'Macro inputs.xlsx'!FuelMult_JCIMS_Index,0),MATCH(S$2,$M$2:$W$2,0)),1)","=IFERROR(INDEX('Macro inputs.xlsx'!FuelMult_JCIMS,MATCH($C24&$D24&$J24,'Macro inputs.xlsx'!FuelMult_JCIMS_Index,0),MATCH(T$2,$M$2:$W$2,0)),1)","=IFERROR(INDEX('Macro inputs.xlsx'!FuelMult_JCIMS,MATCH($C24&$D24&$J24,'Macro inputs.xlsx'!FuelMult_JCIMS_Index,0),MATCH(U$2,$M$2:$W$2,0)),1)","=IFERROR(INDEX('Macro inputs.xlsx'!FuelMult_JCIMS,MATCH($C24&$D24&$J24,'Macro inputs.xlsx'!FuelMult_JCIMS_Index,0),MATCH(V$2,$M$2:$W$2,0)),1)","=IFERROR(INDEX('Macro inputs.xlsx'!FuelMult_JCIMS,MATCH($C24&$D24&$J24,'Macro inputs.xlsx'!FuelMult_JCIMS_Index,0),MATCH(W$2,$M$2:$W$2,0)),1)",
CIMS.CAN.BC.Ethanol,Sector,BC,Ethanol,,,Price multiplier,,,CIMS.Generic Fuels.Waste Fuel,JCIMS,,"=IFERROR(INDEX('Macro inputs.xlsx'!FuelMult_JCIMS,MATCH($C25&$D25&$J25,'Macro inputs.xlsx'!FuelMult_JCIMS_Index,0),MATCH(M$2,$M$2:$W$2,0)),1)","=IFERROR(INDEX('Macro inputs.xlsx'!FuelMult_JCIMS,MATCH($C25&$D25&$J25,'Macro inputs.xlsx'!FuelMult_JCIMS_Index,0),MATCH(N$2,$M$2:$W$2,0)),1)","=IFERROR(INDEX('Macro inputs.xlsx'!FuelMult_JCIMS,MATCH($C25&$D25&$J25,'Macro inputs.xlsx'!FuelMult_JCIMS_Index,0),MATCH(O$2,$M$2:$W$2,0)),1)","=IFERROR(INDEX('Macro inputs.xlsx'!FuelMult_JCIMS,MATCH($C25&$D25&$J25,'Macro inputs.xlsx'!FuelMult_JCIMS_Index,0),MATCH(P$2,$M$2:$W$2,0)),1)","=IFERROR(INDEX('Macro inputs.xlsx'!FuelMult_JCIMS,MATCH($C25&$D25&$J25,'Macro inputs.xlsx'!FuelMult_JCIMS_Index,0),MATCH(Q$2,$M$2:$W$2,0)),1)","=IFERROR(INDEX('Macro inputs.xlsx'!FuelMult_JCIMS,MATCH($C25&$D25&$J25,'Macro inputs.xlsx'!FuelMult_JCIMS_Index,0),MATCH(R$2,$M$2:$W$2,0)),1)","=IFERROR(INDEX('Macro inputs.xlsx'!FuelMult_JCIMS,MATCH($C25&$D25&$J25,'Macro inputs.xlsx'!FuelMult_JCIMS_Index,0),MATCH(S$2,$M$2:$W$2,0)),1)","=IFERROR(INDEX('Macro inputs.xlsx'!FuelMult_JCIMS,MATCH($C25&$D25&$J25,'Macro inputs.xlsx'!FuelMult_JCIMS_Index,0),MATCH(T$2,$M$2:$W$2,0)),1)","=IFERROR(INDEX('Macro inputs.xlsx'!FuelMult_JCIMS,MATCH($C25&$D25&$J25,'Macro inputs.xlsx'!FuelMult_JCIMS_Index,0),MATCH(U$2,$M$2:$W$2,0)),1)","=IFERROR(INDEX('Macro inputs.xlsx'!FuelMult_JCIMS,MATCH($C25&$D25&$J25,'Macro inputs.xlsx'!FuelMult_JCIMS_Index,0),MATCH(V$2,$M$2:$W$2,0)),1)","=IFERROR(INDEX('Macro inputs.xlsx'!FuelMult_JCIMS,MATCH($C25&$D25&$J25,'Macro inputs.xlsx'!FuelMult_JCIMS_Index,0),MATCH(W$2,$M$2:$W$2,0)),1)",
CIMS.CAN.BC.Ethanol,Sector,BC,Ethanol,,,Emissions_biomass,CO2,Combustion,,,tCO2,"=INDEX('[Macro inputs.xlsx]Coefficients'!$G$60:$BO$79,MATCH($D26,'[Macro inputs.xlsx]Coefficients'!$B$60:$B$79,0),MATCH(M$2,'[Macro inputs.xlsx]Coefficients'!$G$1:$BO$1,0))/INDEX('[Macro inputs.xlsx]Coefficients'!$G$29:$BO$48,MATCH($D26,'[Macro inputs.xlsx]Coefficients'!$B$29:$B$48,0),MATCH(M$2,'[Macro inputs.xlsx]Coefficients'!$G$1:$BO$1,0))","=INDEX('[Macro inputs.xlsx]Coefficients'!$G$60:$BO$79,MATCH($D26,'[Macro inputs.xlsx]Coefficients'!$B$60:$B$79,0),MATCH(N$2,'[Macro inputs.xlsx]Coefficients'!$G$1:$BO$1,0))/INDEX('[Macro inputs.xlsx]Coefficients'!$G$29:$BO$48,MATCH($D26,'[Macro inputs.xlsx]Coefficients'!$B$29:$B$48,0),MATCH(N$2,'[Macro inputs.xlsx]Coefficients'!$G$1:$BO$1,0))","=INDEX('[Macro inputs.xlsx]Coefficients'!$G$60:$BO$79,MATCH($D26,'[Macro inputs.xlsx]Coefficients'!$B$60:$B$79,0),MATCH(O$2,'[Macro inputs.xlsx]Coefficients'!$G$1:$BO$1,0))/INDEX('[Macro inputs.xlsx]Coefficients'!$G$29:$BO$48,MATCH($D26,'[Macro inputs.xlsx]Coefficients'!$B$29:$B$48,0),MATCH(O$2,'[Macro inputs.xlsx]Coefficients'!$G$1:$BO$1,0))","=INDEX('[Macro inputs.xlsx]Coefficients'!$G$60:$BO$79,MATCH($D26,'[Macro inputs.xlsx]Coefficients'!$B$60:$B$79,0),MATCH(P$2,'[Macro inputs.xlsx]Coefficients'!$G$1:$BO$1,0))/INDEX('[Macro inputs.xlsx]Coefficients'!$G$29:$BO$48,MATCH($D26,'[Macro inputs.xlsx]Coefficients'!$B$29:$B$48,0),MATCH(P$2,'[Macro inputs.xlsx]Coefficients'!$G$1:$BO$1,0))","=INDEX('[Macro inputs.xlsx]Coefficients'!$G$60:$BO$79,MATCH($D26,'[Macro inputs.xlsx]Coefficients'!$B$60:$B$79,0),MATCH(Q$2,'[Macro inputs.xlsx]Coefficients'!$G$1:$BO$1,0))/INDEX('[Macro inputs.xlsx]Coefficients'!$G$29:$BO$48,MATCH($D26,'[Macro inputs.xlsx]Coefficients'!$B$29:$B$48,0),MATCH(Q$2,'[Macro inputs.xlsx]Coefficients'!$G$1:$BO$1,0))","=INDEX('[Macro inputs.xlsx]Coefficients'!$G$60:$BO$79,MATCH($D26,'[Macro inputs.xlsx]Coefficients'!$B$60:$B$79,0),MATCH(R$2,'[Macro inputs.xlsx]Coefficients'!$G$1:$BO$1,0))/INDEX('[Macro inputs.xlsx]Coefficients'!$G$29:$BO$48,MATCH($D26,'[Macro inputs.xlsx]Coefficients'!$B$29:$B$48,0),MATCH(R$2,'[Macro inputs.xlsx]Coefficients'!$G$1:$BO$1,0))","=INDEX('[Macro inputs.xlsx]Coefficients'!$G$60:$BO$79,MATCH($D26,'[Macro inputs.xlsx]Coefficients'!$B$60:$B$79,0),MATCH(S$2,'[Macro inputs.xlsx]Coefficients'!$G$1:$BO$1,0))/INDEX('[Macro inputs.xlsx]Coefficients'!$G$29:$BO$48,MATCH($D26,'[Macro inputs.xlsx]Coefficients'!$B$29:$B$48,0),MATCH(S$2,'[Macro inputs.xlsx]Coefficients'!$G$1:$BO$1,0))","=INDEX('[Macro inputs.xlsx]Coefficients'!$G$60:$BO$79,MATCH($D26,'[Macro inputs.xlsx]Coefficients'!$B$60:$B$79,0),MATCH(T$2,'[Macro inputs.xlsx]Coefficients'!$G$1:$BO$1,0))/INDEX('[Macro inputs.xlsx]Coefficients'!$G$29:$BO$48,MATCH($D26,'[Macro inputs.xlsx]Coefficients'!$B$29:$B$48,0),MATCH(T$2,'[Macro inputs.xlsx]Coefficients'!$G$1:$BO$1,0))","=INDEX('[Macro inputs.xlsx]Coefficients'!$G$60:$BO$79,MATCH($D26,'[Macro inputs.xlsx]Coefficients'!$B$60:$B$79,0),MATCH(U$2,'[Macro inputs.xlsx]Coefficients'!$G$1:$BO$1,0))/INDEX('[Macro inputs.xlsx]Coefficients'!$G$29:$BO$48,MATCH($D26,'[Macro inputs.xlsx]Coefficients'!$B$29:$B$48,0),MATCH(U$2,'[Macro inputs.xlsx]Coefficients'!$G$1:$BO$1,0))","=INDEX('[Macro inputs.xlsx]Coefficients'!$G$60:$BO$79,MATCH($D26,'[Macro inputs.xlsx]Coefficients'!$B$60:$B$79,0),MATCH(V$2,'[Macro inputs.xlsx]Coefficients'!$G$1:$BO$1,0))/INDEX('[Macro inputs.xlsx]Coefficients'!$G$29:$BO$48,MATCH($D26,'[Macro inputs.xlsx]Coefficients'!$B$29:$B$48,0),MATCH(V$2,'[Macro inputs.xlsx]Coefficients'!$G$1:$BO$1,0))","=INDEX('[Macro inputs.xlsx]Coefficients'!$G$60:$BO$79,MATCH($D26,'[Macro inputs.xlsx]Coefficients'!$B$60:$B$79,0),MATCH(W$2,'[Macro inputs.xlsx]Coefficients'!$G$1:$BO$1,0))/INDEX('[Macro inputs.xlsx]Coefficients'!$G$29:$BO$48,MATCH($D26,'[Macro inputs.xlsx]Coefficients'!$B$29:$B$48,0),MATCH(W$2,'[Macro inputs.xlsx]Coefficients'!$G$1:$BO$1,0))",
CIMS.CAN.BC.Ethanol,Sector,BC,Ethanol,,,Emissions,CO2,Combustion,,"ECCC, NIR",tCO2,"=INDEX('[Macro inputs.xlsx]Coefficients'!$G$132:$BO$151,MATCH($D27,'[Macro inputs.xlsx]Coefficients'!$B$132:$B$151,0),MATCH(M$2,'[Macro inputs.xlsx]Coefficients'!$G$1:$BO$1,0))","=INDEX('[Macro inputs.xlsx]Coefficients'!$G$132:$BO$151,MATCH($D27,'[Macro inputs.xlsx]Coefficients'!$B$132:$B$151,0),MATCH(N$2,'[Macro inputs.xlsx]Coefficients'!$G$1:$BO$1,0))","=INDEX('[Macro inputs.xlsx]Coefficients'!$G$132:$BO$151,MATCH($D27,'[Macro inputs.xlsx]Coefficients'!$B$132:$B$151,0),MATCH(O$2,'[Macro inputs.xlsx]Coefficients'!$G$1:$BO$1,0))","=INDEX('[Macro inputs.xlsx]Coefficients'!$G$132:$BO$151,MATCH($D27,'[Macro inputs.xlsx]Coefficients'!$B$132:$B$151,0),MATCH(P$2,'[Macro inputs.xlsx]Coefficients'!$G$1:$BO$1,0))","=INDEX('[Macro inputs.xlsx]Coefficients'!$G$132:$BO$151,MATCH($D27,'[Macro inputs.xlsx]Coefficients'!$B$132:$B$151,0),MATCH(Q$2,'[Macro inputs.xlsx]Coefficients'!$G$1:$BO$1,0))","=INDEX('[Macro inputs.xlsx]Coefficients'!$G$132:$BO$151,MATCH($D27,'[Macro inputs.xlsx]Coefficients'!$B$132:$B$151,0),MATCH(R$2,'[Macro inputs.xlsx]Coefficients'!$G$1:$BO$1,0))","=INDEX('[Macro inputs.xlsx]Coefficients'!$G$132:$BO$151,MATCH($D27,'[Macro inputs.xlsx]Coefficients'!$B$132:$B$151,0),MATCH(S$2,'[Macro inputs.xlsx]Coefficients'!$G$1:$BO$1,0))","=INDEX('[Macro inputs.xlsx]Coefficients'!$G$132:$BO$151,MATCH($D27,'[Macro inputs.xlsx]Coefficients'!$B$132:$B$151,0),MATCH(T$2,'[Macro inputs.xlsx]Coefficients'!$G$1:$BO$1,0))","=INDEX('[Macro inputs.xlsx]Coefficients'!$G$132:$BO$151,MATCH($D27,'[Macro inputs.xlsx]Coefficients'!$B$132:$B$151,0),MATCH(U$2,'[Macro inputs.xlsx]Coefficients'!$G$1:$BO$1,0))","=INDEX('[Macro inputs.xlsx]Coefficients'!$G$132:$BO$151,MATCH($D27,'[Macro inputs.xlsx]Coefficients'!$B$132:$B$151,0),MATCH(V$2,'[Macro inputs.xlsx]Coefficients'!$G$1:$BO$1,0))","=INDEX('[Macro inputs.xlsx]Coefficients'!$G$132:$BO$151,MATCH($D27,'[Macro inputs.xlsx]Coefficients'!$B$132:$B$151,0),MATCH(W$2,'[Macro inputs.xlsx]Coefficients'!$G$1:$BO$1,0))",
CIMS.CAN.BC.Ethanol,Sector,BC,Ethanol,,,Emissions,CH4,Combustion,,"ECCC, NIR",tCH4,"=INDEX('[Macro inputs.xlsx]Coefficients'!$G$156:$BO$175,MATCH($D28,'[Macro inputs.xlsx]Coefficients'!$B$132:$B$151,0),MATCH(M$2,'[Macro inputs.xlsx]Coefficients'!$G$1:$BO$1,0))","=INDEX('[Macro inputs.xlsx]Coefficients'!$G$156:$BO$175,MATCH($D28,'[Macro inputs.xlsx]Coefficients'!$B$132:$B$151,0),MATCH(N$2,'[Macro inputs.xlsx]Coefficients'!$G$1:$BO$1,0))","=INDEX('[Macro inputs.xlsx]Coefficients'!$G$156:$BO$175,MATCH($D28,'[Macro inputs.xlsx]Coefficients'!$B$132:$B$151,0),MATCH(O$2,'[Macro inputs.xlsx]Coefficients'!$G$1:$BO$1,0))","=INDEX('[Macro inputs.xlsx]Coefficients'!$G$156:$BO$175,MATCH($D28,'[Macro inputs.xlsx]Coefficients'!$B$132:$B$151,0),MATCH(P$2,'[Macro inputs.xlsx]Coefficients'!$G$1:$BO$1,0))","=INDEX('[Macro inputs.xlsx]Coefficients'!$G$156:$BO$175,MATCH($D28,'[Macro inputs.xlsx]Coefficients'!$B$132:$B$151,0),MATCH(Q$2,'[Macro inputs.xlsx]Coefficients'!$G$1:$BO$1,0))","=INDEX('[Macro inputs.xlsx]Coefficients'!$G$156:$BO$175,MATCH($D28,'[Macro inputs.xlsx]Coefficients'!$B$132:$B$151,0),MATCH(R$2,'[Macro inputs.xlsx]Coefficients'!$G$1:$BO$1,0))","=INDEX('[Macro inputs.xlsx]Coefficients'!$G$156:$BO$175,MATCH($D28,'[Macro inputs.xlsx]Coefficients'!$B$132:$B$151,0),MATCH(S$2,'[Macro inputs.xlsx]Coefficients'!$G$1:$BO$1,0))","=INDEX('[Macro inputs.xlsx]Coefficients'!$G$156:$BO$175,MATCH($D28,'[Macro inputs.xlsx]Coefficients'!$B$132:$B$151,0),MATCH(T$2,'[Macro inputs.xlsx]Coefficients'!$G$1:$BO$1,0))","=INDEX('[Macro inputs.xlsx]Coefficients'!$G$156:$BO$175,MATCH($D28,'[Macro inputs.xlsx]Coefficients'!$B$132:$B$151,0),MATCH(U$2,'[Macro inputs.xlsx]Coefficients'!$G$1:$BO$1,0))","=INDEX('[Macro inputs.xlsx]Coefficients'!$G$156:$BO$175,MATCH($D28,'[Macro inputs.xlsx]Coefficients'!$B$132:$B$151,0),MATCH(V$2,'[Macro inputs.xlsx]Coefficients'!$G$1:$BO$1,0))","=INDEX('[Macro inputs.xlsx]Coefficients'!$G$156:$BO$175,MATCH($D28,'[Macro inputs.xlsx]Coefficients'!$B$132:$B$151,0),MATCH(W$2,'[Macro inputs.xlsx]Coefficients'!$G$1:$BO$1,0))",
CIMS.CAN.BC.Ethanol,Sector,BC,Ethanol,,,Emissions,N2O,Combustion,,"ECCC, NIR",tN2O,"=INDEX('[Macro inputs.xlsx]Coefficients'!$G$180:$BO$199,MATCH($D29,'[Macro inputs.xlsx]Coefficients'!$B$132:$B$151,0),MATCH(M$2,'[Macro inputs.xlsx]Coefficients'!$G$1:$BO$1,0))","=INDEX('[Macro inputs.xlsx]Coefficients'!$G$180:$BO$199,MATCH($D29,'[Macro inputs.xlsx]Coefficients'!$B$132:$B$151,0),MATCH(N$2,'[Macro inputs.xlsx]Coefficients'!$G$1:$BO$1,0))","=INDEX('[Macro inputs.xlsx]Coefficients'!$G$180:$BO$199,MATCH($D29,'[Macro inputs.xlsx]Coefficients'!$B$132:$B$151,0),MATCH(O$2,'[Macro inputs.xlsx]Coefficients'!$G$1:$BO$1,0))","=INDEX('[Macro inputs.xlsx]Coefficients'!$G$180:$BO$199,MATCH($D29,'[Macro inputs.xlsx]Coefficients'!$B$132:$B$151,0),MATCH(P$2,'[Macro inputs.xlsx]Coefficients'!$G$1:$BO$1,0))","=INDEX('[Macro inputs.xlsx]Coefficients'!$G$180:$BO$199,MATCH($D29,'[Macro inputs.xlsx]Coefficients'!$B$132:$B$151,0),MATCH(Q$2,'[Macro inputs.xlsx]Coefficients'!$G$1:$BO$1,0))","=INDEX('[Macro inputs.xlsx]Coefficients'!$G$180:$BO$199,MATCH($D29,'[Macro inputs.xlsx]Coefficients'!$B$132:$B$151,0),MATCH(R$2,'[Macro inputs.xlsx]Coefficients'!$G$1:$BO$1,0))","=INDEX('[Macro inputs.xlsx]Coefficients'!$G$180:$BO$199,MATCH($D29,'[Macro inputs.xlsx]Coefficients'!$B$132:$B$151,0),MATCH(S$2,'[Macro inputs.xlsx]Coefficients'!$G$1:$BO$1,0))","=INDEX('[Macro inputs.xlsx]Coefficients'!$G$180:$BO$199,MATCH($D29,'[Macro inputs.xlsx]Coefficients'!$B$132:$B$151,0),MATCH(T$2,'[Macro inputs.xlsx]Coefficients'!$G$1:$BO$1,0))","=INDEX('[Macro inputs.xlsx]Coefficients'!$G$180:$BO$199,MATCH($D29,'[Macro inputs.xlsx]Coefficients'!$B$132:$B$151,0),MATCH(U$2,'[Macro inputs.xlsx]Coefficients'!$G$1:$BO$1,0))","=INDEX('[Macro inputs.xlsx]Coefficients'!$G$180:$BO$199,MATCH($D29,'[Macro inputs.xlsx]Coefficients'!$B$132:$B$151,0),MATCH(V$2,'[Macro inputs.xlsx]Coefficients'!$G$1:$BO$1,0))","=INDEX('[Macro inputs.xlsx]Coefficients'!$G$180:$BO$199,MATCH($D29,'[Macro inputs.xlsx]Coefficients'!$B$132:$B$151,0),MATCH(W$2,'[Macro inputs.xlsx]Coefficients'!$G$1:$BO$1,0))",
CIMS.CAN.BC.Ethanol,Sector,BC,Ethanol,,,Service requested,,,CIMS.CAN.BC.Ethanol.Production,,GJ,1,1,1,1,1,1,1,1,1,1,1,
CIMS.CAN.BC.Ethanol.Production,Service,BC,Ethanol,Production,,Service provided,,,,,GJ,,,,,,,,,,,,
CIMS.CAN.BC.Ethanol.Production,Service,BC,Ethanol,Production,,Competition type,Tech Compete,,,,,,,,,,,,,,,,
CIMS.CAN.BC.Ethanol.Production,Service,BC,Ethanol,Production,,Heterogeneity,,,,,,25,=M33,=N33,=O33,=P33,=Q33,=R33,=S33,=T33,=U33,=V33,
CIMS.CAN.BC.Ethanol.Production,Service,BC,Ethanol,Production,Corn,Technology,,,,,,,,,,,,,,,,,
CIMS.CAN.BC.Ethanol.Production,Service,BC,Ethanol,Production,Corn,Market share,,,,,%,1,,,,,,,,,,,
CIMS.CAN.BC.Ethanol.Production,Service,BC,Ethanol,Production,Corn,Service requested,,,CIMS.CAN.BC.Ethanol.Production.Corn,,GJ,1,=M36,=N36,=O36,=P36,=Q36,=R36,=S36,=T36,=U36,=V36,
CIMS.CAN.BC.Ethanol.Production,Service,BC,Ethanol,Production,Cellulosic,Technology,,,,,,,,,,,,,,,,,
CIMS.CAN.BC.Ethanol.Production,Service,BC,Ethanol,Production,Cellulosic,Market share,,,,,%,0,,,,,,,,,,,
CIMS.CAN.BC.Ethanol.Production,Service,BC,Ethanol,Production,Cellulosic,Service requested,,,CIMS.CAN.BC.Ethanol.Production.Cellulosic,,GJ,1,=M39,=N39,=O39,=P39,=Q39,=R39,=S39,=T39,=U39,=V39,
CIMS.CAN.BC.Ethanol.Production.Corn,Service,BC,Ethanol,Corn,,Service provided,,,,,GJ,,,,,,,,,,,,
CIMS.CAN.BC.Ethanol.Production.Corn,Service,BC,Ethanol,Corn,,Competition type,Tech Compete,,,,,,,,,,,,,,,,
CIMS.CAN.BC.Ethanol.Production.Corn,Service,BC,Ethanol,Corn,,Discount rate_financial,,,,,%,0.25,=M42,=N42,=O42,=P42,=Q42,=R42,=S42,=T42,=U42,=V42,
CIMS.CAN.BC.Ethanol.Production.Corn,Service,BC,Ethanol,Corn,,Heterogeneity,,,,,,25,=M43,=N43,=O43,=P43,=Q43,=R43,=S43,=T43,=U43,=V43,
CIMS.CAN.BC.Ethanol.Production.Corn,Service,BC,Ethanol,Corn,Corn,Technology,,,,,,,,,,,,,,,,,
CIMS.CAN.BC.Ethanol.Production.Corn,Service,BC,Ethanol,Corn,Corn,Available,,,,,Year,1995,=M45,=N45,=O45,=P45,=Q45,=R45,=S45,=T45,=U45,=V45,
CIMS.CAN.BC.Ethanol.Production.Corn,Service,BC,Ethanol,Corn,Corn,Unavailable,,,,,Year,2101,=M46,=N46,=O46,=P46,=Q46,=R46,=S46,=T46,=U46,=V46,
CIMS.CAN.BC.Ethanol.Production.Corn,Service,BC,Ethanol,Corn,Corn,Lifetime,,,,,Years,30,=M47,=N47,=O47,=P47,=Q47,=R47,=S47,=T47,=U47,=V47,
CIMS.CAN.BC.Ethanol.Production.Corn,Service,BC,Ethanol,Corn,Corn,Market share,,,,,%,1,,,,,,,,,,,
CIMS.CAN.BC.Ethanol.Production.Corn,Service,BC,Ethanol,Corn,Corn,Output,,,,,GJ,5617551,=M49,=N49,=O49,=P49,=Q49,=R49,=S49,=T49,=U49,=V49,
CIMS.CAN.BC.Ethanol.Production.Corn,Service,BC,Ethanol,Corn,Corn,FCC,,,,,$,110645807.959587,=M50,=N50,=O50,=P50,=Q50,=R50,=S50,=T50,=U50,=V50,
CIMS.CAN.BC.Ethanol.Production.Corn,Service,BC,Ethanol,Corn,Corn,FOM,,,,,$,26597062.8752847,=M51,=N51,=O51,=P51,=Q51,=R51,=S51,=T51,=U51,=V51,
CIMS.CAN.BC.Ethanol.Production.Corn,Service,BC,Ethanol,Corn,Corn,Service requested,,,CIMS.CAN.BC.Ethanol.Agricultural Input,,unit,1,=M52,=N52,=O52,=P52,=Q52,=R52,=S52,=T52,=U52,=V52,
CIMS.CAN.BC.Ethanol.Production.Corn,Service,BC,Ethanol,Corn,Corn,Service requested,,,CIMS.CAN.BC.Ethanol.Steam,,GJ,0.503174103,=M53,=N53,=O53,=P53,=Q53,=R53,=S53,=T53,=U53,=V53,
CIMS.CAN.BC.Ethanol.Production.Cellulosic,Service,BC,Ethanol,Cellulosic,,Service provided,,,,,GJ,,,,,,,,,,,,
CIMS.CAN.BC.Ethanol.Production.Cellulosic,Service,BC,Ethanol,Cellulosic,,Competition type,Tech Compete,,,,,,,,,,,,,,,,
CIMS.CAN.BC.Ethanol.Production.Cellulosic,Service,BC,Ethanol,Cellulosic,,Discount rate_financial,,,,,%,0.25,=M56,=N56,=O56,=P56,=Q56,=R56,=S56,=T56,=U56,=V56,
CIMS.CAN.BC.Ethanol.Production.Cellulosic,Service,BC,Ethanol,Cellulosic,,Heterogeneity,,,,,,25,=M57,=N57,=O57,=P57,=Q57,=R57,=S57,=T57,=U57,=V57,
CIMS.CAN.BC.Ethanol.Production.Cellulosic,Service,BC,Ethanol,Cellulosic,Cellulosic,Technology,,,,,,,,,,,,,,,,,
CIMS.CAN.BC.Ethanol.Production.Cellulosic,Service,BC,Ethanol,Cellulosic,Cellulosic,Available,,,,,Year,1995,=M59,=N59,=O59,=P59,=Q59,=R59,=S59,=T59,=U59,=V59,
CIMS.CAN.BC.Ethanol.Production.Cellulosic,Service,BC,Ethanol,Cellulosic,Cellulosic,Unavailable,,,,,Year,2101,=M60,=N60,=O60,=P60,=Q60,=R60,=S60,=T60,=U60,=V60,
CIMS.CAN.BC.Ethanol.Production.Cellulosic,Service,BC,Ethanol,Cellulosic,Cellulosic,Lifetime,,,,,Years,20,=M61,=N61,=O61,=P61,=Q61,=R61,=S61,=T61,=U61,=V61,
CIMS.CAN.BC.Ethanol.Production.Cellulosic,Service,BC,Ethanol,Cellulosic,Cellulosic,Market share,,,,,%,1,,,,,,,,,,,
CIMS.CAN.BC.Ethanol.Production.Cellulosic,Service,BC,Ethanol,Cellulosic,Cellulosic,Output,,,,,GJ,4189088,=M63,=N63,=O63,=P63,=Q63,=R63,=S63,=T63,=U63,=V63,
CIMS.CAN.BC.Ethanol.Production.Cellulosic,Service,BC,Ethanol,Cellulosic,Cellulosic,FCC,,,,,$,649792397.730783,=M64,=N64,=O64,=P64,=Q64,=R64,=S64,=T64,=U64,=V64,
CIMS.CAN.BC.Ethanol.Production.Cellulosic,Service,BC,Ethanol,Cellulosic,Cellulosic,FOM,,,,,$,62724755.4463469,=M65,=N65,=O65,=P65,=Q65,=R65,=S65,=T65,=U65,=V65,
CIMS.CAN.BC.Ethanol.Production.Cellulosic,Service,BC,Ethanol,Cellulosic,Cellulosic,Service requested,,,CIMS.Generic Fuels.Diesel,,GJ,0.029937661,=M66,=N66,=O66,=P66,=Q66,=R66,=S66,=T66,=U66,=V66,
CIMS.CAN.BC.Ethanol.Production.Cellulosic,Service,BC,Ethanol,Cellulosic,Cellulosic,Service requested,,,CIMS.CAN.BC.Ethanol.Steam,,GJ,0.03015723,=M67,=N67,=O67,=P67,=Q67,=R67,=S67,=T67,=U67,=V67,
CIMS.CAN.BC.Ethanol.Agricultural Input,Service,BC,Ethanol,Agricultural Input,,Service provided,,,,,unit,,,,,,,,,,,,
CIMS.CAN.BC.Ethanol.Agricultural Input,Service,BC,Ethanol,Agricultural Input,,Competition type,Tech Compete,,,,,,,,,,,,,,,,
CIMS.CAN.BC.Ethanol.Agricultural Input,Service,BC,Ethanol,Agricultural Input,,Discount rate_financial,,,,,%,0.25,=M70,=N70,=O70,=P70,=Q70,=R70,=S70,=T70,=U70,=V70,
CIMS.CAN.BC.Ethanol.Agricultural Input,Service,BC,Ethanol,Agricultural Input,,Heterogeneity,,,,,,10,=M71,=N71,=O71,=P71,=Q71,=R71,=S71,=T71,=U71,=V71,
CIMS.CAN.BC.Ethanol.Agricultural Input,Service,BC,Ethanol,Agricultural Input,Agricultural Production Diesel,Technology,,,,,,,,,,,,,,,,,
CIMS.CAN.BC.Ethanol.Agricultural Input,Service,BC,Ethanol,Agricultural Input,Agricultural Production Diesel,Available,,,,,Year,1995,=M73,=N73,=O73,=P73,=Q73,=R73,=S73,=T73,=U73,=V73,
CIMS.CAN.BC.Ethanol.Agricultural Input,Service,BC,Ethanol,Agricultural Input,Agricultural Production Diesel,Unavailable,,,,,Year,2101,=M74,=N74,=O74,=P74,=Q74,=R74,=S74,=T74,=U74,=V74,
CIMS.CAN.BC.Ethanol.Agricultural Input,Service,BC,Ethanol,Agricultural Input,Agricultural Production Diesel,Lifetime,,,,,Years,12,=M75,=N75,=O75,=P75,=Q75,=R75,=S75,=T75,=U75,=V75,
CIMS.CAN.BC.Ethanol.Agricultural Input,Service,BC,Ethanol,Agricultural Input,Agricultural Production Diesel,Market share,,,,,%,1,,,,,,,,,,,
CIMS.CAN.BC.Ethanol.Agricultural Input,Service,BC,Ethanol,Agricultural Input,Agricultural Production Diesel,Output,,,,,unit,1,=M77,=N77,=O77,=P77,=Q77,=R77,=S77,=T77,=U77,=V77,
CIMS.CAN.BC.Ethanol.Agricultural Input,Service,BC,Ethanol,Agricultural Input,Agricultural Production Diesel,FCC,,,,,$,12.075605531346,=M78,=N78,=O78,=P78,=Q78,=R78,=S78,=T78,=U78,=V78,
CIMS.CAN.BC.Ethanol.Agricultural Input,Service,BC,Ethanol,Agricultural Input,Agricultural Production Diesel,FOM,,,,,$,10.136137191239,=M79,=N79,=O79,=P79,=Q79,=R79,=S79,=T79,=U79,=V79,
CIMS.CAN.BC.Ethanol.Agricultural Input,Service,BC,Ethanol,Agricultural Input,Agricultural Production Diesel,Service requested,,,CIMS.Generic Fuels.Diesel,,GJ,0.086707335,=M80,=N80,=O80,=P80,=Q80,=R80,=S80,=T80,=U80,=V80,
CIMS.CAN.BC.Ethanol.Agricultural Input,Service,BC,Ethanol,Agricultural Input,Agricultural Production Diesel,Service requested,,,CIMS.CAN.BC.Electricity,,GJ,0.011836397,=M81,=N81,=O81,=P81,=Q81,=R81,=S81,=T81,=U81,=V81,
CIMS.CAN.BC.Ethanol.Agricultural Input,Service,BC,Ethanol,Agricultural Input,Agricultural Production Diesel,Service requested,,,CIMS.Generic Fuels.Natural Gas,,GJ,0.152975158114463,=M82,=N82,=O82,=P82,=Q82,=R82,=S82,=T82,=U82,=V82,
CIMS.CAN.BC.Ethanol.Agricultural Input,Service,BC,Ethanol,Agricultural Input,Agricultural Production Diesel Eff,Technology,,,,,,,,,,,,,,,,,
CIMS.CAN.BC.Ethanol.Agricultural Input,Service,BC,Ethanol,Agricultural Input,Agricultural Production Diesel Eff,Available,,,,,Year,1995,=M84,=N84,=O84,=P84,=Q84,=R84,=S84,=T84,=U84,=V84,
CIMS.CAN.BC.Ethanol.Agricultural Input,Service,BC,Ethanol,Agricultural Input,Agricultural Production Diesel Eff,Unavailable,,,,,Year,2101,=M85,=N85,=O85,=P85,=Q85,=R85,=S85,=T85,=U85,=V85,
CIMS.CAN.BC.Ethanol.Agricultural Input,Service,BC,Ethanol,Agricultural Input,Agricultural Production Diesel Eff,Lifetime,,,,,Years,12,=M86,=N86,=O86,=P86,=Q86,=R86,=S86,=T86,=U86,=V86,
CIMS.CAN.BC.Ethanol.Agricultural Input,Service,BC,Ethanol,Agricultural Input,Agricultural Production Diesel Eff,Market share,,,,,%,0,,,,,,,,,,,
CIMS.CAN.BC.Ethanol.Agricultural Input,Service,BC,Ethanol,Agricultural Input,Agricultural Production Diesel Eff,Output,,,,,unit,1,=M88,=N88,=O88,=P88,=Q88,=R88,=S88,=T88,=U88,=V88,
CIMS.CAN.BC.Ethanol.Agricultural Input,Service,BC,Ethanol,Agricultural Input,Agricultural Production Diesel Eff,FCC,,,,,$,15.5641137959569,=M89,=N89,=O89,=P89,=Q89,=R89,=S89,=T89,=U89,=V89,
CIMS.CAN.BC.Ethanol.Agricultural Input,Service,BC,Ethanol,Agricultural Input,Agricultural Production Diesel Eff,FOM,,,,,$,10.136137191239,=M90,=N90,=O90,=P90,=Q90,=R90,=S90,=T90,=U90,=V90,
CIMS.CAN.BC.Ethanol.Agricultural Input,Service,BC,Ethanol,Agricultural Input,Agricultural Production Diesel Eff,Service requested,,,CIMS.Generic Fuels.Diesel,,GJ,0.086707335,=M91,=N91,=O91,=P91,=Q91,=R91,=S91,=T91,=U91,=V91,
CIMS.CAN.BC.Ethanol.Agricultural Input,Service,BC,Ethanol,Agricultural Input,Agricultural Production Diesel Eff,Service requested,,,CIMS.CAN.BC.Electricity,,GJ,0.011836397,=M92,=N92,=O92,=P92,=Q92,=R92,=S92,=T92,=U92,=V92,
CIMS.CAN.BC.Ethanol.Agricultural Input,Service,BC,Ethanol,Agricultural Input,Agricultural Production Diesel Eff,Service requested,,,CIMS.Generic Fuels.Natural Gas,,GJ,0.152975158114463,=M93,=N93,=O93,=P93,=Q93,=R93,=S93,=T93,=U93,=V93,
CIMS.CAN.BC.Ethanol.Agricultural Input,Service,BC,Ethanol,Agricultural Input,Agricultural Production Biodiesel,Technology,,,,,,,,,,,,,,,,,
CIMS.CAN.BC.Ethanol.Agricultural Input,Service,BC,Ethanol,Agricultural Input,Agricultural Production Biodiesel,Available,,,,,Year,1995,=M95,=N95,=O95,=P95,=Q95,=R95,=S95,=T95,=U95,=V95,
CIMS.CAN.BC.Ethanol.Agricultural Input,Service,BC,Ethanol,Agricultural Input,Agricultural Production Biodiesel,Unavailable,,,,,Year,2101,=M96,=N96,=O96,=P96,=Q96,=R96,=S96,=T96,=U96,=V96,
CIMS.CAN.BC.Ethanol.Agricultural Input,Service,BC,Ethanol,Agricultural Input,Agricultural Production Biodiesel,Lifetime,,,,,Years,12,=M97,=N97,=O97,=P97,=Q97,=R97,=S97,=T97,=U97,=V97,
CIMS.CAN.BC.Ethanol.Agricultural Input,Service,BC,Ethanol,Agricultural Input,Agricultural Production Biodiesel,Market share,,,,,%,0,,,,,,,,,,,
CIMS.CAN.BC.Ethanol.Agricultural Input,Service,BC,Ethanol,Agricultural Input,Agricultural Production Biodiesel,Output,,,,,unit,1,=M99,=N99,=O99,=P99,=Q99,=R99,=S99,=T99,=U99,=V99,
CIMS.CAN.BC.Ethanol.Agricultural Input,Service,BC,Ethanol,Agricultural Input,Agricultural Production Biodiesel,FCC,,,,,$,15.5641137959569,=M100,=N100,=O100,=P100,=Q100,=R100,=S100,=T100,=U100,=V100,
CIMS.CAN.BC.Ethanol.Agricultural Input,Service,BC,Ethanol,Agricultural Input,Agricultural Production Biodiesel,FOM,,,,,$,10.136137191239,=M101,=N101,=O101,=P101,=Q101,=R101,=S101,=T101,=U101,=V101,
CIMS.CAN.BC.Ethanol.Agricultural Input,Service,BC,Ethanol,Agricultural Input,Agricultural Production Biodiesel,Service requested,,,CIMS.CAN.BC.Biodiesel,,GJ,0.086707335,=M102,=N102,=O102,=P102,=Q102,=R102,=S102,=T102,=U102,=V102,
CIMS.CAN.BC.Ethanol.Agricultural Input,Service,BC,Ethanol,Agricultural Input,Agricultural Production Biodiesel,Service requested,,,CIMS.CAN.BC.Electricity,,GJ,0.011836397,=M103,=N103,=O103,=P103,=Q103,=R103,=S103,=T103,=U103,=V103,
CIMS.CAN.BC.Ethanol.Agricultural Input,Service,BC,Ethanol,Agricultural Input,Agricultural Production Biodiesel,Service requested,,,CIMS.Generic Fuels.Natural Gas,,GJ,0.152975158114463,=M104,=N104,=O104,=P104,=Q104,=R104,=S104,=T104,=U104,=V104,
CIMS.CAN.BC.Ethanol.Steam,Service,BC,Ethanol,Steam,,Service provided,,,,,GJ,,,,,,,,,,,,
CIMS.CAN.BC.Ethanol.Steam,Service,BC,Ethanol,Steam,,Competition type,Tech Compete,,,,,,,,,,,,,,,,
CIMS.CAN.BC.Ethanol.Steam,Service,BC,Ethanol,Steam,,Discount rate_financial,,,,,%,0.4,=M107,=N107,=O107,=P107,=Q107,=R107,=S107,=T107,=U107,=V107,
CIMS.CAN.BC.Ethanol.Steam,Service,BC,Ethanol,Steam,,Heterogeneity,,,,,,10,=M108,=N108,=O108,=P108,=Q108,=R108,=S108,=T108,=U108,=V108,
CIMS.CAN.BC.Ethanol.Steam,Service,BC,Ethanol,Steam,Boilers Electric,Technology,,,,,,,,,,,,,,,,,
CIMS.CAN.BC.Ethanol.Steam,Service,BC,Ethanol,Steam,Boilers Electric,Available,,,,,Year,1930,=M110,=N110,=O110,=P110,=Q110,=R110,=S110,=T110,=U110,=V110,
CIMS.CAN.BC.Ethanol.Steam,Service,BC,Ethanol,Steam,Boilers Electric,Unavailable,,,,,Year,2101,=M111,=N111,=O111,=P111,=Q111,=R111,=S111,=T111,=U111,=V111,
CIMS.CAN.BC.Ethanol.Steam,Service,BC,Ethanol,Steam,Boilers Electric,Lifetime,,,,,Years,30,=M112,=N112,=O112,=P112,=Q112,=R112,=S112,=T112,=U112,=V112,
CIMS.CAN.BC.Ethanol.Steam,Service,BC,Ethanol,Steam,Boilers Electric,Market share,,,,,%,0,,,,,,,,,,,
CIMS.CAN.BC.Ethanol.Steam,Service,BC,Ethanol,Steam,Boilers Electric,Output,,,,,GJ,350000,=M114,=N114,=O114,=P114,=Q114,=R114,=S114,=T114,=U114,=V114,
CIMS.CAN.BC.Ethanol.Steam,Service,BC,Ethanol,Steam,Boilers Electric,FCC,,,,,$,4259802.37930292,=M115,=N115,=O115,=P115,=Q115,=R115,=S115,=T115,=U115,=V115,
CIMS.CAN.BC.Ethanol.Steam,Service,BC,Ethanol,Steam,Boilers Electric,FOM,,,,,$,170392.095172117,=M116,=N116,=O116,=P116,=Q116,=R116,=S116,=T116,=U116,=V116,
CIMS.CAN.BC.Ethanol.Steam,Service,BC,Ethanol,Steam,Boilers Electric,Service requested,,,CIMS.CAN.BC.Electricity,,GJ,1.1,=M117,=N117,=O117,=P117,=Q117,=R117,=S117,=T117,=U117,=V117,
CIMS.CAN.BC.Ethanol.Steam,Service,BC,Ethanol,Steam,Boilers NG,Technology,,,,,,,,,,,,,,,,,
CIMS.CAN.BC.Ethanol.Steam,Service,BC,Ethanol,Steam,Boilers NG,Available,,,,,Year,1930,=M119,=N119,=O119,=P119,=Q119,=R119,=S119,=T119,=U119,=V119,
CIMS.CAN.BC.Ethanol.Steam,Service,BC,Ethanol,Steam,Boilers NG,Unavailable,,,,,Year,2101,=M120,=N120,=O120,=P120,=Q120,=R120,=S120,=T120,=U120,=V120,
CIMS.CAN.BC.Ethanol.Steam,Service,BC,Ethanol,Steam,Boilers NG,Lifetime,,,,,Years,30,=M121,=N121,=O121,=P121,=Q121,=R121,=S121,=T121,=U121,=V121,
CIMS.CAN.BC.Ethanol.Steam,Service,BC,Ethanol,Steam,Boilers NG,Market share,,,,,%,1,,,,,,,,,,,
CIMS.CAN.BC.Ethanol.Steam,Service,BC,Ethanol,Steam,Boilers NG,Output,,,,,GJ,350000,=M123,=N123,=O123,=P123,=Q123,=R123,=S123,=T123,=U123,=V123,
CIMS.CAN.BC.Ethanol.Steam,Service,BC,Ethanol,Steam,Boilers NG,FCC,,,,,$,3684950.53664186,=M124,=N124,=O124,=P124,=Q124,=R124,=S124,=T124,=U124,=V124,
CIMS.CAN.BC.Ethanol.Steam,Service,BC,Ethanol,Steam,Boilers NG,FOM,,,,,$,147398.021465674,=M125,=N125,=O125,=P125,=Q125,=R125,=S125,=T125,=U125,=V125,
CIMS.CAN.BC.Ethanol.Steam,Service,BC,Ethanol,Steam,Boilers NG,Service requested,,,CIMS.Generic Fuels.Natural Gas,,GJ,1.25494117647058,=M126,=N126,=O126,=P126,=Q126,=R126,=S126,=T126,=U126,=V126,
CIMS.CAN.BC.Ethanol.Steam,Service,BC,Ethanol,Steam,Boilers coal,Technology,,,,,,,,,,,,,,,,,
CIMS.CAN.BC.Ethanol.Steam,Service,BC,Ethanol,Steam,Boilers coal,Available,,,,,Year,1930,=M128,=N128,=O128,=P128,=Q128,=R128,=S128,=T128,=U128,=V128,
CIMS.CAN.BC.Ethanol.Steam,Service,BC,Ethanol,Steam,Boilers coal,Unavailable,,,,,Year,2101,=M129,=N129,=O129,=P129,=Q129,=R129,=S129,=T129,=U129,=V129,
CIMS.CAN.BC.Ethanol.Steam,Service,BC,Ethanol,Steam,Boilers coal,Lifetime,,,,,Years,30,=M130,=N130,=O130,=P130,=Q130,=R130,=S130,=T130,=U130,=V130,
CIMS.CAN.BC.Ethanol.Steam,Service,BC,Ethanol,Steam,Boilers coal,Market share,,,,,%,0,,,,,,,,,,,
CIMS.CAN.BC.Ethanol.Steam,Service,BC,Ethanol,Steam,Boilers coal,Output,,,,,GJ,350000,=M132,=N132,=O132,=P132,=Q132,=R132,=S132,=T132,=U132,=V132,
CIMS.CAN.BC.Ethanol.Steam,Service,BC,Ethanol,Steam,Boilers coal,FCC,,,,,$,11054851.6099256,=M133,=N133,=O133,=P133,=Q133,=R133,=S133,=T133,=U133,=V133,
CIMS.CAN.BC.Ethanol.Steam,Service,BC,Ethanol,Steam,Boilers coal,FOM,,,,,$,442194.064397023,=M134,=N134,=O134,=P134,=Q134,=R134,=S134,=T134,=U134,=V134,
CIMS.CAN.BC.Ethanol.Steam,Service,BC,Ethanol,Steam,Boilers coal,Service requested,,,CIMS.Generic Fuels.Coal,,GJ,1.22609195402298,=M135,=N135,=O135,=P135,=Q135,=R135,=S135,=T135,=U135,=V135,
CIMS.CAN.BC.Ethanol.Steam,Service,BC,Ethanol,Steam,Boilers Coal CCS,Technology,,,,,,,,,,,,,,,,,
CIMS.CAN.BC.Ethanol.Steam,Service,BC,Ethanol,Steam,Boilers Coal CCS,Available,,,,,Year,2015,=M137,=N137,=O137,=P137,=Q137,=R137,=S137,=T137,=U137,=V137,
CIMS.CAN.BC.Ethanol.Steam,Service,BC,Ethanol,Steam,Boilers Coal CCS,Unavailable,,,,,Year,2101,=M138,=N138,=O138,=P138,=Q138,=R138,=S138,=T138,=U138,=V138,
CIMS.CAN.BC.Ethanol.Steam,Service,BC,Ethanol,Steam,Boilers Coal CCS,Lifetime,,,,,Years,30,=M139,=N139,=O139,=P139,=Q139,=R139,=S139,=T139,=U139,=V139,
CIMS.CAN.BC.Ethanol.Steam,Service,BC,Ethanol,Steam,Boilers Coal CCS,Market share,,,,,%,0,,,,,,,,,,,
CIMS.CAN.BC.Ethanol.Steam,Service,BC,Ethanol,Steam,Boilers Coal CCS,Output,,,,,GJ,350000,=M141,=N141,=O141,=P141,=Q141,=R141,=S141,=T141,=U141,=V141,
CIMS.CAN.BC.Ethanol.Steam,Service,BC,Ethanol,Steam,Boilers Coal CCS,FCC,,,,,$,11054851.6105977,=M142,=N142,=O142,=P142,=Q142,=R142,=S142,=T142,=U142,=V142,
CIMS.CAN.BC.Ethanol.Steam,Service,BC,Ethanol,Steam,Boilers Coal CCS,FOM,,,,,$,967905.533915888,=M143,=N143,=O143,=P143,=Q143,=R143,=S143,=T143,=U143,=V143,
CIMS.CAN.BC.Ethanol.Steam,Service,BC,Ethanol,Steam,Boilers Coal CCS,Service requested,,,CIMS.Generic Fuels.Coal,,GJ,1.22609195402298,=M144,=N144,=O144,=P144,=Q144,=R144,=S144,=T144,=U144,=V144,
CIMS.CAN.BC.Ethanol.Steam,Service,BC,Ethanol,Steam,Boilers Coal CCS,Service requested,,,CIMS.CAN.BC.Ethanol.CCS,,tCO2,=0.0814195573482845*M144,=M145,=N145,=O145,=P145,=Q145,=R145,=S145,=T145,=U145,=V145,
CIMS.CAN.BC.Ethanol.Steam,Service,BC,Ethanol,Steam,Boilers NG IA CCS,Technology,,,,,,,,,,,,,,,,,
CIMS.CAN.BC.Ethanol.Steam,Service,BC,Ethanol,Steam,Boilers NG IA CCS,Available,,,,,Year,2015,=M147,=N147,=O147,=P147,=Q147,=R147,=S147,=T147,=U147,=V147,
CIMS.CAN.BC.Ethanol.Steam,Service,BC,Ethanol,Steam,Boilers NG IA CCS,Unavailable,,,,,Year,2101,=M148,=N148,=O148,=P148,=Q148,=R148,=S148,=T148,=U148,=V148,
CIMS.CAN.BC.Ethanol.Steam,Service,BC,Ethanol,Steam,Boilers NG IA CCS,Lifetime,,,,,Years,30,=M149,=N149,=O149,=P149,=Q149,=R149,=S149,=T149,=U149,=V149,
CIMS.CAN.BC.Ethanol.Steam,Service,BC,Ethanol,Steam,Boilers NG IA CCS,Market share,,,,,%,0,,,,,,,,,,,
CIMS.CAN.BC.Ethanol.Steam,Service,BC,Ethanol,Steam,Boilers NG IA CCS,Output,,,,,GJ,350000,=M151,=N151,=O151,=P151,=Q151,=R151,=S151,=T151,=U151,=V151,
CIMS.CAN.BC.Ethanol.Steam,Service,BC,Ethanol,Steam,Boilers NG IA CCS,FCC,,,,,$,5527425.80529886,=M152,=N152,=O152,=P152,=Q152,=R152,=S152,=T152,=U152,=V152,
CIMS.CAN.BC.Ethanol.Steam,Service,BC,Ethanol,Steam,Boilers NG IA CCS,FOM,,,,,$,445376.241658878,=M153,=N153,=O153,=P153,=Q153,=R153,=S153,=T153,=U153,=V153,
CIMS.CAN.BC.Ethanol.Steam,Service,BC,Ethanol,Steam,Boilers NG IA CCS,Service requested,,,CIMS.Generic Fuels.Natural Gas,,GJ,1.25494117647058,=M154,=N154,=O154,=P154,=Q154,=R154,=S154,=T154,=U154,=V154,
CIMS.CAN.BC.Ethanol.Steam,Service,BC,Ethanol,Steam,Boilers NG IA CCS,Service requested,,,CIMS.CAN.BC.Ethanol.CCS,,tCO2,0.0614551199651117,=M155,=N155,=O155,=P155,=Q155,=R155,=S155,=T155,=U155,=V155,
CIMS.CAN.BC.Ethanol.Steam,Service,BC,Ethanol,Steam,SCGT HRSG 40 MW High H:P ratio,Technology,,,,,,,,,,,,,,,,,
CIMS.CAN.BC.Ethanol.Steam,Service,BC,Ethanol,Steam,SCGT HRSG 40 MW High H:P ratio,Available,,,,,Year,2000,=M157,=N157,=O157,=P157,=Q157,=R157,=S157,=T157,=U157,=V157,
CIMS.CAN.BC.Ethanol.Steam,Service,BC,Ethanol,Steam,SCGT HRSG 40 MW High H:P ratio,Unavailable,,,,,Year,2101,=M158,=N158,=O158,=P158,=Q158,=R158,=S158,=T158,=U158,=V158,
CIMS.CAN.BC.Ethanol.Steam,Service,BC,Ethanol,Steam,SCGT HRSG 40 MW High H:P ratio,Lifetime,,,,,Years,30,=M159,=N159,=O159,=P159,=Q159,=R159,=S159,=T159,=U159,=V159,
CIMS.CAN.BC.Ethanol.Steam,Service,BC,Ethanol,Steam,SCGT HRSG 40 MW High H:P ratio,Market share,,,,,%,0,,,,,,,,,,,
CIMS.CAN.BC.Ethanol.Steam,Service,BC,Ethanol,Steam,SCGT HRSG 40 MW High H:P ratio,Output,,,,,GJ,4686533,=M161,=N161,=O161,=P161,=Q161,=R161,=S161,=T161,=U161,=V161,
CIMS.CAN.BC.Ethanol.Steam,Service,BC,Ethanol,Steam,SCGT HRSG 40 MW High H:P ratio,FCC,,,,,$,88785053.5454822,=M162,=N162,=O162,=P162,=Q162,=R162,=S162,=T162,=U162,=V162,
CIMS.CAN.BC.Ethanol.Steam,Service,BC,Ethanol,Steam,SCGT HRSG 40 MW High H:P ratio,FOM,,,,,$,8813319.66856512,=M163,=N163,=O163,=P163,=Q163,=R163,=S163,=T163,=U163,=V163,
CIMS.CAN.BC.Ethanol.Steam,Service,BC,Ethanol,Steam,SCGT HRSG 40 MW High H:P ratio,Service requested,,,CIMS.Generic Fuels.Natural Gas,,GJ,1.39,=M164,=N164,=O164,=P164,=Q164,=R164,=S164,=T164,=U164,=V164,
CIMS.CAN.BC.Ethanol.Steam,Service,BC,Ethanol,Steam,SCGT HRSG 40 MW High H:P ratio,Service requested,,,CIMS.CAN.BC.Electricity,,GJ,-0.24,=M165,=N165,=O165,=P165,=Q165,=R165,=S165,=T165,=U165,=V165,
CIMS.CAN.BC.Ethanol.Steam,Service,BC,Ethanol,Steam,SCGT HRSG 10 MW High H:P ratio,Technology,,,,,,,,,,,,,,,,,
CIMS.CAN.BC.Ethanol.Steam,Service,BC,Ethanol,Steam,SCGT HRSG 10 MW High H:P ratio,Available,,,,,Year,2000,=M167,=N167,=O167,=P167,=Q167,=R167,=S167,=T167,=U167,=V167,
CIMS.CAN.BC.Ethanol.Steam,Service,BC,Ethanol,Steam,SCGT HRSG 10 MW High H:P ratio,Unavailable,,,,,Year,2101,=M168,=N168,=O168,=P168,=Q168,=R168,=S168,=T168,=U168,=V168,
CIMS.CAN.BC.Ethanol.Steam,Service,BC,Ethanol,Steam,SCGT HRSG 10 MW High H:P ratio,Lifetime,,,,,Years,30,=M169,=N169,=O169,=P169,=Q169,=R169,=S169,=T169,=U169,=V169,
CIMS.CAN.BC.Ethanol.Steam,Service,BC,Ethanol,Steam,SCGT HRSG 10 MW High H:P ratio,Market share,,,,,%,0,,,,,,,,,,,
CIMS.CAN.BC.Ethanol.Steam,Service,BC,Ethanol,Steam,SCGT HRSG 10 MW High H:P ratio,Output,,,,,GJ,1171633,=M171,=N171,=O171,=P171,=Q171,=R171,=S171,=T171,=U171,=V171,
CIMS.CAN.BC.Ethanol.Steam,Service,BC,Ethanol,Steam,SCGT HRSG 10 MW High H:P ratio,FCC,,,,,$,27530249.1613897,=M172,=N172,=O172,=P172,=Q172,=R172,=S172,=T172,=U172,=V172,
CIMS.CAN.BC.Ethanol.Steam,Service,BC,Ethanol,Steam,SCGT HRSG 10 MW High H:P ratio,FOM,,,,,$,2867259.80797172,=M173,=N173,=O173,=P173,=Q173,=R173,=S173,=T173,=U173,=V173,
CIMS.CAN.BC.Ethanol.Steam,Service,BC,Ethanol,Steam,SCGT HRSG 10 MW High H:P ratio,Service requested,,,CIMS.Generic Fuels.Natural Gas,,GJ,1.39,=M174,=N174,=O174,=P174,=Q174,=R174,=S174,=T174,=U174,=V174,
CIMS.CAN.BC.Ethanol.Steam,Service,BC,Ethanol,Steam,SCGT HRSG 10 MW High H:P ratio,Service requested,,,CIMS.CAN.BC.Electricity,,GJ,-0.24,=M175,=N175,=O175,=P175,=Q175,=R175,=S175,=T175,=U175,=V175,
CIMS.CAN.BC.Ethanol.Steam,Service,BC,Ethanol,Steam,BPST NG 30 MW,Technology,,,,,,,,,,,,,,,,,
CIMS.CAN.BC.Ethanol.Steam,Service,BC,Ethanol,Steam,BPST NG 30 MW,Available,,,,,Year,2000,=M177,=N177,=O177,=P177,=Q177,=R177,=S177,=T177,=U177,=V177,
CIMS.CAN.BC.Ethanol.Steam,Service,BC,Ethanol,Steam,BPST NG 30 MW,Unavailable,,,,,Year,2101,=M178,=N178,=O178,=P178,=Q178,=R178,=S178,=T178,=U178,=V178,
CIMS.CAN.BC.Ethanol.Steam,Service,BC,Ethanol,Steam,BPST NG 30 MW,Lifetime,,,,,Years,30,=M179,=N179,=O179,=P179,=Q179,=R179,=S179,=T179,=U179,=V179,
CIMS.CAN.BC.Ethanol.Steam,Service,BC,Ethanol,Steam,BPST NG 30 MW,Market share,,,,,%,0,,,,,,,,,,,
CIMS.CAN.BC.Ethanol.Steam,Service,BC,Ethanol,Steam,BPST NG 30 MW,Output,,,,,GJ,5220611,=M181,=N181,=O181,=P181,=Q181,=R181,=S181,=T181,=U181,=V181,
CIMS.CAN.BC.Ethanol.Steam,Service,BC,Ethanol,Steam,BPST NG 30 MW,FCC,,,,,$,60814852.2318689,=M182,=N182,=O182,=P182,=Q182,=R182,=S182,=T182,=U182,=V182,
CIMS.CAN.BC.Ethanol.Steam,Service,BC,Ethanol,Steam,BPST NG 30 MW,FOM,,,,,$,6781590.40889195,=M183,=N183,=O183,=P183,=Q183,=R183,=S183,=T183,=U183,=V183,
CIMS.CAN.BC.Ethanol.Steam,Service,BC,Ethanol,Steam,BPST NG 30 MW,Service requested,,,CIMS.Generic Fuels.Natural Gas,,GJ,1.34,=M184,=N184,=O184,=P184,=Q184,=R184,=S184,=T184,=U184,=V184,
CIMS.CAN.BC.Ethanol.Steam,Service,BC,Ethanol,Steam,BPST NG 30 MW,Service requested,,,CIMS.CAN.BC.Electricity,,GJ,-0.12,=M185,=N185,=O185,=P185,=Q185,=R185,=S185,=T185,=U185,=V185,
CIMS.CAN.BC.Ethanol.Steam,Service,BC,Ethanol,Steam,BPST NG 30 MW CCS,Technology,,,,,,,,,,,,,,,,,
CIMS.CAN.BC.Ethanol.Steam,Service,BC,Ethanol,Steam,BPST NG 30 MW CCS,Available,,,,,Year,2015,=M187,=N187,=O187,=P187,=Q187,=R187,=S187,=T187,=U187,=V187,
CIMS.CAN.BC.Ethanol.Steam,Service,BC,Ethanol,Steam,BPST NG 30 MW CCS,Unavailable,,,,,Year,2101,=M188,=N188,=O188,=P188,=Q188,=R188,=S188,=T188,=U188,=V188,
CIMS.CAN.BC.Ethanol.Steam,Service,BC,Ethanol,Steam,BPST NG 30 MW CCS,Lifetime,,,,,Years,30,=M189,=N189,=O189,=P189,=Q189,=R189,=S189,=T189,=U189,=V189,
CIMS.CAN.BC.Ethanol.Steam,Service,BC,Ethanol,Steam,BPST NG 30 MW CCS,Market share,,,,,%,0,,,,,,,,,,,
CIMS.CAN.BC.Ethanol.Steam,Service,BC,Ethanol,Steam,BPST NG 30 MW CCS,Output,,,,,GJ,5220611,=M191,=N191,=O191,=P191,=Q191,=R191,=S191,=T191,=U191,=V191,
CIMS.CAN.BC.Ethanol.Steam,Service,BC,Ethanol,Steam,BPST NG 30 MW CCS,FCC,,,,,$,60814852.2318689,=M192,=N192,=O192,=P192,=Q192,=R192,=S192,=T192,=U192,=V192,
CIMS.CAN.BC.Ethanol.Steam,Service,BC,Ethanol,Steam,BPST NG 30 MW CCS,FOM,,,,,$,6781590.40889195,=M193,=N193,=O193,=P193,=Q193,=R193,=S193,=T193,=U193,=V193,
CIMS.CAN.BC.Ethanol.Steam,Service,BC,Ethanol,Steam,BPST NG 30 MW CCS,Service requested,,,CIMS.Generic Fuels.Natural Gas,,GJ,1.34,=M194,=N194,=O194,=P194,=Q194,=R194,=S194,=T194,=U194,=V194,
CIMS.CAN.BC.Ethanol.Steam,Service,BC,Ethanol,Steam,BPST NG 30 MW CCS,Service requested,,,CIMS.CAN.BC.Electricity,,GJ,-0.12,=M195,=N195,=O195,=P195,=Q195,=R195,=S195,=T195,=U195,=V195,
CIMS.CAN.BC.Ethanol.Steam,Service,BC,Ethanol,Steam,BPST NG 30 MW CCS,Service requested,,,CIMS.CAN.BC.Ethanol.CCS,,tCO2,0.0656204946472885,=M196,=N196,=O196,=P196,=Q196,=R196,=S196,=T196,=U196,=V196,
CIMS.CAN.BC.Ethanol.CCS,Service,BC,Ethanol,CCS,,Service provided,,,,,tCO2,,,,,,,,,,,,
CIMS.CAN.BC.Ethanol.CCS,Service,BC,Ethanol,CCS,,Competition type,Tech Compete,,,,,,,,,,,,,,,,
CIMS.CAN.BC.Ethanol.CCS,Service,BC,Ethanol,CCS,,Discount rate_financial,,,,,%,0.25,=M199,=N199,=O199,=P199,=Q199,=R199,=S199,=T199,=U199,=V199,
CIMS.CAN.BC.Ethanol.CCS,Service,BC,Ethanol,CCS,,Heterogeneity,,,,,,10,=M200,=N200,=O200,=P200,=Q200,=R200,=S200,=T200,=U200,=V200,
CIMS.CAN.BC.Ethanol.CCS,Service,BC,Ethanol,CCS,CCS,Technology,,,,,,,,,,,,,,,,,
CIMS.CAN.BC.Ethanol.CCS,Service,BC,Ethanol,CCS,CCS,Available,,,,Assumption,Year,1950,=M202,=N202,=O202,=P202,=Q202,=R202,=S202,=T202,=U202,=V202,
CIMS.CAN.BC.Ethanol.CCS,Service,BC,Ethanol,CCS,CCS,Unavailable,,,,Assumption,Year,2101,=M203,=N203,=O203,=P203,=Q203,=R203,=S203,=T203,=U203,=V203,
CIMS.CAN.BC.Ethanol.CCS,Service,BC,Ethanol,CCS,CCS,Lifetime,,,,"NETL,DOE,USA 2022 Cost of Capturing CO2 from Industrial Sources",Years,30,=M204,=N204,=O204,=P204,=Q204,=R204,=S204,=T204,=U204,=V204,
CIMS.CAN.BC.Ethanol.CCS,Service,BC,Ethanol,CCS,CCS,Market share,,,,Assumption,%,1,,,,,,,,,,,
CIMS.CAN.BC.Ethanol.CCS,Service,BC,Ethanol,CCS,CCS,Output,,,,"NETL,DOE,USA 2022 Cost of Capturing CO2 from Industrial Sources",tCO2,121550,=M206,=N206,=O206,=P206,=Q206,=R206,=S206,=T206,=U206,=V206,143000 tCO2 * 85% Capacity Factor
CIMS.CAN.BC.Ethanol.CCS,Service,BC,Ethanol,CCS,CCS,FCC,,,,"NETL,DOE,USA 2022 Cost of Capturing CO2 from Industrial Sources",$,34112923.8964632,=M207,=N207,=O207,=P207,=Q207,=R207,=S207,=T207,=U207,=V207,FCC *1.03068015 (2020 CPI/2018CPI)*1.3415 CAD/USD
CIMS.CAN.BC.Ethanol.CCS,Service,BC,Ethanol,CCS,CCS,FOM,,,,"NETL,DOE,USA 2022 Cost of Capturing CO2 from Industrial Sources",$,1539273.792642,=M208,=N208,=O208,=P208,=Q208,=R208,=S208,=T208,=U208,=V208,FOM *1.03068015 (2020 CPI/2018CPI)*1.3415 CAD/USD
CIMS.CAN.BC.Ethanol.CCS,Service,BC,Ethanol,CCS,CCS,Service requested,,,CIMS.Generic Fuels.VOM,"NETL,DOE,USA 2022 Cost of Capturing CO2 from Industrial Sources",$,2.41965048714375,=M209,=N209,=O209,=P209,=Q209,=R209,=S209,=T209,=U209,=V209,(Total VC / (tCO2*85% Capacity Factor)) *1.03068015 (2020 CPI/2018CPI)*1.3415 CAD/USD
CIMS.CAN.BC.Ethanol.CCS,Service,BC,Ethanol,CCS,CCS,Service requested,,,CIMS.Generic Fuels.Natural Gas,"NETL,DOE,USA 2022 Cost of Capturing CO2 from Industrial Sources",GJ,1.07364004416636,=M210,=N210,=O210,=P210,=Q210,=R210,=S210,=T210,=U210,=V210,1.85MW * 8760 hours  *3.6GJ/tCO2 100% Capacity Factor / 0.38 natural gas to electricity efficiency
CIMS.CAN.BC.Ethanol.CCS,Service,BC,Ethanol,CCS,CCS,Service requested,,,CIMS.Generic Fuels.CCS TS BC,"NETL,DOE,USA 2022 Cost of Capturing CO2 from Industrial Sources",tCO2,1.04731903857776,=M211,=N211,=O211,=P211,=Q211,=R211,=S211,=T211,=U211,=V211,1 tCO2 + GJ Nat Gas*0.0489705183934989 tCO2/GJ Nat Gas *0.90 Capture rate
CIMS.CAN.BC.Ethanol.CCS,Service,BC,Ethanol,CCS,CCS,Emissions_removal,CO2,Combustion,,"NETL,DOE,USA 2022 Cost of Capturing CO2 from Industrial Sources",%,1,=M212,=N212,=O212,=P212,=Q212,=R212,=S212,=T212,=U212,=V212,
CIMS.CAN.BC.Ethanol.CCS,Service,BC,Ethanol,CCS,CCS,Emissions_removal,CO2,Process,,"NETL,DOE,USA 2022 Cost of Capturing CO2 from Industrial Sources",%,1,=M213,=N213,=O213,=P213,=Q213,=R213,=S213,=T213,=U213,=V213,
