CIMS.CAN.AT.Ethanol.Steam,<-- Navigate by typing to search,,,,,,,,,,,,,,,,,,,,,,
Branch,Type,Region,Sector,Service,Technology,Parameter,Context,Sub_Context,Target,Source,Unit,2000,2005,2010,2015,2020,2025,2030,2035,2040,2045,2050,Comments
CIMS.CAN.AT.Ethanol,Sector,AT,Ethanol,,,Service provided,,,,,GJ,,,,,,,,,,,,
CIMS.CAN.AT.Ethanol,Sector,AT,Ethanol,,,Competition type,Sector,,,,,,,,,,,,,,,,
CIMS.CAN.AT.Ethanol,Sector,AT,Ethanol,,,Is supply,TRUE,,,,,,,,,,,,,,,,
CIMS.CAN.AT.Ethanol,Sector,AT,Ethanol,,,Price multiplier,,,CIMS.CAN.AT.Biodiesel,JCIMS,,1.18592929652273,1.46417075742694,1.89185823192972,2.06650575664782,2.17459004521625,2.81953641343174,2.70283323598518,2.60320210994221,2.50726630616592,2.50562992999125,2.50554222939722,
CIMS.CAN.AT.Ethanol,Sector,AT,Ethanol,,,Price multiplier,,,CIMS.Generic Fuels.Biogas,JCIMS,,1,1,1,1,1,1,1,1,1,1,1,
CIMS.CAN.AT.Ethanol,Sector,AT,Ethanol,,,Price multiplier,,,CIMS.Generic Fuels.Black Liquor,JCIMS,,1,1,1,1,1,1,1,1,1,1,1,
CIMS.CAN.AT.Ethanol,Sector,AT,Ethanol,,,Price multiplier,,,CIMS.Generic Fuels.Coal,JCIMS,,1.02504943978272,1.11911353386197,1.43884353681404,1.43884353681404,1.43884353681404,1.43884353681404,1.43884353681404,1.43884353681404,1.43884353681404,1.43884353681404,1.43884353681404,
CIMS.CAN.AT.Ethanol,Sector,AT,Ethanol,,,Price multiplier,,,CIMS.Generic Fuels.Coke,JCIMS,,1,1,1,1,1,1,1,1,1,1,1,
CIMS.CAN.AT.Ethanol,Sector,AT,Ethanol,,,Price multiplier,,,CIMS.Generic Fuels.Diesel,JCIMS,,0.60099253449443,0.70254115380264,0.92758573567771,0.96726374057168,1.11685841492921,1.22470321373155,1.31802145434989,1.3958493291896,1.45246438412384,1.46300685078525,1.48108676176689,
CIMS.CAN.AT.Ethanol,Sector,AT,Ethanol,,,Price multiplier,,,CIMS.CAN.AT.Electricity,CER,,1.125,1.125,1.125,1.125,1.125,1.125,1.125,1.125,1.125,1.125,1.125,
CIMS.CAN.AT.Ethanol,Sector,AT,Ethanol,,,Price multiplier,,,CIMS.CAN.AT.Ethanol,JCIMS,,1,1,1,1,1,1,1,1,1,1,1,
CIMS.CAN.AT.Ethanol,Sector,AT,Ethanol,,,Price multiplier,,,CIMS.Generic Fuels.Fuel Oil,CER,,1.00384190278173,0.99646288550503,0.98699101901943,0.96385466582835,0.9536059657598,0.91278192103617,0.8772822357015,0.87513862673514,0.88476647517012,0.89501420276445,0.90018147729967,
CIMS.CAN.AT.Ethanol,Sector,AT,Ethanol,,,Price multiplier,,,CIMS.Generic Fuels.Gasoline,JCIMS,,1,1,1,1,1,1,1,1,1,1,1,
CIMS.CAN.AT.Ethanol,Sector,AT,Ethanol,,,Price multiplier,,,CIMS.CAN.AT.Hydrogen,JCIMS,,1,1,1,1,1,1,1,1,1,1,1,
CIMS.CAN.AT.Ethanol,Sector,AT,Ethanol,,,Price multiplier,,,CIMS.Generic Fuels.Jet Fuel,JCIMS,,1,1,1,1,1,1,1,1,1,1,1,
CIMS.CAN.AT.Ethanol,Sector,AT,Ethanol,,,Price multiplier,,,CIMS.Generic Fuels.LPG,JCIMS,,1,1,1,1,1,1,1,1,1,1,1,
CIMS.CAN.AT.Ethanol,Sector,AT,Ethanol,,,Price multiplier,,,CIMS.Generic Fuels.Natural Gas,CER,,1.24940890038859,1.2816526495917,1.35994008939995,1.31264190533251,1.11333005919353,1.00702147268017,0.93906734216933,0.94226096490713,0.95310862495077,0.96725759607783,0.97859564345867,
CIMS.CAN.AT.Ethanol,Sector,AT,Ethanol,,,Price multiplier,,,CIMS.Generic Fuels.Petroleum Coke,JCIMS,,1,1,1,1,1,1,1,1,1,1,1,
CIMS.CAN.AT.Ethanol,Sector,AT,Ethanol,,,Price multiplier,,,CIMS.Generic Fuels.Propane,JCIMS,,1,1,1,1,1,1,1,1,1,1,1,
CIMS.CAN.AT.Ethanol,Sector,AT,Ethanol,,,Price multiplier,,,CIMS.Generic Fuels.Refinery Fuel Gas,JCIMS,,1,1,1,1,1,1,1,1,1,1,1,
CIMS.CAN.AT.Ethanol,Sector,AT,Ethanol,,,Price multiplier,,,CIMS.Generic Fuels.Solid Biomass,JCIMS,,1,1,1,1,1,1,1,1,1,1,1,
CIMS.CAN.AT.Ethanol,Sector,AT,Ethanol,,,Price multiplier,,,CIMS.Generic Fuels.Uranium,JCIMS,,1,1,1,1,1,1,1,1,1,1,1,
CIMS.CAN.AT.Ethanol,Sector,AT,Ethanol,,,Price multiplier,,,CIMS.Generic Fuels.Waste Fuel,JCIMS,,1,1,1,1,1,1,1,1,1,1,1,
CIMS.CAN.AT.Ethanol,Sector,AT,Ethanol,,,Emissions_biomass,CO2,Combustion,,,tCO2,0.07092631582869,0.07092631582869,0.07092631582869,0.07092631582869,0.07092631582869,0.07092631582869,0.07092631582869,0.07092631582869,0.07092631582869,0.07092631582869,0.07092631582869,
CIMS.CAN.AT.Ethanol,Sector,AT,Ethanol,,,Emissions,CO2,Combustion,,"ECCC, NIR",tCO2,0,0,0,0,0,0,0,0,0,0,0,
CIMS.CAN.AT.Ethanol,Sector,AT,Ethanol,,,Emissions,CH4,Combustion,,"ECCC, NIR",tCH4,0.00000470021974,0.00000470021974,0.00000470021974,0.00000470021974,0.00000470021974,0.00000470021974,0.00000470021974,0.00000470021974,0.00000470021974,0.00000470021974,0.00000470021974,
CIMS.CAN.AT.Ethanol,Sector,AT,Ethanol,,,Emissions,N2O,Combustion,,"ECCC, NIR",tN2O,0.00000094004395,0.00000094004395,0.00000094004395,0.00000094004395,0.00000094004395,0.00000094004395,0.00000094004395,0.00000094004395,0.00000094004395,0.00000094004395,0.00000094004395,
CIMS.CAN.AT.Ethanol,Sector,AT,Ethanol,,,Service requested,,,CIMS.CAN.AT.Ethanol.Production,,GJ,1,1,1,1,1,1,1,1,1,1,1,
CIMS.CAN.AT.Ethanol.Production,Service,AT,Ethanol,Production,,Service provided,,,,,GJ,,,,,,,,,,,,
CIMS.CAN.AT.Ethanol.Production,Service,AT,Ethanol,Production,,Competition type,Tech Compete,,,,,,,,,,,,,,,,
CIMS.CAN.AT.Ethanol.Production,Service,AT,Ethanol,Production,,Discount rate_financial,,,,,%,0.25,0.25,0.25,0.25,0.25,0.25,0.25,0.25,0.25,0.25,0.25,
CIMS.CAN.AT.Ethanol.Production,Service,AT,Ethanol,Production,,Heterogeneity,,,,,,25,25,25,25,25,25,25,25,25,25,25,
CIMS.CAN.AT.Ethanol.Production,Service,AT,Ethanol,Production,Corn,Technology,,,,,,,,,,,,,,,,,
CIMS.CAN.AT.Ethanol.Production,Service,AT,Ethanol,Production,Corn,Market share,,,,,%,1,,,,,,,,,,,
CIMS.CAN.AT.Ethanol.Production,Service,AT,Ethanol,Production,Corn,Service requested,,,CIMS.CAN.AT.Ethanol.Production.Corn,,GJ,1,1,1,1,1,1,1,1,1,1,1,
CIMS.CAN.AT.Ethanol.Production,Service,AT,Ethanol,Production,Cellulosic,Technology,,,,,,,,,,,,,,,,,
CIMS.CAN.AT.Ethanol.Production,Service,AT,Ethanol,Production,Cellulosic,Market share,,,,,%,0,,,,,,,,,,,
CIMS.CAN.AT.Ethanol.Production,Service,AT,Ethanol,Production,Cellulosic,Service requested,,,CIMS.CAN.AT.Ethanol.Production.Cellulosic,,GJ,1,1,1,1,1,1,1,1,1,1,1,
CIMS.CAN.AT.Ethanol.Production.Corn,Service,AT,Ethanol,Corn,,Service provided,,,,,GJ,,,,,,,,,,,,
CIMS.CAN.AT.Ethanol.Production.Corn,Service,AT,Ethanol,Corn,,Competition type,Tech Compete,,,,,,,,,,,,,,,,
CIMS.CAN.AT.Ethanol.Production.Corn,Service,AT,Ethanol,Corn,,Discount rate_financial,,,,,%,0.25,0.25,0.25,0.25,0.25,0.25,0.25,0.25,0.25,0.25,0.25,
CIMS.CAN.AT.Ethanol.Production.Corn,Service,AT,Ethanol,Corn,,Heterogeneity,,,,,,25,25,25,25,25,25,25,25,25,25,25,
CIMS.CAN.AT.Ethanol.Production.Corn,Service,AT,Ethanol,Corn,Corn ethanol,Technology,,,,,,,,,,,,,,,,,
CIMS.CAN.AT.Ethanol.Production.Corn,Service,AT,Ethanol,Corn,Corn ethanol,Available,,,,,Year,1995,1995,1995,1995,1995,1995,1995,1995,1995,1995,1995,
CIMS.CAN.AT.Ethanol.Production.Corn,Service,AT,Ethanol,Corn,Corn ethanol,Unavailable,,,,,Year,2101,2101,2101,2101,2101,2101,2101,2101,2101,2101,2101,
CIMS.CAN.AT.Ethanol.Production.Corn,Service,AT,Ethanol,Corn,Corn ethanol,Lifetime,,,,,Years,30,30,30,30,30,30,30,30,30,30,30,
CIMS.CAN.AT.Ethanol.Production.Corn,Service,AT,Ethanol,Corn,Corn ethanol,Market share,,,,,%,1,,,,,,,,,,,
CIMS.CAN.AT.Ethanol.Production.Corn,Service,AT,Ethanol,Corn,Corn ethanol,Output,,,,,GJ,5617551,5617551,5617551,5617551,5617551,5617551,5617551,5617551,5617551,5617551,5617551,
CIMS.CAN.AT.Ethanol.Production.Corn,Service,AT,Ethanol,Corn,Corn ethanol,FCC,,,,,$,110645807.959587,110645807.959587,110645807.959587,110645807.959587,110645807.959587,110645807.959587,110645807.959587,110645807.959587,110645807.959587,110645807.959587,110645807.959587,
CIMS.CAN.AT.Ethanol.Production.Corn,Service,AT,Ethanol,Corn,Corn ethanol,FOM,,,,,$,26597062.8752847,26597062.8752847,26597062.8752847,26597062.8752847,26597062.8752847,26597062.8752847,26597062.8752847,26597062.8752847,26597062.8752847,26597062.8752847,26597062.8752847,
CIMS.CAN.AT.Ethanol.Production.Corn,Service,AT,Ethanol,Corn,Corn ethanol,Service requested,,,CIMS.CAN.AT.Ethanol.Agricultural Input,,unit,1,1,1,1,1,1,1,1,1,1,1,
CIMS.CAN.AT.Ethanol.Production.Corn,Service,AT,Ethanol,Corn,Corn ethanol,Service requested,,,CIMS.CAN.AT.Ethanol.Steam,,GJ,0.503174103,0.503174103,0.503174103,0.503174103,0.503174103,0.503174103,0.503174103,0.503174103,0.503174103,0.503174103,0.503174103,
CIMS.CAN.AT.Ethanol.Production.Cellulosic,Service,AT,Ethanol,Cellulosic,,Service provided,,,,,GJ,,,,,,,,,,,,
CIMS.CAN.AT.Ethanol.Production.Cellulosic,Service,AT,Ethanol,Cellulosic,,Competition type,Tech Compete,,,,,,,,,,,,,,,,
CIMS.CAN.AT.Ethanol.Production.Cellulosic,Service,AT,Ethanol,Cellulosic,,Discount rate_financial,,,,,%,0.25,0.25,0.25,0.25,0.25,0.25,0.25,0.25,0.25,0.25,0.25,
CIMS.CAN.AT.Ethanol.Production.Cellulosic,Service,AT,Ethanol,Cellulosic,,Heterogeneity,,,,,,25,25,25,25,25,25,25,25,25,25,25,
CIMS.CAN.AT.Ethanol.Production.Cellulosic,Service,AT,Ethanol,Cellulosic,Cellulosic ethanol,Technology,,,,,,,,,,,,,,,,,
CIMS.CAN.AT.Ethanol.Production.Cellulosic,Service,AT,Ethanol,Cellulosic,Cellulosic ethanol,Available,,,,,Year,1995,1995,1995,1995,1995,1995,1995,1995,1995,1995,1995,
CIMS.CAN.AT.Ethanol.Production.Cellulosic,Service,AT,Ethanol,Cellulosic,Cellulosic ethanol,Unavailable,,,,,Year,2101,2101,2101,2101,2101,2101,2101,2101,2101,2101,2101,
CIMS.CAN.AT.Ethanol.Production.Cellulosic,Service,AT,Ethanol,Cellulosic,Cellulosic ethanol,Lifetime,,,,,Years,20,20,20,20,20,20,20,20,20,20,20,
CIMS.CAN.AT.Ethanol.Production.Cellulosic,Service,AT,Ethanol,Cellulosic,Cellulosic ethanol,Market share,,,,,%,1,,,,,,,,,,,
CIMS.CAN.AT.Ethanol.Production.Cellulosic,Service,AT,Ethanol,Cellulosic,Cellulosic ethanol,Output,,,,,GJ,4189088,4189088,4189088,4189088,4189088,4189088,4189088,4189088,4189088,4189088,4189088,
CIMS.CAN.AT.Ethanol.Production.Cellulosic,Service,AT,Ethanol,Cellulosic,Cellulosic ethanol,FCC,,,,,$,649792397.730783,649792397.730783,649792397.730783,649792397.730783,649792397.730783,649792397.730783,649792397.730783,649792397.730783,649792397.730783,649792397.730783,649792397.730783,
CIMS.CAN.AT.Ethanol.Production.Cellulosic,Service,AT,Ethanol,Cellulosic,Cellulosic ethanol,FOM,,,,,$,62724755.4463469,62724755.4463469,62724755.4463469,62724755.4463469,62724755.4463469,62724755.4463469,62724755.4463469,62724755.4463469,62724755.4463469,62724755.4463469,62724755.4463469,
CIMS.CAN.AT.Ethanol.Production.Cellulosic,Service,AT,Ethanol,Cellulosic,Cellulosic ethanol,Service requested,,,CIMS.Generic Fuels.Diesel,,GJ,0.029937661,0.029937661,0.029937661,0.029937661,0.029937661,0.029937661,0.029937661,0.029937661,0.029937661,0.029937661,0.029937661,
CIMS.CAN.AT.Ethanol.Production.Cellulosic,Service,AT,Ethanol,Cellulosic,Cellulosic ethanol,Service requested,,,CIMS.CAN.AT.Ethanol.Steam,,GJ,0.03015723,0.03015723,0.03015723,0.03015723,0.03015723,0.03015723,0.03015723,0.03015723,0.03015723,0.03015723,0.03015723,
CIMS.CAN.AT.Ethanol.Agricultural Input,Service,AT,Ethanol,Agricultural Input,,Service provided,,,,,unit,,,,,,,,,,,,
CIMS.CAN.AT.Ethanol.Agricultural Input,Service,AT,Ethanol,Agricultural Input,,Competition type,Tech Compete,,,,,,,,,,,,,,,,
CIMS.CAN.AT.Ethanol.Agricultural Input,Service,AT,Ethanol,Agricultural Input,,Discount rate_financial,,,,,%,0.25,0.25,0.25,0.25,0.25,0.25,0.25,0.25,0.25,0.25,0.25,
CIMS.CAN.AT.Ethanol.Agricultural Input,Service,AT,Ethanol,Agricultural Input,,Heterogeneity,,,,,,10,10,10,10,10,10,10,10,10,10,10,
CIMS.CAN.AT.Ethanol.Agricultural Input,Service,AT,Ethanol,Agricultural Input,Agricultural Production Diesel,Technology,,,,,,,,,,,,,,,,,
CIMS.CAN.AT.Ethanol.Agricultural Input,Service,AT,Ethanol,Agricultural Input,Agricultural Production Diesel,Available,,,,,Year,1995,1995,1995,1995,1995,1995,1995,1995,1995,1995,1995,
CIMS.CAN.AT.Ethanol.Agricultural Input,Service,AT,Ethanol,Agricultural Input,Agricultural Production Diesel,Unavailable,,,,,Year,2101,2101,2101,2101,2101,2101,2101,2101,2101,2101,2101,
CIMS.CAN.AT.Ethanol.Agricultural Input,Service,AT,Ethanol,Agricultural Input,Agricultural Production Diesel,Lifetime,,,,,Years,12,12,12,12,12,12,12,12,12,12,12,
CIMS.CAN.AT.Ethanol.Agricultural Input,Service,AT,Ethanol,Agricultural Input,Agricultural Production Diesel,Market share,,,,,%,1,,,,,,,,,,,
CIMS.CAN.AT.Ethanol.Agricultural Input,Service,AT,Ethanol,Agricultural Input,Agricultural Production Diesel,Output,,,,,unit,1,1,1,1,1,1,1,1,1,1,1,
CIMS.CAN.AT.Ethanol.Agricultural Input,Service,AT,Ethanol,Agricultural Input,Agricultural Production Diesel,FCC,,,,,$,12.075605531346,12.075605531346,12.075605531346,12.075605531346,12.075605531346,12.075605531346,12.075605531346,12.075605531346,12.075605531346,12.075605531346,12.075605531346,
CIMS.CAN.AT.Ethanol.Agricultural Input,Service,AT,Ethanol,Agricultural Input,Agricultural Production Diesel,FOM,,,,,$,10.136137191239,10.136137191239,10.136137191239,10.136137191239,10.136137191239,10.136137191239,10.136137191239,10.136137191239,10.136137191239,10.136137191239,10.136137191239,
CIMS.CAN.AT.Ethanol.Agricultural Input,Service,AT,Ethanol,Agricultural Input,Agricultural Production Diesel,Service requested,,,CIMS.Generic Fuels.Diesel,,GJ,0.086707335,0.086707335,0.086707335,0.086707335,0.086707335,0.086707335,0.086707335,0.086707335,0.086707335,0.086707335,0.086707335,
CIMS.CAN.AT.Ethanol.Agricultural Input,Service,AT,Ethanol,Agricultural Input,Agricultural Production Diesel,Service requested,,,CIMS.CAN.AT.Electricity,,GJ,0.011836397,0.011836397,0.011836397,0.011836397,0.011836397,0.011836397,0.011836397,0.011836397,0.011836397,0.011836397,0.011836397,
CIMS.CAN.AT.Ethanol.Agricultural Input,Service,AT,Ethanol,Agricultural Input,Agricultural Production Diesel,Service requested,,,CIMS.Generic Fuels.Natural Gas,,GJ,0.15297515811446,0.15297515811446,0.15297515811446,0.15297515811446,0.15297515811446,0.15297515811446,0.15297515811446,0.15297515811446,0.15297515811446,0.15297515811446,0.15297515811446,
CIMS.CAN.AT.Ethanol.Agricultural Input,Service,AT,Ethanol,Agricultural Input,Agricultural Production Diesel Eff,Technology,,,,,,,,,,,,,,,,,
CIMS.CAN.AT.Ethanol.Agricultural Input,Service,AT,Ethanol,Agricultural Input,Agricultural Production Diesel Eff,Available,,,,,Year,1995,1995,1995,1995,1995,1995,1995,1995,1995,1995,1995,
CIMS.CAN.AT.Ethanol.Agricultural Input,Service,AT,Ethanol,Agricultural Input,Agricultural Production Diesel Eff,Unavailable,,,,,Year,2101,2101,2101,2101,2101,2101,2101,2101,2101,2101,2101,
CIMS.CAN.AT.Ethanol.Agricultural Input,Service,AT,Ethanol,Agricultural Input,Agricultural Production Diesel Eff,Lifetime,,,,,Years,12,12,12,12,12,12,12,12,12,12,12,
CIMS.CAN.AT.Ethanol.Agricultural Input,Service,AT,Ethanol,Agricultural Input,Agricultural Production Diesel Eff,Market share,,,,,%,0,,,,,,,,,,,
CIMS.CAN.AT.Ethanol.Agricultural Input,Service,AT,Ethanol,Agricultural Input,Agricultural Production Diesel Eff,Output,,,,,unit,1,1,1,1,1,1,1,1,1,1,1,
CIMS.CAN.AT.Ethanol.Agricultural Input,Service,AT,Ethanol,Agricultural Input,Agricultural Production Diesel Eff,FCC,,,,,$,15.5641137959569,15.5641137959569,15.5641137959569,15.5641137959569,15.5641137959569,15.5641137959569,15.5641137959569,15.5641137959569,15.5641137959569,15.5641137959569,15.5641137959569,
CIMS.CAN.AT.Ethanol.Agricultural Input,Service,AT,Ethanol,Agricultural Input,Agricultural Production Diesel Eff,FOM,,,,,$,10.136137191239,10.136137191239,10.136137191239,10.136137191239,10.136137191239,10.136137191239,10.136137191239,10.136137191239,10.136137191239,10.136137191239,10.136137191239,
CIMS.CAN.AT.Ethanol.Agricultural Input,Service,AT,Ethanol,Agricultural Input,Agricultural Production Diesel Eff,Service requested,,,CIMS.Generic Fuels.Diesel,,GJ,0.086707335,0.086707335,0.086707335,0.086707335,0.086707335,0.086707335,0.086707335,0.086707335,0.086707335,0.086707335,0.086707335,
CIMS.CAN.AT.Ethanol.Agricultural Input,Service,AT,Ethanol,Agricultural Input,Agricultural Production Diesel Eff,Service requested,,,CIMS.CAN.AT.Electricity,,GJ,0.011836397,0.011836397,0.011836397,0.011836397,0.011836397,0.011836397,0.011836397,0.011836397,0.011836397,0.011836397,0.011836397,
CIMS.CAN.AT.Ethanol.Agricultural Input,Service,AT,Ethanol,Agricultural Input,Agricultural Production Diesel Eff,Service requested,,,CIMS.Generic Fuels.Natural Gas,,GJ,0.15297515811446,0.15297515811446,0.15297515811446,0.15297515811446,0.15297515811446,0.15297515811446,0.15297515811446,0.15297515811446,0.15297515811446,0.15297515811446,0.15297515811446,
CIMS.CAN.AT.Ethanol.Agricultural Input,Service,AT,Ethanol,Agricultural Input,Agricultural Production Biodiesel,Technology,,,,,,,,,,,,,,,,,
CIMS.CAN.AT.Ethanol.Agricultural Input,Service,AT,Ethanol,Agricultural Input,Agricultural Production Biodiesel,Available,,,,,Year,1995,1995,1995,1995,1995,1995,1995,1995,1995,1995,1995,
CIMS.CAN.AT.Ethanol.Agricultural Input,Service,AT,Ethanol,Agricultural Input,Agricultural Production Biodiesel,Unavailable,,,,,Year,2101,2101,2101,2101,2101,2101,2101,2101,2101,2101,2101,
CIMS.CAN.AT.Ethanol.Agricultural Input,Service,AT,Ethanol,Agricultural Input,Agricultural Production Biodiesel,Lifetime,,,,,Years,12,12,12,12,12,12,12,12,12,12,12,
CIMS.CAN.AT.Ethanol.Agricultural Input,Service,AT,Ethanol,Agricultural Input,Agricultural Production Biodiesel,Market share,,,,,%,0,,,,,,,,,,,
CIMS.CAN.AT.Ethanol.Agricultural Input,Service,AT,Ethanol,Agricultural Input,Agricultural Production Biodiesel,Output,,,,,unit,1,1,1,1,1,1,1,1,1,1,1,
CIMS.CAN.AT.Ethanol.Agricultural Input,Service,AT,Ethanol,Agricultural Input,Agricultural Production Biodiesel,FCC,,,,,$,15.5641137959569,15.5641137959569,15.5641137959569,15.5641137959569,15.5641137959569,15.5641137959569,15.5641137959569,15.5641137959569,15.5641137959569,15.5641137959569,15.5641137959569,
CIMS.CAN.AT.Ethanol.Agricultural Input,Service,AT,Ethanol,Agricultural Input,Agricultural Production Biodiesel,FOM,,,,,$,10.136137191239,10.136137191239,10.136137191239,10.136137191239,10.136137191239,10.136137191239,10.136137191239,10.136137191239,10.136137191239,10.136137191239,10.136137191239,
CIMS.CAN.AT.Ethanol.Agricultural Input,Service,AT,Ethanol,Agricultural Input,Agricultural Production Biodiesel,Service requested,,,CIMS.CAN.AT.Biodiesel,,GJ,0.086707335,0.086707335,0.086707335,0.086707335,0.086707335,0.086707335,0.086707335,0.086707335,0.086707335,0.086707335,0.086707335,
CIMS.CAN.AT.Ethanol.Agricultural Input,Service,AT,Ethanol,Agricultural Input,Agricultural Production Biodiesel,Service requested,,,CIMS.CAN.AT.Electricity,,GJ,0.011836397,0.011836397,0.011836397,0.011836397,0.011836397,0.011836397,0.011836397,0.011836397,0.011836397,0.011836397,0.011836397,
CIMS.CAN.AT.Ethanol.Agricultural Input,Service,AT,Ethanol,Agricultural Input,Agricultural Production Biodiesel,Service requested,,,CIMS.Generic Fuels.Natural Gas,,GJ,0.15297515811446,0.15297515811446,0.15297515811446,0.15297515811446,0.15297515811446,0.15297515811446,0.15297515811446,0.15297515811446,0.15297515811446,0.15297515811446,0.15297515811446,
CIMS.CAN.AT.Ethanol.Steam,Service,AT,Ethanol,Steam,,Service provided,,,,,GJ,,,,,,,,,,,,
CIMS.CAN.AT.Ethanol.Steam,Service,AT,Ethanol,Steam,,Competition type,Tech Compete,,,,,,,,,,,,,,,,
CIMS.CAN.AT.Ethanol.Steam,Service,AT,Ethanol,Steam,,Discount rate_financial,,,,,%,0.4,0.4,0.4,0.4,0.4,0.4,0.4,0.4,0.4,0.4,0.4,
CIMS.CAN.AT.Ethanol.Steam,Service,AT,Ethanol,Steam,,Heterogeneity,,,,,,10,10,10,10,10,10,10,10,10,10,10,
CIMS.CAN.AT.Ethanol.Steam,Service,AT,Ethanol,Steam,Boilers Electric,Technology,,,,,,,,,,,,,,,,,
CIMS.CAN.AT.Ethanol.Steam,Service,AT,Ethanol,Steam,Boilers Electric,Available,,,,,Year,1930,1930,1930,1930,1930,1930,1930,1930,1930,1930,1930,
CIMS.CAN.AT.Ethanol.Steam,Service,AT,Ethanol,Steam,Boilers Electric,Unavailable,,,,,Year,2101,2101,2101,2101,2101,2101,2101,2101,2101,2101,2101,
CIMS.CAN.AT.Ethanol.Steam,Service,AT,Ethanol,Steam,Boilers Electric,Lifetime,,,,,Years,30,30,30,30,30,30,30,30,30,30,30,
CIMS.CAN.AT.Ethanol.Steam,Service,AT,Ethanol,Steam,Boilers Electric,Market share,,,,,%,0,,,,,,,,,,,
CIMS.CAN.AT.Ethanol.Steam,Service,AT,Ethanol,Steam,Boilers Electric,Output,,,,,GJ,350000,350000,350000,350000,350000,350000,350000,350000,350000,350000,350000,
CIMS.CAN.AT.Ethanol.Steam,Service,AT,Ethanol,Steam,Boilers Electric,FCC,,,,,$,4259802.37930292,4259802.37930292,4259802.37930292,4259802.37930292,4259802.37930292,4259802.37930292,4259802.37930292,4259802.37930292,4259802.37930292,4259802.37930292,4259802.37930292,
CIMS.CAN.AT.Ethanol.Steam,Service,AT,Ethanol,Steam,Boilers Electric,FOM,,,,,$,170392.095172117,170392.095172117,170392.095172117,170392.095172117,170392.095172117,170392.095172117,170392.095172117,170392.095172117,170392.095172117,170392.095172117,170392.095172117,
CIMS.CAN.AT.Ethanol.Steam,Service,AT,Ethanol,Steam,Boilers Electric,Service requested,,,CIMS.CAN.AT.Electricity,,GJ,1.1,1.1,1.1,1.1,1.1,1.1,1.1,1.1,1.1,1.1,1.1,
CIMS.CAN.AT.Ethanol.Steam,Service,AT,Ethanol,Steam,Boilers NG,Technology,,,,,,,,,,,,,,,,,
CIMS.CAN.AT.Ethanol.Steam,Service,AT,Ethanol,Steam,Boilers NG,Available,,,,,Year,1930,1930,1930,1930,1930,1930,1930,1930,1930,1930,1930,
CIMS.CAN.AT.Ethanol.Steam,Service,AT,Ethanol,Steam,Boilers NG,Unavailable,,,,,Year,2101,2101,2101,2101,2101,2101,2101,2101,2101,2101,2101,
CIMS.CAN.AT.Ethanol.Steam,Service,AT,Ethanol,Steam,Boilers NG,Lifetime,,,,,Years,30,30,30,30,30,30,30,30,30,30,30,
CIMS.CAN.AT.Ethanol.Steam,Service,AT,Ethanol,Steam,Boilers NG,Market share,,,,,%,1,,,,,,,,,,,
CIMS.CAN.AT.Ethanol.Steam,Service,AT,Ethanol,Steam,Boilers NG,Output,,,,,GJ,350000,350000,350000,350000,350000,350000,350000,350000,350000,350000,350000,
CIMS.CAN.AT.Ethanol.Steam,Service,AT,Ethanol,Steam,Boilers NG,FCC,,,,,$,3684950.53664186,3684950.53664186,3684950.53664186,3684950.53664186,3684950.53664186,3684950.53664186,3684950.53664186,3684950.53664186,3684950.53664186,3684950.53664186,3684950.53664186,
CIMS.CAN.AT.Ethanol.Steam,Service,AT,Ethanol,Steam,Boilers NG,FOM,,,,,$,147398.021465674,147398.021465674,147398.021465674,147398.021465674,147398.021465674,147398.021465674,147398.021465674,147398.021465674,147398.021465674,147398.021465674,147398.021465674,
CIMS.CAN.AT.Ethanol.Steam,Service,AT,Ethanol,Steam,Boilers NG,Service requested,,,CIMS.Generic Fuels.Natural Gas,,GJ,1.25494117647058,1.25494117647058,1.25494117647058,1.25494117647058,1.25494117647058,1.25494117647058,1.25494117647058,1.25494117647058,1.25494117647058,1.25494117647058,1.25494117647058,
CIMS.CAN.AT.Ethanol.Steam,Service,AT,Ethanol,Steam,Boilers coal,Technology,,,,,,,,,,,,,,,,,
CIMS.CAN.AT.Ethanol.Steam,Service,AT,Ethanol,Steam,Boilers coal,Available,,,,,Year,1930,1930,1930,1930,1930,1930,1930,1930,1930,1930,1930,
CIMS.CAN.AT.Ethanol.Steam,Service,AT,Ethanol,Steam,Boilers coal,Unavailable,,,,,Year,2101,2101,2101,2101,2101,2101,2101,2101,2101,2101,2101,
CIMS.CAN.AT.Ethanol.Steam,Service,AT,Ethanol,Steam,Boilers coal,Lifetime,,,,,Years,30,30,30,30,30,30,30,30,30,30,30,
CIMS.CAN.AT.Ethanol.Steam,Service,AT,Ethanol,Steam,Boilers coal,Market share,,,,,%,0,,,,,,,,,,,
CIMS.CAN.AT.Ethanol.Steam,Service,AT,Ethanol,Steam,Boilers coal,Output,,,,,GJ,350000,350000,350000,350000,350000,350000,350000,350000,350000,350000,350000,
CIMS.CAN.AT.Ethanol.Steam,Service,AT,Ethanol,Steam,Boilers coal,FCC,,,,,$,11054851.6099256,11054851.6099256,11054851.6099256,11054851.6099256,11054851.6099256,11054851.6099256,11054851.6099256,11054851.6099256,11054851.6099256,11054851.6099256,11054851.6099256,
CIMS.CAN.AT.Ethanol.Steam,Service,AT,Ethanol,Steam,Boilers coal,FOM,,,,,$,442194.064397023,442194.064397023,442194.064397023,442194.064397023,442194.064397023,442194.064397023,442194.064397023,442194.064397023,442194.064397023,442194.064397023,442194.064397023,
CIMS.CAN.AT.Ethanol.Steam,Service,AT,Ethanol,Steam,Boilers coal,Service requested,,,CIMS.Generic Fuels.Coal,,GJ,1.22609195402298,1.22609195402298,1.22609195402298,1.22609195402298,1.22609195402298,1.22609195402298,1.22609195402298,1.22609195402298,1.22609195402298,1.22609195402298,1.22609195402298,
CIMS.CAN.AT.Ethanol.Steam,Service,AT,Ethanol,Steam,Boilers Coal CCS,Technology,,,,,,,,,,,,,,,,,
CIMS.CAN.AT.Ethanol.Steam,Service,AT,Ethanol,Steam,Boilers Coal CCS,Available,,,,,Year,2015,2015,2015,2015,2015,2015,2015,2015,2015,2015,2015,
CIMS.CAN.AT.Ethanol.Steam,Service,AT,Ethanol,Steam,Boilers Coal CCS,Unavailable,,,,,Year,2101,2101,2101,2101,2101,2101,2101,2101,2101,2101,2101,
CIMS.CAN.AT.Ethanol.Steam,Service,AT,Ethanol,Steam,Boilers Coal CCS,Lifetime,,,,,Years,30,30,30,30,30,30,30,30,30,30,30,
CIMS.CAN.AT.Ethanol.Steam,Service,AT,Ethanol,Steam,Boilers Coal CCS,Market share,,,,,%,0,,,,,,,,,,,
CIMS.CAN.AT.Ethanol.Steam,Service,AT,Ethanol,Steam,Boilers Coal CCS,Output,,,,,GJ,350000,350000,350000,350000,350000,350000,350000,350000,350000,350000,350000,
CIMS.CAN.AT.Ethanol.Steam,Service,AT,Ethanol,Steam,Boilers Coal CCS,FCC,,,,,$,11054851.6105977,11054851.6105977,11054851.6105977,11054851.6105977,11054851.6105977,11054851.6105977,11054851.6105977,11054851.6105977,11054851.6105977,11054851.6105977,11054851.6105977,
CIMS.CAN.AT.Ethanol.Steam,Service,AT,Ethanol,Steam,Boilers Coal CCS,FOM,,,,,$,967905.533915888,967905.533915888,967905.533915888,967905.533915888,967905.533915888,967905.533915888,967905.533915888,967905.533915888,967905.533915888,967905.533915888,967905.533915888,
CIMS.CAN.AT.Ethanol.Steam,Service,AT,Ethanol,Steam,Boilers Coal CCS,Service requested,,,CIMS.CAN.AT.Electricity,,GJ,0.054452343,0.054452343,0.054452343,0.054452343,0.054452343,0.054452343,0.054452343,0.054452343,0.054452343,0.054452343,0.054452343,
CIMS.CAN.AT.Ethanol.Steam,Service,AT,Ethanol,Steam,Boilers Coal CCS,Service requested,,,CIMS.Generic Fuels.Coal,,GJ,1.562910568,1.562910568,1.562910568,1.562910568,1.562910568,1.562910568,1.562910568,1.562910568,1.562910568,1.562910568,1.562910568,
CIMS.CAN.AT.Ethanol.Steam,Service,AT,Ethanol,Steam,Boilers Coal CCS,Service requested,,,CIMS.CAN.AT.Ethanol.CCS.CCS_Coal,,$,66.49919016,66.49919016,66.49919016,66.49919016,66.49919016,66.49919016,66.49919016,66.49919016,66.49919016,66.49919016,66.49919016,
CIMS.CAN.AT.Ethanol.Steam,Service,AT,Ethanol,Steam,Boilers NG IA CCS,Technology,,,,,,,,,,,,,,,,,
CIMS.CAN.AT.Ethanol.Steam,Service,AT,Ethanol,Steam,Boilers NG IA CCS,Available,,,,,Year,2015,2015,2015,2015,2015,2015,2015,2015,2015,2015,2015,
CIMS.CAN.AT.Ethanol.Steam,Service,AT,Ethanol,Steam,Boilers NG IA CCS,Unavailable,,,,,Year,2101,2101,2101,2101,2101,2101,2101,2101,2101,2101,2101,
CIMS.CAN.AT.Ethanol.Steam,Service,AT,Ethanol,Steam,Boilers NG IA CCS,Lifetime,,,,,Years,30,30,30,30,30,30,30,30,30,30,30,
CIMS.CAN.AT.Ethanol.Steam,Service,AT,Ethanol,Steam,Boilers NG IA CCS,Market share,,,,,%,0,,,,,,,,,,,
CIMS.CAN.AT.Ethanol.Steam,Service,AT,Ethanol,Steam,Boilers NG IA CCS,Output,,,,,GJ,350000,350000,350000,350000,350000,350000,350000,350000,350000,350000,350000,
CIMS.CAN.AT.Ethanol.Steam,Service,AT,Ethanol,Steam,Boilers NG IA CCS,FCC,,,,,$,5527425.80529886,5527425.80529886,5527425.80529886,5527425.80529886,5527425.80529886,5527425.80529886,5527425.80529886,5527425.80529886,5527425.80529886,5527425.80529886,5527425.80529886,
CIMS.CAN.AT.Ethanol.Steam,Service,AT,Ethanol,Steam,Boilers NG IA CCS,FOM,,,,,$,445376.241658878,445376.241658878,445376.241658878,445376.241658878,445376.241658878,445376.241658878,445376.241658878,445376.241658878,445376.241658878,445376.241658878,445376.241658878,
CIMS.CAN.AT.Ethanol.Steam,Service,AT,Ethanol,Steam,Boilers NG IA CCS,Service requested,,,CIMS.CAN.AT.Electricity,,GJ,0.041570627,0.041570627,0.041570627,0.041570627,0.041570627,0.041570627,0.041570627,0.041570627,0.041570627,0.041570627,0.041570627,
CIMS.CAN.AT.Ethanol.Steam,Service,AT,Ethanol,Steam,Boilers NG IA CCS,Service requested,,,CIMS.Generic Fuels.Natural Gas,,GJ,1.384991255,1.384991255,1.384991255,1.384991255,1.384991255,1.384991255,1.384991255,1.384991255,1.384991255,1.384991255,1.384991255,
CIMS.CAN.AT.Ethanol.Steam,Service,AT,Ethanol,Steam,Boilers NG IA CCS,Service requested,,,CIMS.CAN.AT.Ethanol.CCS.CCS_Natural Gas,,$,66.49919016,66.49919016,66.49919016,66.49919016,66.49919016,66.49919016,66.49919016,66.49919016,66.49919016,66.49919016,66.49919016,
CIMS.CAN.AT.Ethanol.Steam,Service,AT,Ethanol,Steam,SCGT HRSG 40 MW High H:P ratio,Technology,,,,,,,,,,,,,,,,,
CIMS.CAN.AT.Ethanol.Steam,Service,AT,Ethanol,Steam,SCGT HRSG 40 MW High H:P ratio,Available,,,,,Year,2000,2000,2000,2000,2000,2000,2000,2000,2000,2000,2000,
CIMS.CAN.AT.Ethanol.Steam,Service,AT,Ethanol,Steam,SCGT HRSG 40 MW High H:P ratio,Unavailable,,,,,Year,2101,2101,2101,2101,2101,2101,2101,2101,2101,2101,2101,
CIMS.CAN.AT.Ethanol.Steam,Service,AT,Ethanol,Steam,SCGT HRSG 40 MW High H:P ratio,Lifetime,,,,,Years,30,30,30,30,30,30,30,30,30,30,30,
CIMS.CAN.AT.Ethanol.Steam,Service,AT,Ethanol,Steam,SCGT HRSG 40 MW High H:P ratio,Market share,,,,,%,0,,,,,,,,,,,
CIMS.CAN.AT.Ethanol.Steam,Service,AT,Ethanol,Steam,SCGT HRSG 40 MW High H:P ratio,Output,,,,,GJ,4686533,4686533,4686533,4686533,4686533,4686533,4686533,4686533,4686533,4686533,4686533,
CIMS.CAN.AT.Ethanol.Steam,Service,AT,Ethanol,Steam,SCGT HRSG 40 MW High H:P ratio,FCC,,,,,$,88785053.5454822,88785053.5454822,88785053.5454822,88785053.5454822,88785053.5454822,88785053.5454822,88785053.5454822,88785053.5454822,88785053.5454822,88785053.5454822,88785053.5454822,
CIMS.CAN.AT.Ethanol.Steam,Service,AT,Ethanol,Steam,SCGT HRSG 40 MW High H:P ratio,FOM,,,,,$,8813319.66856512,8813319.66856512,8813319.66856512,8813319.66856512,8813319.66856512,8813319.66856512,8813319.66856512,8813319.66856512,8813319.66856512,8813319.66856512,8813319.66856512,
CIMS.CAN.AT.Ethanol.Steam,Service,AT,Ethanol,Steam,SCGT HRSG 40 MW High H:P ratio,Service requested,,,CIMS.Generic Fuels.Natural Gas,,GJ,1.39,1.39,1.39,1.39,1.39,1.39,1.39,1.39,1.39,1.39,1.39,
CIMS.CAN.AT.Ethanol.Steam,Service,AT,Ethanol,Steam,SCGT HRSG 40 MW High H:P ratio,Service requested,,,CIMS.CAN.AT.Electricity,,GJ,-0.24,-0.24,-0.24,-0.24,-0.24,-0.24,-0.24,-0.24,-0.24,-0.24,-0.24,
CIMS.CAN.AT.Ethanol.Steam,Service,AT,Ethanol,Steam,SCGT HRSG 10 MW High H:P ratio,Technology,,,,,,,,,,,,,,,,,
CIMS.CAN.AT.Ethanol.Steam,Service,AT,Ethanol,Steam,SCGT HRSG 10 MW High H:P ratio,Available,,,,,Year,2000,2000,2000,2000,2000,2000,2000,2000,2000,2000,2000,
CIMS.CAN.AT.Ethanol.Steam,Service,AT,Ethanol,Steam,SCGT HRSG 10 MW High H:P ratio,Unavailable,,,,,Year,2101,2101,2101,2101,2101,2101,2101,2101,2101,2101,2101,
CIMS.CAN.AT.Ethanol.Steam,Service,AT,Ethanol,Steam,SCGT HRSG 10 MW High H:P ratio,Lifetime,,,,,Years,30,30,30,30,30,30,30,30,30,30,30,
CIMS.CAN.AT.Ethanol.Steam,Service,AT,Ethanol,Steam,SCGT HRSG 10 MW High H:P ratio,Market share,,,,,%,0,,,,,,,,,,,
CIMS.CAN.AT.Ethanol.Steam,Service,AT,Ethanol,Steam,SCGT HRSG 10 MW High H:P ratio,Output,,,,,GJ,1171633,1171633,1171633,1171633,1171633,1171633,1171633,1171633,1171633,1171633,1171633,
CIMS.CAN.AT.Ethanol.Steam,Service,AT,Ethanol,Steam,SCGT HRSG 10 MW High H:P ratio,FCC,,,,,$,27530249.1613897,27530249.1613897,27530249.1613897,27530249.1613897,27530249.1613897,27530249.1613897,27530249.1613897,27530249.1613897,27530249.1613897,27530249.1613897,27530249.1613897,
CIMS.CAN.AT.Ethanol.Steam,Service,AT,Ethanol,Steam,SCGT HRSG 10 MW High H:P ratio,FOM,,,,,$,2867259.80797172,2867259.80797172,2867259.80797172,2867259.80797172,2867259.80797172,2867259.80797172,2867259.80797172,2867259.80797172,2867259.80797172,2867259.80797172,2867259.80797172,
CIMS.CAN.AT.Ethanol.Steam,Service,AT,Ethanol,Steam,SCGT HRSG 10 MW High H:P ratio,Service requested,,,CIMS.Generic Fuels.Natural Gas,,GJ,1.39,1.39,1.39,1.39,1.39,1.39,1.39,1.39,1.39,1.39,1.39,
CIMS.CAN.AT.Ethanol.Steam,Service,AT,Ethanol,Steam,SCGT HRSG 10 MW High H:P ratio,Service requested,,,CIMS.CAN.AT.Electricity,,GJ,-0.24,-0.24,-0.24,-0.24,-0.24,-0.24,-0.24,-0.24,-0.24,-0.24,-0.24,
CIMS.CAN.AT.Ethanol.Steam,Service,AT,Ethanol,Steam,BPST NG 30 MW,Technology,,,,,,,,,,,,,,,,,
CIMS.CAN.AT.Ethanol.Steam,Service,AT,Ethanol,Steam,BPST NG 30 MW,Available,,,,,Year,2000,2000,2000,2000,2000,2000,2000,2000,2000,2000,2000,
CIMS.CAN.AT.Ethanol.Steam,Service,AT,Ethanol,Steam,BPST NG 30 MW,Unavailable,,,,,Year,2101,2101,2101,2101,2101,2101,2101,2101,2101,2101,2101,
CIMS.CAN.AT.Ethanol.Steam,Service,AT,Ethanol,Steam,BPST NG 30 MW,Lifetime,,,,,Years,30,30,30,30,30,30,30,30,30,30,30,
CIMS.CAN.AT.Ethanol.Steam,Service,AT,Ethanol,Steam,BPST NG 30 MW,Market share,,,,,%,0,,,,,,,,,,,
CIMS.CAN.AT.Ethanol.Steam,Service,AT,Ethanol,Steam,BPST NG 30 MW,Output,,,,,GJ,5220611,5220611,5220611,5220611,5220611,5220611,5220611,5220611,5220611,5220611,5220611,
CIMS.CAN.AT.Ethanol.Steam,Service,AT,Ethanol,Steam,BPST NG 30 MW,FCC,,,,,$,60814852.2318689,60814852.2318689,60814852.2318689,60814852.2318689,60814852.2318689,60814852.2318689,60814852.2318689,60814852.2318689,60814852.2318689,60814852.2318689,60814852.2318689,
CIMS.CAN.AT.Ethanol.Steam,Service,AT,Ethanol,Steam,BPST NG 30 MW,FOM,,,,,$,6781590.40889195,6781590.40889195,6781590.40889195,6781590.40889195,6781590.40889195,6781590.40889195,6781590.40889195,6781590.40889195,6781590.40889195,6781590.40889195,6781590.40889195,
CIMS.CAN.AT.Ethanol.Steam,Service,AT,Ethanol,Steam,BPST NG 30 MW,Service requested,,,CIMS.Generic Fuels.Natural Gas,,GJ,1.34,1.34,1.34,1.34,1.34,1.34,1.34,1.34,1.34,1.34,1.34,
CIMS.CAN.AT.Ethanol.Steam,Service,AT,Ethanol,Steam,BPST NG 30 MW,Service requested,,,CIMS.CAN.AT.Electricity,,GJ,-0.12,-0.12,-0.12,-0.12,-0.12,-0.12,-0.12,-0.12,-0.12,-0.12,-0.12,
CIMS.CAN.AT.Ethanol.Steam,Service,AT,Ethanol,Steam,BPST NG 30 MW CCS,Technology,,,,,,,,,,,,,,,,,
CIMS.CAN.AT.Ethanol.Steam,Service,AT,Ethanol,Steam,BPST NG 30 MW CCS,Available,,,,,Year,2015,2015,2015,2015,2015,2015,2015,2015,2015,2015,2015,
CIMS.CAN.AT.Ethanol.Steam,Service,AT,Ethanol,Steam,BPST NG 30 MW CCS,Unavailable,,,,,Year,2101,2101,2101,2101,2101,2101,2101,2101,2101,2101,2101,
CIMS.CAN.AT.Ethanol.Steam,Service,AT,Ethanol,Steam,BPST NG 30 MW CCS,Lifetime,,,,,Years,30,30,30,30,30,30,30,30,30,30,30,
CIMS.CAN.AT.Ethanol.Steam,Service,AT,Ethanol,Steam,BPST NG 30 MW CCS,Market share,,,,,%,0,,,,,,,,,,,
CIMS.CAN.AT.Ethanol.Steam,Service,AT,Ethanol,Steam,BPST NG 30 MW CCS,Output,,,,,GJ,5220611,5220611,5220611,5220611,5220611,5220611,5220611,5220611,5220611,5220611,5220611,
CIMS.CAN.AT.Ethanol.Steam,Service,AT,Ethanol,Steam,BPST NG 30 MW CCS,FCC,,,,,$,60814852.2318689,60814852.2318689,60814852.2318689,60814852.2318689,60814852.2318689,60814852.2318689,60814852.2318689,60814852.2318689,60814852.2318689,60814852.2318689,60814852.2318689,
CIMS.CAN.AT.Ethanol.Steam,Service,AT,Ethanol,Steam,BPST NG 30 MW CCS,FOM,,,,,$,11400174.4047944,11400174.4047944,11400174.4047944,11400174.4047944,11400174.4047944,11400174.4047944,11400174.4047944,11400174.4047944,11400174.4047944,11400174.4047944,11400174.4047944,
CIMS.CAN.AT.Ethanol.Steam,Service,AT,Ethanol,Steam,BPST NG 30 MW CCS,Service requested,,,CIMS.Generic Fuels.Natural Gas,,GJ,1.548051806,1.548051806,1.548051806,1.548051806,1.548051806,1.548051806,1.548051806,1.548051806,1.548051806,1.548051806,1.548051806,
CIMS.CAN.AT.Ethanol.Steam,Service,AT,Ethanol,Steam,BPST NG 30 MW CCS,Service requested,,,CIMS.CAN.AT.Electricity,,GJ,-0.073535097,-0.073535097,-0.073535097,-0.073535097,-0.073535097,-0.073535097,-0.073535097,-0.073535097,-0.073535097,-0.073535097,-0.073535097,
CIMS.CAN.AT.Ethanol.Steam,Service,AT,Ethanol,Steam,BPST NG 30 MW CCS,Service requested,,,CIMS.CAN.AT.Ethanol.CCS.CCS_Natural Gas,,$,65.45715663,65.45715663,65.45715663,65.45715663,65.45715663,65.45715663,65.45715663,65.45715663,65.45715663,65.45715663,65.45715663,
CIMS.CAN.AT.Ethanol.CCS,Service,AT,Ethanol,CCS,,Service provided,,,,,tCO2,,,,,,,,,,,,
CIMS.CAN.AT.Ethanol.CCS,Service,AT,Ethanol,CCS,,Competition type,Fixed Ratio,,,,,,,,,,,,,,,,
CIMS.CAN.AT.Ethanol.CCS,Service,AT,Ethanol,CCS,,Service requested,,,CIMS.CAN.AT.Ethanol.CCS.CCS_Coal,n/a,tCO2,1,1,1,1,1,1,1,1,1,1,1,
CIMS.CAN.AT.Ethanol.CCS,Service,AT,Ethanol,CCS,,Service requested,,,CIMS.CAN.AT.Ethanol.CCS.CCS_Natural Gas,n/a,tCO2,1,1,1,1,1,1,1,1,1,1,1,
CIMS.CAN.AT.Ethanol.CCS.CCS_Coal,Service,AT,Ethanol,CCS_Coal,,Service provided,,,,,tCO2,,,,,,,,,,,,
CIMS.CAN.AT.Ethanol.CCS.CCS_Coal,Service,AT,Ethanol,CCS_Coal,,Competition type,Tech Compete,,,,,,,,,,,,,,,,
CIMS.CAN.AT.Ethanol.CCS.CCS_Coal,Service,AT,Ethanol,CCS_Coal,,Discount rate_financial,,,,n/a,%,0.25,0.25,0.25,0.25,0.25,0.25,0.25,0.25,0.25,0.25,0.25,
CIMS.CAN.AT.Ethanol.CCS.CCS_Coal,Service,AT,Ethanol,CCS_Coal,,Heterogeneity,,,,,,25,25,25,25,25,25,25,25,25,25,25,
CIMS.CAN.AT.Ethanol.CCS.CCS_Coal,Service,AT,Ethanol,CCS_Coal,CCS,Technology,,,,,,,,,,,,,,,,,
CIMS.CAN.AT.Ethanol.CCS.CCS_Coal,Service,AT,Ethanol,CCS_Coal,CCS,Available,,,,Assumption,Year,2020,2020,2020,2020,2020,2020,2020,2020,2020,2020,2020,
CIMS.CAN.AT.Ethanol.CCS.CCS_Coal,Service,AT,Ethanol,CCS_Coal,CCS,Unavailable,,,,Assumption,Year,2101,2101,2101,2101,2101,2101,2101,2101,2101,2101,2101,
CIMS.CAN.AT.Ethanol.CCS.CCS_Coal,Service,AT,Ethanol,CCS_Coal,CCS,Lifetime,,,,NREL 2020 ATB,Years,30,30,30,30,30,30,30,30,30,30,30,
CIMS.CAN.AT.Ethanol.CCS.CCS_Coal,Service,AT,Ethanol,CCS_Coal,CCS,Market share,,,,Assumption,%,1,,,,,,,,,,,
CIMS.CAN.AT.Ethanol.CCS.CCS_Coal,Service,AT,Ethanol,CCS_Coal,CCS,Output,,,,NREL 2020 ATB,tCO2,4050592.026,4050592.026,4050592.026,4050592.026,4050592.026,4050592.026,4050592.026,4050592.026,4050592.026,4050592.026,4050592.026,
CIMS.CAN.AT.Ethanol.CCS.CCS_Coal,Service,AT,Ethanol,CCS_Coal,CCS,FCC,,,,NREL 2020 ATB,$,2320103500,2320103500,2320103500,2320103500,2320103500,2320103500,2320103500,2320103500,2320103500,2320103500,2320103500,
CIMS.CAN.AT.Ethanol.CCS.CCS_Coal,Service,AT,Ethanol,CCS_Coal,CCS,FOM,,,,NREL 2020 ATB,$,16105700,16105700,16105700,16105700,16105700,16105700,16105700,16105700,16105700,16105700,16105700,
CIMS.CAN.AT.Ethanol.CCS.CCS_Coal,Service,AT,Ethanol,CCS_Coal,CCS,Service requested,,,CIMS.Generic Fuels.Coal,NREL 2020 ATB,GJ,4.58548315466799,4.58548315466799,4.58548315466799,4.58548315466799,4.58548315466799,4.58548315466799,4.58548315466799,4.58548315466799,4.58548315466799,4.58548315466799,4.58548315466799,
CIMS.CAN.AT.Ethanol.CCS.CCS_Coal,Service,AT,Ethanol,CCS_Coal,CCS,Service requested,,,CIMS.Generic Fuels.VOM,NREL 2020 ATB,$,7.13543694711258,7.13543694711258,7.13543694711258,7.13543694711258,7.13543694711258,7.13543694711258,7.13543694711258,7.13543694711258,7.13543694711258,7.13543694711258,7.13543694711258,
CIMS.CAN.AT.Ethanol.CCS.CCS_Coal,Service,AT,Ethanol,CCS_Coal,CCS,Emissions_removal,CO2,Combustion,,NREL H2A model 2018,%,0.86,0.86,0.86,0.86,0.86,0.86,0.86,0.86,0.86,0.86,0.86,
CIMS.CAN.AT.Ethanol.CCS.CCS_Natural Gas,Service,AT,Ethanol,CCS_Natural Gas,,Service provided,,,,,tCO2,,,,,,,,,,,,
CIMS.CAN.AT.Ethanol.CCS.CCS_Natural Gas,Service,AT,Ethanol,CCS_Natural Gas,,Competition type,Tech Compete,,,,,,,,,,,,,,,,
CIMS.CAN.AT.Ethanol.CCS.CCS_Natural Gas,Service,AT,Ethanol,CCS_Natural Gas,,Discount rate_financial,,,,n/a,%,0.25,0.25,0.25,0.25,0.25,0.25,0.25,0.25,0.25,0.25,0.25,
CIMS.CAN.AT.Ethanol.CCS.CCS_Natural Gas,Service,AT,Ethanol,CCS_Natural Gas,,Heterogeneity,,,,,,25,25,25,25,25,25,25,25,25,25,25,
CIMS.CAN.AT.Ethanol.CCS.CCS_Natural Gas,Service,AT,Ethanol,CCS_Natural Gas,CCS,Technology,,,,,,,,,,,,,,,,,
CIMS.CAN.AT.Ethanol.CCS.CCS_Natural Gas,Service,AT,Ethanol,CCS_Natural Gas,CCS,Available,,,,Assumption,Year,2020,2020,2020,2020,2020,2020,2020,2020,2020,2020,2020,
CIMS.CAN.AT.Ethanol.CCS.CCS_Natural Gas,Service,AT,Ethanol,CCS_Natural Gas,CCS,Unavailable,,,,Assumption,Year,2101,2101,2101,2101,2101,2101,2101,2101,2101,2101,2101,
CIMS.CAN.AT.Ethanol.CCS.CCS_Natural Gas,Service,AT,Ethanol,CCS_Natural Gas,CCS,Lifetime,,,,NREL H2A model 2018,Years,30,30,30,30,30,30,30,30,30,30,30,
CIMS.CAN.AT.Ethanol.CCS.CCS_Natural Gas,Service,AT,Ethanol,CCS_Natural Gas,CCS,Market share,,,,Assumption,%,1,,,,,,,,,,,
CIMS.CAN.AT.Ethanol.CCS.CCS_Natural Gas,Service,AT,Ethanol,CCS_Natural Gas,CCS,Output,,,,NREL H2A model 2018,tCO2,989989.81536,989989.81536,989989.81536,989989.81536,989989.81536,989989.81536,989989.81536,989989.81536,989989.81536,989989.81536,989989.81536,
CIMS.CAN.AT.Ethanol.CCS.CCS_Natural Gas,Service,AT,Ethanol,CCS_Natural Gas,CCS,FCC,,,,NREL H2A model 2018,$,908283480,908283480,908283480,908283480,908283480,908283480,908283480,908283480,908283480,908283480,908283480,
CIMS.CAN.AT.Ethanol.CCS.CCS_Natural Gas,Service,AT,Ethanol,CCS_Natural Gas,CCS,FOM,,,,NREL H2A model 2018,$,7586748,7586748,7586748,7586748,7586748,7586748,7586748,7586748,7586748,7586748,7586748,
CIMS.CAN.AT.Ethanol.CCS.CCS_Natural Gas,Service,AT,Ethanol,CCS_Natural Gas,CCS,Service requested,,,CIMS.Generic Fuels.Natural Gas,NREL 2020 ATB,GJ,3.32643515070517,3.32643515070517,3.32643515070517,3.32643515070517,3.32643515070517,3.32643515070517,3.32643515070517,3.32643515070517,3.32643515070517,3.32643515070517,3.32643515070517,
CIMS.CAN.AT.Ethanol.CCS.CCS_Natural Gas,Service,AT,Ethanol,CCS_Natural Gas,CCS,Service requested,,,CIMS.Generic Fuels.VOM,NREL 2020 ATB,$,8.65669451042139,8.65669451042139,8.65669451042139,8.65669451042139,8.65669451042139,8.65669451042139,8.65669451042139,8.65669451042139,8.65669451042139,8.65669451042139,8.65669451042139,
CIMS.CAN.AT.Ethanol.CCS.CCS_Natural Gas,Service,AT,Ethanol,CCS_Natural Gas,CCS,Emissions_removal,CO2,Combustion,,NREL H2A model 2018,%,0.88,0.88,0.88,0.88,0.88,0.88,0.88,0.88,0.88,0.88,0.88,
