CIMS.CAN.AB.Transportation Personal.Passenger Vehicle Motors,<-- Navigate by typing to search,,,,,,,,,,,,,,,,,,,,,,
Branch,Type,Region,Sector,Service,Technology,Parameter,Context,Sub_Context,Target,Source,Unit,2000,2005,2010,2015,2020,2025,2030,2035,2040,2045,2050,Comments
CIMS.CAN.AB,Region,AB,Transportation Personal,,,Service requested,,,CIMS.CAN.AB.Transportation Personal,,k*pkm,58558161.479679,62122843.3923482,66933028.0893682,69206876.1562472,76334223.6750976,78952919.1526305,82428652.8783789,85916952.643067,89826480.0891808,94180385.3631475,99004347.2493986,
CIMS.CAN.AB.Transportation Personal,Sector,AB,Transportation Personal,,,Service provided,,,,,k*pkm,,,,,,,,,,,,
CIMS.CAN.AB.Transportation Personal,Sector,AB,Transportation Personal,,,Competition type,Sector,,,,,,,,,,,,,,,,
CIMS.CAN.AB.Transportation Personal,Sector,AB,Transportation Personal,,,Price multiplier,,,CIMS.CAN.AB.Biodiesel,JCIMS,,1.1868954198497,1.46896071959919,1.88025801939506,2.09921338494669,2.20311153995812,2.90539124005309,2.78293010417393,2.6695270748049,2.55911131743919,2.56003452802532,2.56125934861561,
CIMS.CAN.AB.Transportation Personal,Sector,AB,Transportation Personal,,,Price multiplier,,,CIMS.Generic Fuels.Biogas,JCIMS,,1,1,1,1,1,1,1,1,1,1,1,
CIMS.CAN.AB.Transportation Personal,Sector,AB,Transportation Personal,,,Price multiplier,,,CIMS.Generic Fuels.Black Liquor,JCIMS,,1,1,1,1,1,1,1,1,1,1,1,
CIMS.CAN.AB.Transportation Personal,Sector,AB,Transportation Personal,,,Price multiplier,,,CIMS.Generic Fuels.Coal,JCIMS,,1,1,1,1,1,1,1,1,1,1,1,
CIMS.CAN.AB.Transportation Personal,Sector,AB,Transportation Personal,,,Price multiplier,,,CIMS.Generic Fuels.Coke,JCIMS,,1,1,1,1,1,1,1,1,1,1,1,
CIMS.CAN.AB.Transportation Personal,Sector,AB,Transportation Personal,,,Price multiplier,,,CIMS.Generic Fuels.Diesel,CER,,0.91780477292288,0.92629552696557,0.92712674950794,0.93682619329419,0.95341360876012,0.94605036477482,0.95081347826665,0.95445413098459,0.95455672065457,0.9540412492669,0.95404033362773,
CIMS.CAN.AB.Transportation Personal,Sector,AB,Transportation Personal,,,Price multiplier,,,CIMS.CAN.AB.Electricity,CER,,2,2,2,2,2,2,2,2,2,2,2,
CIMS.CAN.AB.Transportation Personal,Sector,AB,Transportation Personal,,,Price multiplier,,,CIMS.CAN.AB.Ethanol,JCIMS,,1.47531531919422,1.52428009786548,1.6480724636835,1.79743321557025,1.68553749357414,1.80907787095112,1.99560004924664,2.15452534443145,2.05695404183323,2.05891726584104,2.06014831416041,
CIMS.CAN.AB.Transportation Personal,Sector,AB,Transportation Personal,,,Price multiplier,,,CIMS.Generic Fuels.Fuel Oil,JCIMS,,1,1,1,1,1,1,1,1,1,1,1,
CIMS.CAN.AB.Transportation Personal,Sector,AB,Transportation Personal,,,Price multiplier,,,CIMS.Generic Fuels.Gasoline,CER,,0.92208466955348,0.93644106050124,0.91825365138428,0.89565989194186,0.92814240120097,0.94077579197811,0.94306907120644,0.94695352354132,0.94890454159674,0.95033232364924,0.95148877564184,
CIMS.CAN.AB.Transportation Personal,Sector,AB,Transportation Personal,,,Price multiplier,,,CIMS.CAN.AB.Hydrogen,JCIMS,,1,1,1,1,1,1,1,1,1,1,1,
CIMS.CAN.AB.Transportation Personal,Sector,AB,Transportation Personal,,,Price multiplier,,,CIMS.Generic Fuels.Jet Fuel,JCIMS,,0.91531711274682,0.98252734863588,1.0638828666402,1.08614554798963,1.09405969984315,1.10060375558273,1.10539762305172,1.11056434563501,1.10897295661236,1.10897295661236,1.10897295661236,
CIMS.CAN.AB.Transportation Personal,Sector,AB,Transportation Personal,,,Price multiplier,,,CIMS.Generic Fuels.LPG,JCIMS,,1,1,1,1,1,1,1,1,1,1,1,
CIMS.CAN.AB.Transportation Personal,Sector,AB,Transportation Personal,,,Price multiplier,,,CIMS.Generic Fuels.Natural Gas,JCIMS,,1.39741562244825,1.03885406256624,1.89731902007206,1.23209596004391,4.60971968424178,4.66771793559991,5.01059526063599,4.65804822704219,4.07463782239284,3.46992125511193,3.07833139560086,
CIMS.CAN.AB.Transportation Personal,Sector,AB,Transportation Personal,,,Price multiplier,,,CIMS.Generic Fuels.Petroleum Coke,JCIMS,,1,1,1,1,1,1,1,1,1,1,1,
CIMS.CAN.AB.Transportation Personal,Sector,AB,Transportation Personal,,,Price multiplier,,,CIMS.Generic Fuels.Propane,JCIMS,,1.82736022674747,1.08865140118096,0.93616454840308,0.77679022412543,0.8047613819122,0.81581879822241,0.82061944028657,0.82242417648142,0.82723168220957,0.82723168220957,0.82723168220957,
CIMS.CAN.AB.Transportation Personal,Sector,AB,Transportation Personal,,,Price multiplier,,,CIMS.Generic Fuels.Refinery Fuel Gas,JCIMS,,1,1,1,1,1,1,1,1,1,1,1,
CIMS.CAN.AB.Transportation Personal,Sector,AB,Transportation Personal,,,Price multiplier,,,CIMS.Generic Fuels.Solid Biomass,JCIMS,,1,1,1,1,1,1,1,1,1,1,1,
CIMS.CAN.AB.Transportation Personal,Sector,AB,Transportation Personal,,,Price multiplier,,,CIMS.Generic Fuels.Uranium,JCIMS,,1,1,1,1,1,1,1,1,1,1,1,
CIMS.CAN.AB.Transportation Personal,Sector,AB,Transportation Personal,,,Price multiplier,,,CIMS.Generic Fuels.Waste Fuel,JCIMS,,1,1,1,1,1,1,1,1,1,1,1,
CIMS.CAN.AB.Transportation Personal,Sector,AB,Transportation Personal,,,Service requested,,,CIMS.CAN.AB.Transportation Personal.Mode,,k*pkm,1,1,1,1,1,1,1,1,1,1,1,
CIMS.CAN.AB.Transportation Personal.Mode,Service,AB,Transportation Personal,Mode,,Service provided,,,,,k*pkm,,,,,,,,,,,,
CIMS.CAN.AB.Transportation Personal.Mode,Service,AB,Transportation Personal,Mode,,Competition type,Fixed Ratio,,,,,,,,,,,,,,,,
CIMS.CAN.AB.Transportation Personal.Mode,Service,AB,Transportation Personal,Mode,,Service requested,,,CIMS.CAN.AB.Transportation Personal.Mode.Urban,,k*pkm,0.54684048072957,0.55882296123766,0.57029310665434,0.54817911283479,0.5506671999021,0.55154560183361,0.55001557227441,0.55101612851926,0.55187191974744,0.55260228024656,0.55322447688308,
CIMS.CAN.AB.Transportation Personal.Mode,Service,AB,Transportation Personal,Mode,,Service requested,,,CIMS.CAN.AB.Transportation Personal.Mode.Intercity Land,,k*pkm,0.38507840056375,0.37750538039385,0.3431940386662,0.34334794763539,0.34745919455331,0.34234765377181,0.33559735176923,0.33091509382923,0.32661192653502,0.32267069201509,0.31907257684501,
CIMS.CAN.AB.Transportation Personal.Mode,Service,AB,Transportation Personal,Mode,,Service requested,,,CIMS.CAN.AB.Transportation Personal.Mode.Intercity Air,,k*pkm,0.06808111870668,0.06367165836849,0.08651285467947,0.10847293952982,0.1018736055446,0.10610674439458,0.10948715994502,0.11315994799878,0.1165997000895,0.11980406755798,0.1227744431371,
CIMS.CAN.AB.Transportation Personal.Mode.Urban,Service,AB,Transportation Personal,Urban,,Service provided,,,,,k*pkm,,,,,,,,,,,,
CIMS.CAN.AB.Transportation Personal.Mode.Urban,Service,AB,Transportation Personal,Urban,,Competition type,Tech Compete,,,,,,,,,,,,,,,,
CIMS.CAN.AB.Transportation Personal.Mode.Urban,Service,AB,Transportation Personal,Urban,,Discount rate_financial,,,,,%,0.08,0.08,0.08,0.08,0.08,0.08,0.08,0.08,0.08,0.08,0.08,
CIMS.CAN.AB.Transportation Personal.Mode.Urban,Service,AB,Transportation Personal,Urban,,Heterogeneity,,,,,,6,6,6,6,6,6,6,6,6,6,6,
CIMS.CAN.AB.Transportation Personal.Mode.Urban,Service,AB,Transportation Personal,Urban,Walk Cycle Urban,Technology,,,,,,,,,,,,,,,,,
CIMS.CAN.AB.Transportation Personal.Mode.Urban,Service,AB,Transportation Personal,Urban,Walk Cycle Urban,Available,,,,,Year,1950,1950,1950,1950,1950,1950,1950,1950,1950,1950,1950,
CIMS.CAN.AB.Transportation Personal.Mode.Urban,Service,AB,Transportation Personal,Urban,Walk Cycle Urban,Unavailable,,,,,Year,2101,2101,2101,2101,2101,2101,2101,2101,2101,2101,2101,
CIMS.CAN.AB.Transportation Personal.Mode.Urban,Service,AB,Transportation Personal,Urban,Walk Cycle Urban,Lifetime,,,,,Years,5,5,5,5,5,5,5,5,5,5,5,
CIMS.CAN.AB.Transportation Personal.Mode.Urban,Service,AB,Transportation Personal,Urban,Walk Cycle Urban,Market share,,,,,%,0.00890868596882,,,,,,,,,,,
CIMS.CAN.AB.Transportation Personal.Mode.Urban,Service,AB,Transportation Personal,Urban,Passenger Vehicle Urban 1 Passenger,Technology,,,,,,,,,,,,,,,,,
CIMS.CAN.AB.Transportation Personal.Mode.Urban,Service,AB,Transportation Personal,Urban,Passenger Vehicle Urban 1 Passenger,Available,,,,,Year,1950,1950,1950,1950,1950,1950,1950,1950,1950,1950,1950,
CIMS.CAN.AB.Transportation Personal.Mode.Urban,Service,AB,Transportation Personal,Urban,Passenger Vehicle Urban 1 Passenger,Unavailable,,,,,Year,2101,2101,2101,2101,2101,2101,2101,2101,2101,2101,2101,
CIMS.CAN.AB.Transportation Personal.Mode.Urban,Service,AB,Transportation Personal,Urban,Passenger Vehicle Urban 1 Passenger,Lifetime,,,,,Years,5,5,5,5,5,5,5,5,5,5,5,"TODO: Change to lifetime of personal vehicle; assume once you buy a car, you'll stick with it"
CIMS.CAN.AB.Transportation Personal.Mode.Urban,Service,AB,Transportation Personal,Urban,Passenger Vehicle Urban 1 Passenger,Market share,,,,,%,0.33801491333349,,,,,,,,,,,
CIMS.CAN.AB.Transportation Personal.Mode.Urban,Service,AB,Transportation Personal,Urban,Passenger Vehicle Urban 1 Passenger,Output,,,,,k*pkm,20683,20683,20683,20683,20683,20683,20683,20683,20683,20683,20683,
CIMS.CAN.AB.Transportation Personal.Mode.Urban,Service,AB,Transportation Personal,Urban,Passenger Vehicle Urban 1 Passenger,Service requested,,,CIMS.CAN.AB.Transportation Personal.Passenger Vehicles,,k*vkm,1,1,1,1,1,1,1,1,1,1,1,
CIMS.CAN.AB.Transportation Personal.Mode.Urban,Service,AB,Transportation Personal,Urban,Passenger Vehicle Urban 3 Passenger,Technology,,,,,,,,,,,,,,,,,
CIMS.CAN.AB.Transportation Personal.Mode.Urban,Service,AB,Transportation Personal,Urban,Passenger Vehicle Urban 3 Passenger,Available,,,,,Year,1950,1950,1950,1950,1950,1950,1950,1950,1950,1950,1950,
CIMS.CAN.AB.Transportation Personal.Mode.Urban,Service,AB,Transportation Personal,Urban,Passenger Vehicle Urban 3 Passenger,Unavailable,,,,,Year,2101,2101,2101,2101,2101,2101,2101,2101,2101,2101,2101,
CIMS.CAN.AB.Transportation Personal.Mode.Urban,Service,AB,Transportation Personal,Urban,Passenger Vehicle Urban 3 Passenger,Lifetime,,,,,Years,5,5,5,5,5,5,5,5,5,5,5,
CIMS.CAN.AB.Transportation Personal.Mode.Urban,Service,AB,Transportation Personal,Urban,Passenger Vehicle Urban 3 Passenger,Market share,,,,,%,0.45395636720333,,,,,,,,,,,
CIMS.CAN.AB.Transportation Personal.Mode.Urban,Service,AB,Transportation Personal,Urban,Passenger Vehicle Urban 3 Passenger,Output,,,,,k*pkm,20683,20683,20683,20683,20683,20683,20683,20683,20683,20683,20683,
CIMS.CAN.AB.Transportation Personal.Mode.Urban,Service,AB,Transportation Personal,Urban,Passenger Vehicle Urban 3 Passenger,Service requested,,,CIMS.CAN.AB.Transportation Personal.Passenger Vehicles,,k*vkm,0.33333333333333,0.33333333333333,0.33333333333333,0.33333333333333,0.33333333333333,0.33333333333333,0.33333333333333,0.33333333333333,0.33333333333333,0.33333333333333,0.33333333333333,
CIMS.CAN.AB.Transportation Personal.Mode.Urban,Service,AB,Transportation Personal,Urban,Public Transit Urban,Technology,,,,,,,,,,,,,,,,,
CIMS.CAN.AB.Transportation Personal.Mode.Urban,Service,AB,Transportation Personal,Urban,Public Transit Urban,Available,,,,,Year,1950,1950,1950,1950,1950,1950,1950,1950,1950,1950,1950,
CIMS.CAN.AB.Transportation Personal.Mode.Urban,Service,AB,Transportation Personal,Urban,Public Transit Urban,Unavailable,,,,,Year,2101,2101,2101,2101,2101,2101,2101,2101,2101,2101,2101,
CIMS.CAN.AB.Transportation Personal.Mode.Urban,Service,AB,Transportation Personal,Urban,Public Transit Urban,Lifetime,,,,,Years,5,5,5,5,5,5,5,5,5,5,5,
CIMS.CAN.AB.Transportation Personal.Mode.Urban,Service,AB,Transportation Personal,Urban,Public Transit Urban,Market share,,,,,%,0.20090987649207,,,,,,,,,,,
CIMS.CAN.AB.Transportation Personal.Mode.Urban,Service,AB,Transportation Personal,Urban,Public Transit Urban,Output,,,,,k*pkm,20683,20683,20683,20683,20683,20683,20683,20683,20683,20683,20683,
CIMS.CAN.AB.Transportation Personal.Mode.Urban,Service,AB,Transportation Personal,Urban,Public Transit Urban,FOM,,,,,$,1564.2187023517,1564.2187023517,1564.2187023517,1564.2187023517,1564.2187023517,1564.2187023517,1564.2187023517,1564.2187023517,1564.2187023517,1564.2187023517,1564.2187023517,
CIMS.CAN.AB.Transportation Personal.Mode.Urban,Service,AB,Transportation Personal,Urban,Public Transit Urban,Service requested,,,CIMS.CAN.AB.Transportation Personal.Transit,,k*pkm,1,1,1,1,1,1,1,1,1,1,1,
CIMS.CAN.AB.Transportation Personal.Mode.Intercity Land,Service,AB,Transportation Personal,Intercity Land,,Service provided,,,,,k*pkm,,,,,,,,,,,,
CIMS.CAN.AB.Transportation Personal.Mode.Intercity Land,Service,AB,Transportation Personal,Intercity Land,,Competition type,Tech Compete,,,,,,,,,,,,,,,,
CIMS.CAN.AB.Transportation Personal.Mode.Intercity Land,Service,AB,Transportation Personal,Intercity Land,,Discount rate_financial,,,,,%,0.08,0.08,0.08,0.08,0.08,0.08,0.08,0.08,0.08,0.08,0.08,
CIMS.CAN.AB.Transportation Personal.Mode.Intercity Land,Service,AB,Transportation Personal,Intercity Land,,Heterogeneity,,,,,,10,10,10,10,10,10,10,10,10,10,10,
CIMS.CAN.AB.Transportation Personal.Mode.Intercity Land,Service,AB,Transportation Personal,Intercity Land,Bus Intercity,Technology,,,,,,,,,,,,,,,,,
CIMS.CAN.AB.Transportation Personal.Mode.Intercity Land,Service,AB,Transportation Personal,Intercity Land,Bus Intercity,Available,,,,,Year,1950,1950,1950,1950,1950,1950,1950,1950,1950,1950,1950,
CIMS.CAN.AB.Transportation Personal.Mode.Intercity Land,Service,AB,Transportation Personal,Intercity Land,Bus Intercity,Unavailable,,,,,Year,2101,2101,2101,2101,2101,2101,2101,2101,2101,2101,2101,
CIMS.CAN.AB.Transportation Personal.Mode.Intercity Land,Service,AB,Transportation Personal,Intercity Land,Bus Intercity,Lifetime,,,,,Years,5,5,5,5,5,5,5,5,5,5,5,
CIMS.CAN.AB.Transportation Personal.Mode.Intercity Land,Service,AB,Transportation Personal,Intercity Land,Bus Intercity,Market share,,,,,%,0.06837513174407,,,,,,,,,,,
CIMS.CAN.AB.Transportation Personal.Mode.Intercity Land,Service,AB,Transportation Personal,Intercity Land,Bus Intercity,Service requested,,,CIMS.CAN.AB.Transportation Personal.Intercity Bus,,k*pkm,1,1,1,1,1,1,1,1,1,1,1,
CIMS.CAN.AB.Transportation Personal.Mode.Intercity Land,Service,AB,Transportation Personal,Intercity Land,Rail Intercity,Technology,,,,,,,,,,,,,,,,,
CIMS.CAN.AB.Transportation Personal.Mode.Intercity Land,Service,AB,Transportation Personal,Intercity Land,Rail Intercity,Available,,,,,Year,1950,1950,1950,1950,1950,1950,1950,1950,1950,1950,1950,
CIMS.CAN.AB.Transportation Personal.Mode.Intercity Land,Service,AB,Transportation Personal,Intercity Land,Rail Intercity,Unavailable,,,,,Year,2101,2101,2101,2101,2101,2101,2101,2101,2101,2101,2101,
CIMS.CAN.AB.Transportation Personal.Mode.Intercity Land,Service,AB,Transportation Personal,Intercity Land,Rail Intercity,Lifetime,,,,,Years,5,5,5,5,5,5,5,5,5,5,5,
CIMS.CAN.AB.Transportation Personal.Mode.Intercity Land,Service,AB,Transportation Personal,Intercity Land,Rail Intercity,Market share,,,,,%,0.01879687677311,,,,,,,,,,,
CIMS.CAN.AB.Transportation Personal.Mode.Intercity Land,Service,AB,Transportation Personal,Intercity Land,Rail Intercity,Service requested,,,CIMS.CAN.AB.Transportation Personal.Intercity Rail,,k*pkm,1,1,1,1,1,1,1,1,1,1,1,
CIMS.CAN.AB.Transportation Personal.Mode.Intercity Land,Service,AB,Transportation Personal,Intercity Land,Passenger Vehicle Intercity,Technology,,,,,,,,,,,,,,,,,
CIMS.CAN.AB.Transportation Personal.Mode.Intercity Land,Service,AB,Transportation Personal,Intercity Land,Passenger Vehicle Intercity,Available,,,,,Year,1950,1950,1950,1950,1950,1950,1950,1950,1950,1950,1950,
CIMS.CAN.AB.Transportation Personal.Mode.Intercity Land,Service,AB,Transportation Personal,Intercity Land,Passenger Vehicle Intercity,Unavailable,,,,,Year,2101,2101,2101,2101,2101,2101,2101,2101,2101,2101,2101,
CIMS.CAN.AB.Transportation Personal.Mode.Intercity Land,Service,AB,Transportation Personal,Intercity Land,Passenger Vehicle Intercity,Lifetime,,,,,Years,5,5,5,5,5,5,5,5,5,5,5,
CIMS.CAN.AB.Transportation Personal.Mode.Intercity Land,Service,AB,Transportation Personal,Intercity Land,Passenger Vehicle Intercity,Market share,,,,,%,0.91282799148281,,,,,,,,,,,
CIMS.CAN.AB.Transportation Personal.Mode.Intercity Land,Service,AB,Transportation Personal,Intercity Land,Passenger Vehicle Intercity,Service requested,,,CIMS.CAN.AB.Transportation Personal.Passenger Vehicles,,k*vkm,0.78665974655733,0.78665974655733,0.78665974655733,0.78665974655733,0.78665974655733,0.78665974655733,0.78665974655733,0.78665974655733,0.78665974655733,0.78665974655733,0.78665974655733,
CIMS.CAN.AB.Transportation Personal.Mode.Intercity Air,Service,AB,Transportation Personal,Intercity Air,,Service provided,,,,,k*pkm,,,,,,,,,,,,
CIMS.CAN.AB.Transportation Personal.Mode.Intercity Air,Service,AB,Transportation Personal,Intercity Air,,Competition type,Tech Compete,,,,,,,,,,,,,,,,
CIMS.CAN.AB.Transportation Personal.Mode.Intercity Air,Service,AB,Transportation Personal,Intercity Air,,Discount rate_financial,,,,,%,0.25,0.25,0.25,0.25,0.25,0.25,0.25,0.25,0.25,0.25,0.25,
CIMS.CAN.AB.Transportation Personal.Mode.Intercity Air,Service,AB,Transportation Personal,Intercity Air,,Heterogeneity,,,,,,10,10,10,10,10,10,10,10,10,10,10,
CIMS.CAN.AB.Transportation Personal.Mode.Intercity Air,Service,AB,Transportation Personal,Intercity Air,Air Intercity,Technology,,,,,,,,,,,,,,,,,
CIMS.CAN.AB.Transportation Personal.Mode.Intercity Air,Service,AB,Transportation Personal,Intercity Air,Air Intercity,Available,,,,,Year,1950,1950,1950,1950,1950,1950,1950,1950,1950,1950,1950,
CIMS.CAN.AB.Transportation Personal.Mode.Intercity Air,Service,AB,Transportation Personal,Intercity Air,Air Intercity,Unavailable,,,,,Year,2101,2101,2101,2101,2101,2101,2101,2101,2101,2101,2101,
CIMS.CAN.AB.Transportation Personal.Mode.Intercity Air,Service,AB,Transportation Personal,Intercity Air,Air Intercity,Lifetime,,,,,Years,25,25,25,25,25,25,25,25,25,25,25,
CIMS.CAN.AB.Transportation Personal.Mode.Intercity Air,Service,AB,Transportation Personal,Intercity Air,Air Intercity,Market share,,,,,%,1,,,,,,,,,,,
CIMS.CAN.AB.Transportation Personal.Mode.Intercity Air,Service,AB,Transportation Personal,Intercity Air,Air Intercity,Output,,,,,k*pkm,264186.398,264186.398,264186.398,264186.398,264186.398,264186.398,264186.398,264186.398,264186.398,264186.398,264186.398,
CIMS.CAN.AB.Transportation Personal.Mode.Intercity Air,Service,AB,Transportation Personal,Intercity Air,Air Intercity,FCC,,,,,$,197381531.359355,197381531.359355,197381531.359355,197381531.359355,197381531.359355,197381531.359355,197381531.359355,197381531.359355,197381531.359355,197381531.359355,197381531.359355,
CIMS.CAN.AB.Transportation Personal.Mode.Intercity Air,Service,AB,Transportation Personal,Intercity Air,Air Intercity,Service requested,,,CIMS.Generic Fuels.Jet Fuel,,GJ,3.31872066143097,2.9481661104023,2.57761155937359,2.20705700834489,1.91061336752193,1.91061336752193,1.91061336752193,1.91061336752193,1.91061336752193,1.91061336752193,1.91061336752193,
CIMS.CAN.AB.Transportation Personal.Mode.Intercity Air,Service,AB,Transportation Personal,Intercity Air,Air Intercity Efficient,Technology,,,,,,,,,,,,,,,,,
CIMS.CAN.AB.Transportation Personal.Mode.Intercity Air,Service,AB,Transportation Personal,Intercity Air,Air Intercity Efficient,Available,,,,,Year,2010,2010,2010,2010,2010,2010,2010,2010,2010,2010,2010,
CIMS.CAN.AB.Transportation Personal.Mode.Intercity Air,Service,AB,Transportation Personal,Intercity Air,Air Intercity Efficient,Unavailable,,,,,Year,2101,2101,2101,2101,2101,2101,2101,2101,2101,2101,2101,
CIMS.CAN.AB.Transportation Personal.Mode.Intercity Air,Service,AB,Transportation Personal,Intercity Air,Air Intercity Efficient,Lifetime,,,,,Years,25,25,25,25,25,25,25,25,25,25,25,
CIMS.CAN.AB.Transportation Personal.Mode.Intercity Air,Service,AB,Transportation Personal,Intercity Air,Air Intercity Efficient,Market share,,,,,%,0,,,,,,,,,,,
CIMS.CAN.AB.Transportation Personal.Mode.Intercity Air,Service,AB,Transportation Personal,Intercity Air,Air Intercity Efficient,Output,,,,,k*pkm,264186.398,264186.398,264186.398,264186.398,264186.398,264186.398,264186.398,264186.398,264186.398,264186.398,264186.398,
CIMS.CAN.AB.Transportation Personal.Mode.Intercity Air,Service,AB,Transportation Personal,Intercity Air,Air Intercity Efficient,FCC,,,,,$,248501928.578093,248501928.578093,248501928.578093,248501928.578093,248501928.578093,248501928.578093,248501928.578093,248501928.578093,248501928.578093,248501928.578093,248501928.578093,
CIMS.CAN.AB.Transportation Personal.Mode.Intercity Air,Service,AB,Transportation Personal,Intercity Air,Air Intercity Efficient,Service requested,,,CIMS.Generic Fuels.Jet Fuel,,GJ,2.82091256221633,2.50594119384195,2.19096982546755,1.87599845709316,1.62402136239364,1.62402136239364,1.62402136239364,1.62402136239364,1.62402136239364,1.62402136239364,1.62402136239364,
CIMS.CAN.AB.Transportation Personal.Mode.Intercity Air,Service,AB,Transportation Personal,Intercity Air,Air Intercity Biodiesel,Technology,,,,,,,,,,,,,,,,,
CIMS.CAN.AB.Transportation Personal.Mode.Intercity Air,Service,AB,Transportation Personal,Intercity Air,Air Intercity Biodiesel,Available,,,,,Year,2015,2015,2015,2015,2015,2015,2015,2015,2015,2015,2015,
CIMS.CAN.AB.Transportation Personal.Mode.Intercity Air,Service,AB,Transportation Personal,Intercity Air,Air Intercity Biodiesel,Unavailable,,,,,Year,2101,2101,2101,2101,2101,2101,2101,2101,2101,2101,2101,
CIMS.CAN.AB.Transportation Personal.Mode.Intercity Air,Service,AB,Transportation Personal,Intercity Air,Air Intercity Biodiesel,Lifetime,,,,,Years,25,25,25,25,25,25,25,25,25,25,25,
CIMS.CAN.AB.Transportation Personal.Mode.Intercity Air,Service,AB,Transportation Personal,Intercity Air,Air Intercity Biodiesel,Market share,,,,,%,0,,,,,,,,,,,
CIMS.CAN.AB.Transportation Personal.Mode.Intercity Air,Service,AB,Transportation Personal,Intercity Air,Air Intercity Biodiesel,Output,,,,,k*pkm,264186.398,264186.398,264186.398,264186.398,264186.398,264186.398,264186.398,264186.398,264186.398,264186.398,264186.398,
CIMS.CAN.AB.Transportation Personal.Mode.Intercity Air,Service,AB,Transportation Personal,Intercity Air,Air Intercity Biodiesel,FCC,,,,,$,248501928.578093,248501928.578093,248501928.578093,248501928.578093,248501928.578093,248501928.578093,248501928.578093,248501928.578093,248501928.578093,248501928.578093,248501928.578093,
CIMS.CAN.AB.Transportation Personal.Mode.Intercity Air,Service,AB,Transportation Personal,Intercity Air,Air Intercity Biodiesel,Service requested,,,CIMS.Generic Fuels.Jet Fuel,,GJ,1.41045628110816,1.25297059692098,1.09548491273378,0.93799922854658,0.81201068119682,0.81201068119682,0.81201068119682,0.81201068119682,0.81201068119682,0.81201068119682,0.81201068119682,
CIMS.CAN.AB.Transportation Personal.Mode.Intercity Air,Service,AB,Transportation Personal,Intercity Air,Air Intercity Biodiesel,Service requested,,,CIMS.CAN.AB.Biodiesel,,GJ,1.41045628110816,1.25297059692098,1.09548491273378,0.93799922854658,0.81201068119682,0.81201068119682,0.81201068119682,0.81201068119682,0.81201068119682,0.81201068119682,0.81201068119682,
CIMS.CAN.AB.Transportation Personal.Mode.Intercity Air,Service,AB,Transportation Personal,Intercity Air,Air Intercity Hydrogen,Technology,,,,,,,,,,,,,,,,,
CIMS.CAN.AB.Transportation Personal.Mode.Intercity Air,Service,AB,Transportation Personal,Intercity Air,Air Intercity Hydrogen,Available,,,,,Year,2025,2025,2025,2025,2025,2025,2025,2025,2025,2025,2025,
CIMS.CAN.AB.Transportation Personal.Mode.Intercity Air,Service,AB,Transportation Personal,Intercity Air,Air Intercity Hydrogen,Unavailable,,,,,Year,2101,2101,2101,2101,2101,2101,2101,2101,2101,2101,2101,
CIMS.CAN.AB.Transportation Personal.Mode.Intercity Air,Service,AB,Transportation Personal,Intercity Air,Air Intercity Hydrogen,Lifetime,,,,,Years,25,25,25,25,25,25,25,25,25,25,25,
CIMS.CAN.AB.Transportation Personal.Mode.Intercity Air,Service,AB,Transportation Personal,Intercity Air,Air Intercity Hydrogen,Market share,,,,,%,0,,,,,,,,,,,
CIMS.CAN.AB.Transportation Personal.Mode.Intercity Air,Service,AB,Transportation Personal,Intercity Air,Air Intercity Hydrogen,Output,,,,,k*pkm,264186.398,264186.398,264186.398,264186.398,264186.398,264186.398,264186.398,264186.398,264186.398,264186.398,264186.398,
CIMS.CAN.AB.Transportation Personal.Mode.Intercity Air,Service,AB,Transportation Personal,Intercity Air,Air Intercity Hydrogen,FCC,,,,,$,312843740.470339,312843740.470339,312843740.470339,312843740.470339,312843740.470339,312843740.470339,312843740.470339,312843740.470339,312843740.470339,312843740.470339,312843740.470339,
CIMS.CAN.AB.Transportation Personal.Mode.Intercity Air,Service,AB,Transportation Personal,Intercity Air,Air Intercity Hydrogen,Service requested,,,CIMS.CAN.AB.Hydrogen,,GJ,2.82091256221633,2.50594119384195,2.19096982546755,1.87599845709316,1.62402136239364,1.62402136239364,1.62402136239364,1.62402136239364,1.62402136239364,1.62402136239364,1.62402136239364,
CIMS.CAN.AB.Transportation Personal.Passenger Vehicles,Service,AB,Transportation Personal,Passenger Vehicles,,Service provided,,,,,k*vkm,,,,,,,,,,,,
CIMS.CAN.AB.Transportation Personal.Passenger Vehicles,Service,AB,Transportation Personal,Passenger Vehicles,,Competition type,Tech Compete,,,,,,,,,,,,,,,,
CIMS.CAN.AB.Transportation Personal.Passenger Vehicles,Service,AB,Transportation Personal,Passenger Vehicles,,Discount rate_financial,,,,,%,0.25,0.25,0.25,0.25,0.25,0.25,0.25,0.25,0.25,0.25,0.25,
CIMS.CAN.AB.Transportation Personal.Passenger Vehicles,Service,AB,Transportation Personal,Passenger Vehicles,,Heterogeneity,,,,,,7,7,7,7,7,7,7,7,7,7,7,
CIMS.CAN.AB.Transportation Personal.Passenger Vehicles,Service,AB,Transportation Personal,Passenger Vehicles,Car_small,Technology,,,,,,,,,,,,,,,,,
CIMS.CAN.AB.Transportation Personal.Passenger Vehicles,Service,AB,Transportation Personal,Passenger Vehicles,Car_small,Available,,,,,Year,1950,1950,1950,1950,1950,1950,1950,1950,1950,1950,1950,
CIMS.CAN.AB.Transportation Personal.Passenger Vehicles,Service,AB,Transportation Personal,Passenger Vehicles,Car_small,Unavailable,,,,,Year,2101,2101,2101,2101,2101,2101,2101,2101,2101,2101,2101,
CIMS.CAN.AB.Transportation Personal.Passenger Vehicles,Service,AB,Transportation Personal,Passenger Vehicles,Car_small,Lifetime,,,,,Years,16,16,16,16,16,16,16,16,16,16,16,
CIMS.CAN.AB.Transportation Personal.Passenger Vehicles,Service,AB,Transportation Personal,Passenger Vehicles,Car_small,Market share,,,,,%,0.21013993129136,,,,,,,,,,,
CIMS.CAN.AB.Transportation Personal.Passenger Vehicles,Service,AB,Transportation Personal,Passenger Vehicles,Car_small,Output,,,,,k*vkm,14.35669585,14.35669585,14.35669585,14.35669585,14.35669585,14.35669585,14.35669585,14.35669585,14.35669585,14.35669585,14.35669585,
CIMS.CAN.AB.Transportation Personal.Passenger Vehicles,Service,AB,Transportation Personal,Passenger Vehicles,Car_small,FCC,,,,,$,20763.9170495327,20763.9170495327,20763.9170495327,20763.9170495327,20763.9170495327,20763.9170495327,20763.9170495327,20763.9170495327,20763.9170495327,20763.9170495327,20763.9170495327,
CIMS.CAN.AB.Transportation Personal.Passenger Vehicles,Service,AB,Transportation Personal,Passenger Vehicles,Car_small,FOM,,,,,$,2738.94694885981,2738.94694885981,2738.94694885981,2738.94694885981,2738.94694885981,2738.94694885981,2738.94694885981,2738.94694885981,2738.94694885981,2738.94694885981,2738.94694885981,
CIMS.CAN.AB.Transportation Personal.Passenger Vehicles,Service,AB,Transportation Personal,Passenger Vehicles,Car_small,Service requested,,,CIMS.CAN.AB.Transportation Personal.Passenger Vehicle Motors,,100 vkm (avg car eq),8,8,8,8,8,8,8,8,8,8,8,
CIMS.CAN.AB.Transportation Personal.Passenger Vehicles,Service,AB,Transportation Personal,Passenger Vehicles,Car_large,Technology,,,,,,,,,,,,,,,,,
CIMS.CAN.AB.Transportation Personal.Passenger Vehicles,Service,AB,Transportation Personal,Passenger Vehicles,Car_large,Available,,,,,Year,1950,1950,1950,1950,1950,1950,1950,1950,1950,1950,1950,
CIMS.CAN.AB.Transportation Personal.Passenger Vehicles,Service,AB,Transportation Personal,Passenger Vehicles,Car_large,Unavailable,,,,,Year,2101,2101,2101,2101,2101,2101,2101,2101,2101,2101,2101,
CIMS.CAN.AB.Transportation Personal.Passenger Vehicles,Service,AB,Transportation Personal,Passenger Vehicles,Car_large,Lifetime,,,,,Years,16,16,16,16,16,16,16,16,16,16,16,
CIMS.CAN.AB.Transportation Personal.Passenger Vehicles,Service,AB,Transportation Personal,Passenger Vehicles,Car_large,Market share,,,,,%,0.42664773928852,,,,,,,,,,,
CIMS.CAN.AB.Transportation Personal.Passenger Vehicles,Service,AB,Transportation Personal,Passenger Vehicles,Car_large,Output,,,,,k*vkm,14.35669585,14.35669585,14.35669585,14.35669585,14.35669585,14.35669585,14.35669585,14.35669585,14.35669585,14.35669585,14.35669585,
CIMS.CAN.AB.Transportation Personal.Passenger Vehicles,Service,AB,Transportation Personal,Passenger Vehicles,Car_large,FCC,,,,,$,31948.0807643925,31948.0807643925,31948.0807643925,31948.0807643925,31948.0807643925,31948.0807643925,31948.0807643925,31948.0807643925,31948.0807643925,31948.0807643925,31948.0807643925,
CIMS.CAN.AB.Transportation Personal.Passenger Vehicles,Service,AB,Transportation Personal,Passenger Vehicles,Car_large,FOM,,,,,$,2738.94694885981,2738.94694885981,2738.94694885981,2738.94694885981,2738.94694885981,2738.94694885981,2738.94694885981,2738.94694885981,2738.94694885981,2738.94694885981,2738.94694885981,
CIMS.CAN.AB.Transportation Personal.Passenger Vehicles,Service,AB,Transportation Personal,Passenger Vehicles,Car_large,Service requested,,,CIMS.CAN.AB.Transportation Personal.Passenger Vehicle Motors,,100 vkm (avg car eq),10,10,10,10,10,10,10,10,10,10,10,
CIMS.CAN.AB.Transportation Personal.Passenger Vehicles,Service,AB,Transportation Personal,Passenger Vehicles,Light Truck_small,Technology,,,,,,,,,,,,,,,,,
CIMS.CAN.AB.Transportation Personal.Passenger Vehicles,Service,AB,Transportation Personal,Passenger Vehicles,Light Truck_small,Available,,,,,Year,1950,1950,1950,1950,1950,1950,1950,1950,1950,1950,1950,
CIMS.CAN.AB.Transportation Personal.Passenger Vehicles,Service,AB,Transportation Personal,Passenger Vehicles,Light Truck_small,Unavailable,,,,,Year,2101,2101,2101,2101,2101,2101,2101,2101,2101,2101,2101,
CIMS.CAN.AB.Transportation Personal.Passenger Vehicles,Service,AB,Transportation Personal,Passenger Vehicles,Light Truck_small,Lifetime,,,,,Years,16,16,16,16,16,16,16,16,16,16,16,
CIMS.CAN.AB.Transportation Personal.Passenger Vehicles,Service,AB,Transportation Personal,Passenger Vehicles,Light Truck_small,Market share,,,,,%,0.11986006870864,,,,,,,,,,,
CIMS.CAN.AB.Transportation Personal.Passenger Vehicles,Service,AB,Transportation Personal,Passenger Vehicles,Light Truck_small,Output,,,,,k*vkm,13.91038952785,13.91038952785,13.91038952785,13.91038952785,13.91038952785,13.91038952785,13.91038952785,13.91038952785,13.91038952785,13.91038952785,13.91038952785,
CIMS.CAN.AB.Transportation Personal.Passenger Vehicles,Service,AB,Transportation Personal,Passenger Vehicles,Light Truck_small,FCC,,,,,$,36406.1040666355,36406.1040666355,36406.1040666355,36406.1040666355,36406.1040666355,36406.1040666355,36406.1040666355,36406.1040666355,36406.1040666355,36406.1040666355,36406.1040666355,
CIMS.CAN.AB.Transportation Personal.Passenger Vehicles,Service,AB,Transportation Personal,Passenger Vehicles,Light Truck_small,FOM,,,,,$,2738.94694885981,2738.94694885981,2738.94694885981,2738.94694885981,2738.94694885981,2738.94694885981,2738.94694885981,2738.94694885981,2738.94694885981,2738.94694885981,2738.94694885981,
CIMS.CAN.AB.Transportation Personal.Passenger Vehicles,Service,AB,Transportation Personal,Passenger Vehicles,Light Truck_small,Service requested,,,CIMS.CAN.AB.Transportation Personal.Passenger Vehicle Motors,,100 vkm (avg car eq),9,9,9,9,9,9,9,9,9,9,9,
CIMS.CAN.AB.Transportation Personal.Passenger Vehicles,Service,AB,Transportation Personal,Passenger Vehicles,Light Truck_large,Technology,,,,,,,,,,,,,,,,,
CIMS.CAN.AB.Transportation Personal.Passenger Vehicles,Service,AB,Transportation Personal,Passenger Vehicles,Light Truck_large,Available,,,,,Year,1950,1950,1950,1950,1950,1950,1950,1950,1950,1950,1950,
CIMS.CAN.AB.Transportation Personal.Passenger Vehicles,Service,AB,Transportation Personal,Passenger Vehicles,Light Truck_large,Unavailable,,,,,Year,2101,2101,2101,2101,2101,2101,2101,2101,2101,2101,2101,
CIMS.CAN.AB.Transportation Personal.Passenger Vehicles,Service,AB,Transportation Personal,Passenger Vehicles,Light Truck_large,Lifetime,,,,,Years,16,16,16,16,16,16,16,16,16,16,16,
CIMS.CAN.AB.Transportation Personal.Passenger Vehicles,Service,AB,Transportation Personal,Passenger Vehicles,Light Truck_large,Market share,,,,,%,0.24335226071148,,,,,,,,,,,
CIMS.CAN.AB.Transportation Personal.Passenger Vehicles,Service,AB,Transportation Personal,Passenger Vehicles,Light Truck_large,Output,,,,,k*vkm,13.91038952785,13.91038952785,13.91038952785,13.91038952785,13.91038952785,13.91038952785,13.91038952785,13.91038952785,13.91038952785,13.91038952785,13.91038952785,
CIMS.CAN.AB.Transportation Personal.Passenger Vehicles,Service,AB,Transportation Personal,Passenger Vehicles,Light Truck_large,FCC,,,,,$,47590.2677814953,47590.2677814953,47590.2677814953,47590.2677814953,47590.2677814953,47590.2677814953,47590.2677814953,47590.2677814953,47590.2677814953,47590.2677814953,47590.2677814953,
CIMS.CAN.AB.Transportation Personal.Passenger Vehicles,Service,AB,Transportation Personal,Passenger Vehicles,Light Truck_large,FOM,,,,,$,2738.94694885981,2738.94694885981,2738.94694885981,2738.94694885981,2738.94694885981,2738.94694885981,2738.94694885981,2738.94694885981,2738.94694885981,2738.94694885981,2738.94694885981,
CIMS.CAN.AB.Transportation Personal.Passenger Vehicles,Service,AB,Transportation Personal,Passenger Vehicles,Light Truck_large,Service requested,,,CIMS.CAN.AB.Transportation Personal.Passenger Vehicle Motors,,100 vkm (avg car eq),13,13,13,13,13,13,13,13,13,13,13,
CIMS.CAN.AB.Transportation Personal.Passenger Vehicle Motors,Service,AB,Transportation Personal,Passenger Vehicle Motors,,Service provided,,,,,100 vkm (avg car eq),,,,,,,,,,,,
CIMS.CAN.AB.Transportation Personal.Passenger Vehicle Motors,Service,AB,Transportation Personal,Passenger Vehicle Motors,,Competition type,Tech Compete,,,,,,,,,,,,,,,,
CIMS.CAN.AB.Transportation Personal.Passenger Vehicle Motors,Service,AB,Transportation Personal,Passenger Vehicle Motors,,Discount rate_financial,,,,,%,0.25,0.25,0.25,0.25,0.25,0.25,0.25,0.25,0.25,0.25,0.25,
CIMS.CAN.AB.Transportation Personal.Passenger Vehicle Motors,Service,AB,Transportation Personal,Passenger Vehicle Motors,,Discount rate_retrofit,,,,,%,0.65,0.65,0.65,0.65,0.65,0.65,0.65,0.65,0.65,0.65,0.65,
CIMS.CAN.AB.Transportation Personal.Passenger Vehicle Motors,Service,AB,Transportation Personal,Passenger Vehicle Motors,,Heterogeneity,,,,,,15,15,15,15,15,15,15,15,15,15,15,
CIMS.CAN.AB.Transportation Personal.Passenger Vehicle Motors,Service,AB,Transportation Personal,Passenger Vehicle Motors,Gasoline Existing,Technology,,,,,,,,,,,,,,,,,
CIMS.CAN.AB.Transportation Personal.Passenger Vehicle Motors,Service,AB,Transportation Personal,Passenger Vehicle Motors,Gasoline Existing,Available,,,,,Year,1990,1990,1990,1990,1990,1990,1990,1990,1990,1990,1990,
CIMS.CAN.AB.Transportation Personal.Passenger Vehicle Motors,Service,AB,Transportation Personal,Passenger Vehicle Motors,Gasoline Existing,Unavailable,,,,,Year,2001,2001,2001,2001,2001,2001,2001,2001,2001,2001,2001,
CIMS.CAN.AB.Transportation Personal.Passenger Vehicle Motors,Service,AB,Transportation Personal,Passenger Vehicle Motors,Gasoline Existing,Lifetime,,,,,Years,16,16,16,16,16,16,16,16,16,16,16,
CIMS.CAN.AB.Transportation Personal.Passenger Vehicle Motors,Service,AB,Transportation Personal,Passenger Vehicle Motors,Gasoline Existing,Market share,,,,,%,1,,,,,,,,,,,
CIMS.CAN.AB.Transportation Personal.Passenger Vehicle Motors,Service,AB,Transportation Personal,Passenger Vehicle Motors,Gasoline Existing,Output,,,,,100 vkm (avg car eq),141.839585216844,141.839585216844,141.839585216844,141.839585216844,141.839585216844,141.839585216844,141.839585216844,141.839585216844,141.839585216844,141.839585216844,141.839585216844,
CIMS.CAN.AB.Transportation Personal.Passenger Vehicle Motors,Service,AB,Transportation Personal,Passenger Vehicle Motors,Gasoline Existing,FCC,,,,ANL - ESD-2206 Report - Light Duty - Autonomie Results,$,9314.42090524019,9314.42090524019,9314.42090524019,9314.42090524019,9314.42090524019,9314.42090524019,9314.42090524019,9314.42090524019,9314.42090524019,9314.42090524019,9314.42090524019,
CIMS.CAN.AB.Transportation Personal.Passenger Vehicle Motors,Service,AB,Transportation Personal,Passenger Vehicle Motors,Gasoline Existing,Service requested,,,CIMS.CAN.AB.Fuel Blends.Gasoline_Transportation,,GJ,0.40720238109782,0.40720238109782,0.40720238109782,0.40720238109782,0.40720238109782,0.40720238109782,0.40720238109782,0.40720238109782,0.40720238109782,0.40720238109782,0.40720238109782,
CIMS.CAN.AB.Transportation Personal.Passenger Vehicle Motors,Service,AB,Transportation Personal,Passenger Vehicle Motors,Gasoline Standard,Technology,,,,,,,,,,,,,,,,,
CIMS.CAN.AB.Transportation Personal.Passenger Vehicle Motors,Service,AB,Transportation Personal,Passenger Vehicle Motors,Gasoline Standard,Available,,,,,Year,2005,2005,2005,2005,2005,2005,2005,2005,2005,2005,2005,
CIMS.CAN.AB.Transportation Personal.Passenger Vehicle Motors,Service,AB,Transportation Personal,Passenger Vehicle Motors,Gasoline Standard,Unavailable,,,,,Year,2021,2021,2021,2021,2021,2021,2021,2021,2021,2021,2021,
CIMS.CAN.AB.Transportation Personal.Passenger Vehicle Motors,Service,AB,Transportation Personal,Passenger Vehicle Motors,Gasoline Standard,Lifetime,,,,,Years,16,16,16,16,16,16,16,16,16,16,16,
CIMS.CAN.AB.Transportation Personal.Passenger Vehicle Motors,Service,AB,Transportation Personal,Passenger Vehicle Motors,Gasoline Standard,Market share,,,,,%,0,,,,,,,,,,,
CIMS.CAN.AB.Transportation Personal.Passenger Vehicle Motors,Service,AB,Transportation Personal,Passenger Vehicle Motors,Gasoline Standard,Output,,,,,100 vkm (avg car eq),141.839585216844,141.839585216844,141.839585216844,141.839585216844,141.839585216844,141.839585216844,141.839585216844,141.839585216844,141.839585216844,141.839585216844,141.839585216844,
CIMS.CAN.AB.Transportation Personal.Passenger Vehicle Motors,Service,AB,Transportation Personal,Passenger Vehicle Motors,Gasoline Standard,FCC,,,,ANL - ESD-2206 Report - Light Duty - Autonomie Results,$,9314.42090524019,9314.42090524019,9314.42090524019,9314.42090524019,9314.42090524019,9314.42090524019,9314.42090524019,9314.42090524019,9314.42090524019,9314.42090524019,9314.42090524019,
CIMS.CAN.AB.Transportation Personal.Passenger Vehicle Motors,Service,AB,Transportation Personal,Passenger Vehicle Motors,Gasoline Standard,Service requested,,,CIMS.CAN.AB.Fuel Blends.Gasoline_Transportation,,GJ,0.38639410262613,0.38639410262613,0.38639410262613,0.38639410262613,0.38639410262613,0.38639410262613,0.38639410262613,0.38639410262613,0.38639410262613,0.38639410262613,0.38639410262613,
CIMS.CAN.AB.Transportation Personal.Passenger Vehicle Motors,Service,AB,Transportation Personal,Passenger Vehicle Motors,Gasoline Efficient,Technology,,,,,,,,,,,,,,,,,
CIMS.CAN.AB.Transportation Personal.Passenger Vehicle Motors,Service,AB,Transportation Personal,Passenger Vehicle Motors,Gasoline Efficient,Available,,,,,Year,2015,2015,2015,2015,2015,2015,2015,2015,2015,2015,2015,
CIMS.CAN.AB.Transportation Personal.Passenger Vehicle Motors,Service,AB,Transportation Personal,Passenger Vehicle Motors,Gasoline Efficient,Unavailable,,,,,Year,2101,2101,2101,2101,2101,2101,2101,2101,2101,2101,2101,
CIMS.CAN.AB.Transportation Personal.Passenger Vehicle Motors,Service,AB,Transportation Personal,Passenger Vehicle Motors,Gasoline Efficient,Lifetime,,,,,Years,16,16,16,16,16,16,16,16,16,16,16,
CIMS.CAN.AB.Transportation Personal.Passenger Vehicle Motors,Service,AB,Transportation Personal,Passenger Vehicle Motors,Gasoline Efficient,Market share,,,,,%,0,,,,,,,,,,,
CIMS.CAN.AB.Transportation Personal.Passenger Vehicle Motors,Service,AB,Transportation Personal,Passenger Vehicle Motors,Gasoline Efficient,Output,,,,,100 vkm (avg car eq),141.839585216844,141.839585216844,141.839585216844,141.839585216844,141.839585216844,141.839585216844,141.839585216844,141.839585216844,141.839585216844,141.839585216844,141.839585216844,
CIMS.CAN.AB.Transportation Personal.Passenger Vehicle Motors,Service,AB,Transportation Personal,Passenger Vehicle Motors,Gasoline Efficient,FCC,,,,ANL - ESD-2206 Report - Light Duty - Autonomie Results,$,10650.7159330449,10650.7159330449,10650.7159330449,10650.7159330449,10650.7159330449,10650.7159330449,10650.7159330449,10650.7159330449,10650.7159330449,10650.7159330449,10650.7159330449,
CIMS.CAN.AB.Transportation Personal.Passenger Vehicle Motors,Service,AB,Transportation Personal,Passenger Vehicle Motors,Gasoline Efficient,Service requested,,,CIMS.CAN.AB.Fuel Blends.Gasoline_Transportation,,GJ,0.39642096159171,0.39642096159171,0.39642096159171,0.39642096159171,0.39642096159171,0.39642096159171,0.39642096159171,0.39642096159171,0.39642096159171,0.39642096159171,0.39642096159171,
CIMS.CAN.AB.Transportation Personal.Passenger Vehicle Motors,Service,AB,Transportation Personal,Passenger Vehicle Motors,Hybrid,Technology,,,,,,,,,,,,,,,,,
CIMS.CAN.AB.Transportation Personal.Passenger Vehicle Motors,Service,AB,Transportation Personal,Passenger Vehicle Motors,Hybrid,Available,,,,,Year,2010,2010,2010,2010,2010,2010,2010,2010,2010,2010,2010,
CIMS.CAN.AB.Transportation Personal.Passenger Vehicle Motors,Service,AB,Transportation Personal,Passenger Vehicle Motors,Hybrid,Unavailable,,,,,Year,2101,2101,2101,2101,2101,2101,2101,2101,2101,2101,2101,
CIMS.CAN.AB.Transportation Personal.Passenger Vehicle Motors,Service,AB,Transportation Personal,Passenger Vehicle Motors,Hybrid,Lifetime,,,,,Years,16,16,16,16,16,16,16,16,16,16,16,
CIMS.CAN.AB.Transportation Personal.Passenger Vehicle Motors,Service,AB,Transportation Personal,Passenger Vehicle Motors,Hybrid,Market share,,,,,%,0,,,,,,,,,,,
CIMS.CAN.AB.Transportation Personal.Passenger Vehicle Motors,Service,AB,Transportation Personal,Passenger Vehicle Motors,Hybrid,Output,,,,,100 vkm (avg car eq),141.839585216844,141.839585216844,141.839585216844,141.839585216844,141.839585216844,141.839585216844,141.839585216844,141.839585216844,141.839585216844,141.839585216844,141.839585216844,
CIMS.CAN.AB.Transportation Personal.Passenger Vehicle Motors,Service,AB,Transportation Personal,Passenger Vehicle Motors,Hybrid,FCC,,,,ANL - ESD-2206 Report - Light Duty - Autonomie Results,$,11987.0109608496,11987.0109608496,11987.0109608496,11987.0109608496,11987.0109608496,11987.0109608496,11987.0109608496,11987.0109608496,11987.0109608496,11987.0109608496,11987.0109608496,
CIMS.CAN.AB.Transportation Personal.Passenger Vehicle Motors,Service,AB,Transportation Personal,Passenger Vehicle Motors,Hybrid,Service requested,,,CIMS.CAN.AB.Fuel Blends.Gasoline_Transportation,,GJ,0.29731572119378,0.29731572119378,0.29731572119378,0.29731572119378,0.29731572119378,0.29731572119378,0.29731572119378,0.29731572119378,0.29731572119378,0.29731572119378,0.29731572119378,
CIMS.CAN.AB.Transportation Personal.Passenger Vehicle Motors,Service,AB,Transportation Personal,Passenger Vehicle Motors,Plug-in Hybrid,Technology,,,,,,,,,,,,,,,,,
CIMS.CAN.AB.Transportation Personal.Passenger Vehicle Motors,Service,AB,Transportation Personal,Passenger Vehicle Motors,Plug-in Hybrid,Available,,,,,Year,2015,2015,2015,2015,2015,2015,2015,2015,2015,2015,2015,
CIMS.CAN.AB.Transportation Personal.Passenger Vehicle Motors,Service,AB,Transportation Personal,Passenger Vehicle Motors,Plug-in Hybrid,Unavailable,,,,,Year,2101,2101,2101,2101,2101,2101,2101,2101,2101,2101,2101,
CIMS.CAN.AB.Transportation Personal.Passenger Vehicle Motors,Service,AB,Transportation Personal,Passenger Vehicle Motors,Plug-in Hybrid,Lifetime,,,,,Years,16,16,16,16,16,16,16,16,16,16,16,
CIMS.CAN.AB.Transportation Personal.Passenger Vehicle Motors,Service,AB,Transportation Personal,Passenger Vehicle Motors,Plug-in Hybrid,Market share,,,,,%,0,,,,,,,,,,,
CIMS.CAN.AB.Transportation Personal.Passenger Vehicle Motors,Service,AB,Transportation Personal,Passenger Vehicle Motors,Plug-in Hybrid,Output,,,,,100 vkm (avg car eq),141.839585216844,141.839585216844,141.839585216844,141.839585216844,141.839585216844,141.839585216844,141.839585216844,141.839585216844,141.839585216844,141.839585216844,141.839585216844,
CIMS.CAN.AB.Transportation Personal.Passenger Vehicle Motors,Service,AB,Transportation Personal,Passenger Vehicle Motors,Plug-in Hybrid,FCC,,,,ANL - ESD-2206 Report - Light Duty - Autonomie Results,$,20722.4231598286,20722.4231598286,20722.4231598286,20722.4231598286,20722.4231598286,20722.4231598286,20722.4231598286,20722.4231598286,20722.4231598286,20722.4231598286,20722.4231598286,
CIMS.CAN.AB.Transportation Personal.Passenger Vehicle Motors,Service,AB,Transportation Personal,Passenger Vehicle Motors,Plug-in Hybrid,Service requested,,,CIMS.CAN.AB.Electricity,,GJ,0.23785257695503,0.23785257695503,0.23785257695503,0.23785257695503,0.23785257695503,0.23785257695503,0.23785257695503,0.23785257695503,0.23785257695503,0.23785257695503,0.23785257695503,
CIMS.CAN.AB.Transportation Personal.Passenger Vehicle Motors,Service,AB,Transportation Personal,Passenger Vehicle Motors,Plug-in Hybrid,Service requested,,,CIMS.CAN.AB.Fuel Blends.Gasoline_Transportation,,GJ,0.05946314423876,0.05946314423876,0.05946314423876,0.05946314423876,0.05946314423876,0.05946314423876,0.05946314423876,0.05946314423876,0.05946314423876,0.05946314423876,0.05946314423876,
CIMS.CAN.AB.Transportation Personal.Passenger Vehicle Motors,Service,AB,Transportation Personal,Passenger Vehicle Motors,BEV 500,Technology,,,,,,,,,,,,,,,,,
CIMS.CAN.AB.Transportation Personal.Passenger Vehicle Motors,Service,AB,Transportation Personal,Passenger Vehicle Motors,BEV 500,Available,,,,,Year,2015,2015,2015,2015,2015,2015,2015,2015,2015,2015,2015,
CIMS.CAN.AB.Transportation Personal.Passenger Vehicle Motors,Service,AB,Transportation Personal,Passenger Vehicle Motors,BEV 500,Unavailable,,,,,Year,2101,2101,2101,2101,2101,2101,2101,2101,2101,2101,2101,
CIMS.CAN.AB.Transportation Personal.Passenger Vehicle Motors,Service,AB,Transportation Personal,Passenger Vehicle Motors,BEV 500,Lifetime,,,,,Years,16,16,16,16,16,16,16,16,16,16,16,
CIMS.CAN.AB.Transportation Personal.Passenger Vehicle Motors,Service,AB,Transportation Personal,Passenger Vehicle Motors,BEV 500,Market share,,,,,%,0,,,,,,,,,,,
CIMS.CAN.AB.Transportation Personal.Passenger Vehicle Motors,Service,AB,Transportation Personal,Passenger Vehicle Motors,BEV 500,Output,,,,,100 vkm (avg car eq),141.839585216844,141.839585216844,141.839585216844,141.839585216844,141.839585216844,141.839585216844,141.839585216844,141.839585216844,141.839585216844,141.839585216844,141.839585216844,
CIMS.CAN.AB.Transportation Personal.Passenger Vehicle Motors,Service,AB,Transportation Personal,Passenger Vehicle Motors,BEV 500,FCC,,,,ANL - ESD-2206 Report - Light Duty - Autonomie Results,$,21424.200082504,17139.3600660032,13711.4880528026,10969.1904422421,8775.35235379364,7020.28188303491,5616.22550642793,4492.98040514234,3594.38432411388,2875.5074592911,2300.40596743288,
CIMS.CAN.AB.Transportation Personal.Passenger Vehicle Motors,Service,AB,Transportation Personal,Passenger Vehicle Motors,BEV 500,Service requested,,,CIMS.CAN.AB.Electricity,,GJ,0.03605157238037,0.03605157238037,0.03605157238037,0.03605157238037,0.03605157238037,0.03605157238037,0.03605157238037,0.03605157238037,0.03605157238037,0.03605157238037,0.03605157238037,
CIMS.CAN.AB.Transportation Personal.Passenger Vehicle Motors,Service,AB,Transportation Personal,Passenger Vehicle Motors,BEV 800,Technology,,,,,,,,,,,,,,,,,
CIMS.CAN.AB.Transportation Personal.Passenger Vehicle Motors,Service,AB,Transportation Personal,Passenger Vehicle Motors,BEV 800,Available,,,,,Year,2030,2030,2030,2030,2030,2030,2030,2030,2030,2030,2030,
CIMS.CAN.AB.Transportation Personal.Passenger Vehicle Motors,Service,AB,Transportation Personal,Passenger Vehicle Motors,BEV 800,Unavailable,,,,,Year,2101,2101,2101,2101,2101,2101,2101,2101,2101,2101,2101,
CIMS.CAN.AB.Transportation Personal.Passenger Vehicle Motors,Service,AB,Transportation Personal,Passenger Vehicle Motors,BEV 800,Lifetime,,,,,Years,16,16,16,16,16,16,16,16,16,16,16,
CIMS.CAN.AB.Transportation Personal.Passenger Vehicle Motors,Service,AB,Transportation Personal,Passenger Vehicle Motors,BEV 800,Market share,,,,,%,0,,,,,,,,,,,
CIMS.CAN.AB.Transportation Personal.Passenger Vehicle Motors,Service,AB,Transportation Personal,Passenger Vehicle Motors,BEV 800,Output,,,,,100 vkm (avg car eq),141.839585216844,141.839585216844,141.839585216844,141.839585216844,141.839585216844,141.839585216844,141.839585216844,141.839585216844,141.839585216844,141.839585216844,141.839585216844,
CIMS.CAN.AB.Transportation Personal.Passenger Vehicle Motors,Service,AB,Transportation Personal,Passenger Vehicle Motors,BEV 800,FCC,,,,ANL - ESD-2206 Report - Light Duty - Autonomie Results,$,40358.789930716,32287.0319445728,25829.6255556582,20663.7004445266,16530.9603556213,13224.768284497,10579.8146275976,8463.85170207809,6771.08136166248,5416.86508932998,4333.49207146399,
CIMS.CAN.AB.Transportation Personal.Passenger Vehicle Motors,Service,AB,Transportation Personal,Passenger Vehicle Motors,BEV 800,Service requested,,,CIMS.CAN.AB.Electricity,,GJ,0.04480167662873,0.04480167662873,0.04480167662873,0.04480167662873,0.04480167662873,0.04480167662873,0.04480167662873,0.04480167662873,0.04480167662873,0.04480167662873,0.04480167662873,
CIMS.CAN.AB.Transportation Personal.Passenger Vehicle Motors,Service,AB,Transportation Personal,Passenger Vehicle Motors,Fuel Cell 650,Technology,,,,,,,,,,,,,,,,,
CIMS.CAN.AB.Transportation Personal.Passenger Vehicle Motors,Service,AB,Transportation Personal,Passenger Vehicle Motors,Fuel Cell 650,Available,,,,,Year,2020,2020,2020,2020,2020,2020,2020,2020,2020,2020,2020,
CIMS.CAN.AB.Transportation Personal.Passenger Vehicle Motors,Service,AB,Transportation Personal,Passenger Vehicle Motors,Fuel Cell 650,Unavailable,,,,,Year,2101,2101,2101,2101,2101,2101,2101,2101,2101,2101,2101,
CIMS.CAN.AB.Transportation Personal.Passenger Vehicle Motors,Service,AB,Transportation Personal,Passenger Vehicle Motors,Fuel Cell 650,Lifetime,,,,,Years,16,16,16,16,16,16,16,16,16,16,16,
CIMS.CAN.AB.Transportation Personal.Passenger Vehicle Motors,Service,AB,Transportation Personal,Passenger Vehicle Motors,Fuel Cell 650,Market share,,,,,%,0,,,,,,,,,,,
CIMS.CAN.AB.Transportation Personal.Passenger Vehicle Motors,Service,AB,Transportation Personal,Passenger Vehicle Motors,Fuel Cell 650,Output,,,,,100 vkm (avg car eq),141.839585216844,141.839585216844,141.839585216844,141.839585216844,141.839585216844,141.839585216844,141.839585216844,141.839585216844,141.839585216844,141.839585216844,141.839585216844,
CIMS.CAN.AB.Transportation Personal.Passenger Vehicle Motors,Service,AB,Transportation Personal,Passenger Vehicle Motors,Fuel Cell 650,FCC,,,,ANL - ESD-2206 Report - Light Duty - Autonomie Results,$,30600.7321114132,24480.5856891306,19584.4685513044,15667.5748410436,12534.0598728348,10027.2478982679,8021.7983186143,6417.43865489144,5133.95092391316,4107.16073913053,3285.72859130442,
CIMS.CAN.AB.Transportation Personal.Passenger Vehicle Motors,Service,AB,Transportation Personal,Passenger Vehicle Motors,Fuel Cell 650,Service requested,,,CIMS.CAN.AB.Hydrogen,,GJ,0.12034185,0.12034185,0.12034185,0.12034185,0.12034185,0.12034185,0.12034185,0.12034185,0.12034185,0.12034185,0.12034185,
CIMS.CAN.AB.Transportation Personal.Transit,Service,AB,Transportation Personal,Transit,,Service provided,,,,,k*pkm,,,,,,,,,,,,
CIMS.CAN.AB.Transportation Personal.Transit,Service,AB,Transportation Personal,Transit,,Competition type,Fixed Ratio,,,,,,,,,,,,,,,,
CIMS.CAN.AB.Transportation Personal.Transit,Service,AB,Transportation Personal,Transit,,Service requested,,,CIMS.CAN.AB.Transportation Personal.Transit.Public Bus,,k*pkm,0.90981977362151,0.91040928462211,0.91099879562271,0.8942197544764,0.88393859818828,0.88393859818828,0.88393859818828,0.88393859818828,0.88393859818828,0.88393859818828,0.88393859818828,
CIMS.CAN.AB.Transportation Personal.Transit,Service,AB,Transportation Personal,Transit,,Service requested,,,CIMS.CAN.AB.Transportation Personal.Transit.Rapid Transit,,k*pkm,0.09018022637849,0.08959071537789,0.08900120437729,0.1057802455236,0.11606140181172,0.11606140181172,0.11606140181172,0.11606140181172,0.11606140181172,0.11606140181172,0.11606140181172,
CIMS.CAN.AB.Transportation Personal.Transit.Public Bus,Service,AB,Transportation Personal,Public Bus,,Service provided,,,,,k*pkm,,,,,,,,,,,,
CIMS.CAN.AB.Transportation Personal.Transit.Public Bus,Service,AB,Transportation Personal,Public Bus,,Competition type,Tech Compete,,,,,,,,,,,,,,,,
CIMS.CAN.AB.Transportation Personal.Transit.Public Bus,Service,AB,Transportation Personal,Public Bus,,Discount rate_financial,,,,,%,0.25,0.25,0.25,0.25,0.25,0.25,0.25,0.25,0.25,0.25,0.25,
CIMS.CAN.AB.Transportation Personal.Transit.Public Bus,Service,AB,Transportation Personal,Public Bus,,Heterogeneity,,,,,,20,20,20,20,20,20,20,20,20,20,20,
CIMS.CAN.AB.Transportation Personal.Transit.Public Bus,Service,AB,Transportation Personal,Public Bus,Bus Urban Diesel,Technology,,,,,,,,,,,,,,,,,
CIMS.CAN.AB.Transportation Personal.Transit.Public Bus,Service,AB,Transportation Personal,Public Bus,Bus Urban Diesel,Available,,,,,Year,1950,1950,1950,1950,1950,1950,1950,1950,1950,1950,1950,
CIMS.CAN.AB.Transportation Personal.Transit.Public Bus,Service,AB,Transportation Personal,Public Bus,Bus Urban Diesel,Unavailable,,,,,Year,2101,2101,2101,2101,2101,2101,2101,2101,2101,2101,2101,
CIMS.CAN.AB.Transportation Personal.Transit.Public Bus,Service,AB,Transportation Personal,Public Bus,Bus Urban Diesel,Lifetime,,,,,Years,16,16,16,16,16,16,16,16,16,16,16,
CIMS.CAN.AB.Transportation Personal.Transit.Public Bus,Service,AB,Transportation Personal,Public Bus,Bus Urban Diesel,Market share,,,,,%,0.98572935090814,,,,,,,,,,,
CIMS.CAN.AB.Transportation Personal.Transit.Public Bus,Service,AB,Transportation Personal,Public Bus,Bus Urban Diesel,Output,,,,,k*pkm,778.197747592841,778.197747592841,778.197747592841,778.197747592841,778.197747592841,778.197747592841,778.197747592841,778.197747592841,778.197747592841,778.197747592841,778.197747592841,
CIMS.CAN.AB.Transportation Personal.Transit.Public Bus,Service,AB,Transportation Personal,Public Bus,Bus Urban Diesel,FCC,,,,,$,391054.675587924,391054.675587924,391054.675587924,391054.675587924,391054.675587924,391054.675587924,391054.675587924,391054.675587924,391054.675587924,391054.675587924,391054.675587924,
CIMS.CAN.AB.Transportation Personal.Transit.Public Bus,Service,AB,Transportation Personal,Public Bus,Bus Urban Diesel,Service requested,,,CIMS.CAN.AB.Fuel Blends.Diesel_Transportation,,GJ,1.25116272984906,1.23989448193204,1.22862623401502,1.217357986098,1.20834338776438,1.20834338776438,1.20834338776438,1.20834338776438,1.20834338776438,1.20834338776438,1.20834338776438,
CIMS.CAN.AB.Transportation Personal.Transit.Public Bus,Service,AB,Transportation Personal,Public Bus,Bus Urban Hybrid,Technology,,,,,,,,,,,,,,,,,
CIMS.CAN.AB.Transportation Personal.Transit.Public Bus,Service,AB,Transportation Personal,Public Bus,Bus Urban Hybrid,Available,,,,,Year,2010,2010,2010,2010,2010,2010,2010,2010,2010,2010,2010,
CIMS.CAN.AB.Transportation Personal.Transit.Public Bus,Service,AB,Transportation Personal,Public Bus,Bus Urban Hybrid,Unavailable,,,,,Year,2101,2101,2101,2101,2101,2101,2101,2101,2101,2101,2101,
CIMS.CAN.AB.Transportation Personal.Transit.Public Bus,Service,AB,Transportation Personal,Public Bus,Bus Urban Hybrid,Lifetime,,,,,Years,16,16,16,16,16,16,16,16,16,16,16,
CIMS.CAN.AB.Transportation Personal.Transit.Public Bus,Service,AB,Transportation Personal,Public Bus,Bus Urban Hybrid,Market share,,,,,%,0,,,,,,,,,,,
CIMS.CAN.AB.Transportation Personal.Transit.Public Bus,Service,AB,Transportation Personal,Public Bus,Bus Urban Hybrid,Output,,,,,k*pkm,778.197747592841,778.197747592841,778.197747592841,778.197747592841,778.197747592841,778.197747592841,778.197747592841,778.197747592841,778.197747592841,778.197747592841,778.197747592841,
CIMS.CAN.AB.Transportation Personal.Transit.Public Bus,Service,AB,Transportation Personal,Public Bus,Bus Urban Hybrid,FCC,,,,,$,547476.545823094,547476.545823094,547476.545823094,547476.545823094,547476.545823094,547476.545823094,547476.545823094,547476.545823094,547476.545823094,547476.545823094,547476.545823094,
CIMS.CAN.AB.Transportation Personal.Transit.Public Bus,Service,AB,Transportation Personal,Public Bus,Bus Urban Hybrid,Service requested,,,CIMS.CAN.AB.Fuel Blends.Diesel_Transportation,,GJ,0.81325577440189,0.80593141325583,0.79860705210976,0.7912826909637,0.78542320204685,0.78542320204685,0.78542320204685,0.78542320204685,0.78542320204685,0.78542320204685,0.78542320204685,
CIMS.CAN.AB.Transportation Personal.Transit.Public Bus,Service,AB,Transportation Personal,Public Bus,Bus Urban NG,Technology,,,,,,,,,,,,,,,,,
CIMS.CAN.AB.Transportation Personal.Transit.Public Bus,Service,AB,Transportation Personal,Public Bus,Bus Urban NG,Available,,,,,Year,1950,1950,1950,1950,1950,1950,1950,1950,1950,1950,1950,
CIMS.CAN.AB.Transportation Personal.Transit.Public Bus,Service,AB,Transportation Personal,Public Bus,Bus Urban NG,Unavailable,,,,,Year,2101,2101,2101,2101,2101,2101,2101,2101,2101,2101,2101,
CIMS.CAN.AB.Transportation Personal.Transit.Public Bus,Service,AB,Transportation Personal,Public Bus,Bus Urban NG,Lifetime,,,,,Years,16,16,16,16,16,16,16,16,16,16,16,
CIMS.CAN.AB.Transportation Personal.Transit.Public Bus,Service,AB,Transportation Personal,Public Bus,Bus Urban NG,Market share,,,,,%,0.01427064909186,,,,,,,,,,,
CIMS.CAN.AB.Transportation Personal.Transit.Public Bus,Service,AB,Transportation Personal,Public Bus,Bus Urban NG,Output,,,,,k*pkm,778.197747592841,778.197747592841,778.197747592841,778.197747592841,778.197747592841,778.197747592841,778.197747592841,778.197747592841,778.197747592841,778.197747592841,778.197747592841,
CIMS.CAN.AB.Transportation Personal.Transit.Public Bus,Service,AB,Transportation Personal,Public Bus,Bus Urban NG,FCC,,,,,$,547476.545823094,547476.545823094,547476.545823094,547476.545823094,547476.545823094,547476.545823094,547476.545823094,547476.545823094,547476.545823094,547476.545823094,547476.545823094,
CIMS.CAN.AB.Transportation Personal.Transit.Public Bus,Service,AB,Transportation Personal,Public Bus,Bus Urban NG,Service requested,,,CIMS.Generic Fuels.Natural Gas,,GJ,1.25116272984906,1.23989448193204,1.22862623401502,1.217357986098,1.20834338776438,1.20834338776438,1.20834338776438,1.20834338776438,1.20834338776438,1.20834338776438,1.20834338776438,
CIMS.CAN.AB.Transportation Personal.Transit.Public Bus,Service,AB,Transportation Personal,Public Bus,Bus Urban Hybrid Biodiesel,Technology,,,,,,,,,,,,,,,,,
CIMS.CAN.AB.Transportation Personal.Transit.Public Bus,Service,AB,Transportation Personal,Public Bus,Bus Urban Hybrid Biodiesel,Available,,,,,Year,2010,2010,2010,2010,2010,2010,2010,2010,2010,2010,2010,
CIMS.CAN.AB.Transportation Personal.Transit.Public Bus,Service,AB,Transportation Personal,Public Bus,Bus Urban Hybrid Biodiesel,Unavailable,,,,,Year,2101,2101,2101,2101,2101,2101,2101,2101,2101,2101,2101,
CIMS.CAN.AB.Transportation Personal.Transit.Public Bus,Service,AB,Transportation Personal,Public Bus,Bus Urban Hybrid Biodiesel,Lifetime,,,,,Years,16,16,16,16,16,16,16,16,16,16,16,
CIMS.CAN.AB.Transportation Personal.Transit.Public Bus,Service,AB,Transportation Personal,Public Bus,Bus Urban Hybrid Biodiesel,Market share,,,,,%,0,,,,,,,,,,,
CIMS.CAN.AB.Transportation Personal.Transit.Public Bus,Service,AB,Transportation Personal,Public Bus,Bus Urban Hybrid Biodiesel,Output,,,,,k*pkm,778.197747592841,778.197747592841,778.197747592841,778.197747592841,778.197747592841,778.197747592841,778.197747592841,778.197747592841,778.197747592841,778.197747592841,778.197747592841,
CIMS.CAN.AB.Transportation Personal.Transit.Public Bus,Service,AB,Transportation Personal,Public Bus,Bus Urban Hybrid Biodiesel,FCC,,,,,$,547476.545823094,547476.545823094,547476.545823094,547476.545823094,547476.545823094,547476.545823094,547476.545823094,547476.545823094,547476.545823094,547476.545823094,547476.545823094,
CIMS.CAN.AB.Transportation Personal.Transit.Public Bus,Service,AB,Transportation Personal,Public Bus,Bus Urban Hybrid Biodiesel,Service requested,,,CIMS.CAN.AB.Biodiesel,,GJ,1.25116272984906,1.23989448193204,1.22862623401502,1.217357986098,1.20834338776438,1.20834338776438,1.20834338776438,1.20834338776438,1.20834338776438,1.20834338776438,1.20834338776438,
CIMS.CAN.AB.Transportation Personal.Transit.Public Bus,Service,AB,Transportation Personal,Public Bus,Bus Urban Hydrogen,Technology,,,,,,,,,,,,,,,,,
CIMS.CAN.AB.Transportation Personal.Transit.Public Bus,Service,AB,Transportation Personal,Public Bus,Bus Urban Hydrogen,Available,,,,,Year,2010,2010,2010,2010,2010,2010,2010,2010,2010,2010,2010,
CIMS.CAN.AB.Transportation Personal.Transit.Public Bus,Service,AB,Transportation Personal,Public Bus,Bus Urban Hydrogen,Unavailable,,,,,Year,2101,2101,2101,2101,2101,2101,2101,2101,2101,2101,2101,
CIMS.CAN.AB.Transportation Personal.Transit.Public Bus,Service,AB,Transportation Personal,Public Bus,Bus Urban Hydrogen,Lifetime,,,,,Years,16,16,16,16,16,16,16,16,16,16,16,
CIMS.CAN.AB.Transportation Personal.Transit.Public Bus,Service,AB,Transportation Personal,Public Bus,Bus Urban Hydrogen,Market share,,,,,%,0,,,,,,,,,,,
CIMS.CAN.AB.Transportation Personal.Transit.Public Bus,Service,AB,Transportation Personal,Public Bus,Bus Urban Hydrogen,Output,,,,,k*pkm,778.197747592841,778.197747592841,778.197747592841,778.197747592841,778.197747592841,778.197747592841,778.197747592841,778.197747592841,778.197747592841,778.197747592841,778.197747592841,
CIMS.CAN.AB.Transportation Personal.Transit.Public Bus,Service,AB,Transportation Personal,Public Bus,Bus Urban Hydrogen,FCC,,,,,$,2346328.05352754,2346328.05352754,2346328.05352754,2346328.05352754,2346328.05352754,2346328.05352754,2346328.05352754,2346328.05352754,2346328.05352754,2346328.05352754,2346328.05352754,
CIMS.CAN.AB.Transportation Personal.Transit.Public Bus,Service,AB,Transportation Personal,Public Bus,Bus Urban Hydrogen,Service requested,,,CIMS.CAN.AB.Hydrogen,,GJ,0.81325577440189,0.80593141325583,0.79860705210976,0.7912826909637,0.78542320204685,0.78542320204685,0.78542320204685,0.78542320204685,0.78542320204685,0.78542320204685,0.78542320204685,
CIMS.CAN.AB.Transportation Personal.Transit.Public Bus,Service,AB,Transportation Personal,Public Bus,Bus Urban Electric,Technology,,,,,,,,,,,,,,,,,
CIMS.CAN.AB.Transportation Personal.Transit.Public Bus,Service,AB,Transportation Personal,Public Bus,Bus Urban Electric,Available,,,,,Year,2000,2000,2000,2000,2000,2000,2000,2000,2000,2000,2000,
CIMS.CAN.AB.Transportation Personal.Transit.Public Bus,Service,AB,Transportation Personal,Public Bus,Bus Urban Electric,Unavailable,,,,,Year,2101,2101,2101,2101,2101,2101,2101,2101,2101,2101,2101,
CIMS.CAN.AB.Transportation Personal.Transit.Public Bus,Service,AB,Transportation Personal,Public Bus,Bus Urban Electric,Lifetime,,,,,Years,16,16,16,16,16,16,16,16,16,16,16,
CIMS.CAN.AB.Transportation Personal.Transit.Public Bus,Service,AB,Transportation Personal,Public Bus,Bus Urban Electric,Market share,,,,,%,0,,,,,,,,,,,
CIMS.CAN.AB.Transportation Personal.Transit.Public Bus,Service,AB,Transportation Personal,Public Bus,Bus Urban Electric,Output,,,,,k*pkm,778.197747592841,778.197747592841,778.197747592841,778.197747592841,778.197747592841,778.197747592841,778.197747592841,778.197747592841,778.197747592841,778.197747592841,778.197747592841,
CIMS.CAN.AB.Transportation Personal.Transit.Public Bus,Service,AB,Transportation Personal,Public Bus,Bus Urban Electric,FCC,,,,,$,782109.351175848,782109.351175848,782109.351175848,782109.351175848,782109.351175848,782109.351175848,782109.351175848,782109.351175848,782109.351175848,782109.351175848,782109.351175848,
CIMS.CAN.AB.Transportation Personal.Transit.Public Bus,Service,AB,Transportation Personal,Public Bus,Bus Urban Electric,Service requested,,,CIMS.CAN.AB.Electricity,,GJ,0.81325577440189,0.80593141325583,0.79860705210976,0.7912826909637,0.78542320204685,0.78542320204685,0.78542320204685,0.78542320204685,0.78542320204685,0.78542320204685,0.78542320204685,
CIMS.CAN.AB.Transportation Personal.Transit.Public Bus,Service,AB,Transportation Personal,Public Bus,Ferry Urban,Technology,,,,,,,,,,,,,,,,,
CIMS.CAN.AB.Transportation Personal.Transit.Public Bus,Service,AB,Transportation Personal,Public Bus,Ferry Urban,Available,,,,,Year,1950,1950,1950,1950,1950,1950,1950,1950,1950,1950,1950,
CIMS.CAN.AB.Transportation Personal.Transit.Public Bus,Service,AB,Transportation Personal,Public Bus,Ferry Urban,Unavailable,,,,,Year,2101,2101,2101,2101,2101,2101,2101,2101,2101,2101,2101,
CIMS.CAN.AB.Transportation Personal.Transit.Public Bus,Service,AB,Transportation Personal,Public Bus,Ferry Urban,Lifetime,,,,,Years,16,16,16,16,16,16,16,16,16,16,16,
CIMS.CAN.AB.Transportation Personal.Transit.Public Bus,Service,AB,Transportation Personal,Public Bus,Ferry Urban,Market share,,,,,%,0,,,,,,,,,,,
CIMS.CAN.AB.Transportation Personal.Transit.Public Bus,Service,AB,Transportation Personal,Public Bus,Ferry Urban,Output,,,,,k*pkm,4152.87,4152.87,4152.87,4152.87,4152.87,4152.87,4152.87,4152.87,4152.87,4152.87,4152.87,
CIMS.CAN.AB.Transportation Personal.Transit.Public Bus,Service,AB,Transportation Personal,Public Bus,Ferry Urban,Service requested,,,CIMS.CAN.AB.Fuel Blends.Diesel_Transportation,,GJ,3.46046511627906,3.46046511627906,3.46046511627906,3.46046511627906,3.46046511627906,3.46046511627906,3.46046511627906,3.46046511627906,3.46046511627906,3.46046511627906,3.46046511627906,
CIMS.CAN.AB.Transportation Personal.Transit.Rapid Transit,Service,AB,Transportation Personal,Rapid Transit,,Service provided,,,,,k*pkm,,,,,,,,,,,,
CIMS.CAN.AB.Transportation Personal.Transit.Rapid Transit,Service,AB,Transportation Personal,Rapid Transit,,Competition type,Tech Compete,,,,,,,,,,,,,,,,
CIMS.CAN.AB.Transportation Personal.Transit.Rapid Transit,Service,AB,Transportation Personal,Rapid Transit,,Discount rate_financial,,,,,%,0.25,0.25,0.25,0.25,0.25,0.25,0.25,0.25,0.25,0.25,0.25,
CIMS.CAN.AB.Transportation Personal.Transit.Rapid Transit,Service,AB,Transportation Personal,Rapid Transit,,Heterogeneity,,,,,,10,10,10,10,10,10,10,10,10,10,10,
CIMS.CAN.AB.Transportation Personal.Transit.Rapid Transit,Service,AB,Transportation Personal,Rapid Transit,Light Rail,Technology,,,,,,,,,,,,,,,,,
CIMS.CAN.AB.Transportation Personal.Transit.Rapid Transit,Service,AB,Transportation Personal,Rapid Transit,Light Rail,Available,,,,,Year,1950,1950,1950,1950,1950,1950,1950,1950,1950,1950,1950,
CIMS.CAN.AB.Transportation Personal.Transit.Rapid Transit,Service,AB,Transportation Personal,Rapid Transit,Light Rail,Unavailable,,,,,Year,2101,2101,2101,2101,2101,2101,2101,2101,2101,2101,2101,
CIMS.CAN.AB.Transportation Personal.Transit.Rapid Transit,Service,AB,Transportation Personal,Rapid Transit,Light Rail,Lifetime,,,,,Years,16,16,16,16,16,16,16,16,16,16,16,
CIMS.CAN.AB.Transportation Personal.Transit.Rapid Transit,Service,AB,Transportation Personal,Rapid Transit,Light Rail,Market share,,,,,%,1,,,,,,,,,,,
CIMS.CAN.AB.Transportation Personal.Transit.Rapid Transit,Service,AB,Transportation Personal,Rapid Transit,Light Rail,Output,,,,,k*pkm,872.0235476,872.0235476,872.0235476,872.0235476,872.0235476,872.0235476,872.0235476,872.0235476,872.0235476,872.0235476,872.0235476,
CIMS.CAN.AB.Transportation Personal.Transit.Rapid Transit,Service,AB,Transportation Personal,Rapid Transit,Light Rail,FCC,,,,,$,667921.385904173,667921.385904173,667921.385904173,667921.385904173,667921.385904173,667921.385904173,667921.385904173,667921.385904173,667921.385904173,667921.385904173,667921.385904173,
CIMS.CAN.AB.Transportation Personal.Transit.Rapid Transit,Service,AB,Transportation Personal,Rapid Transit,Light Rail,Service requested,,,CIMS.CAN.AB.Electricity,,GJ,0.26333333333333,0.26333333333333,0.26333333333333,0.26333333333333,0.26333333333333,0.26333333333333,0.26333333333333,0.26333333333333,0.26333333333333,0.26333333333333,0.26333333333333,
CIMS.CAN.AB.Transportation Personal.Intercity Bus,Service,AB,Transportation Personal,Intercity Bus,,Service provided,,,,,k*pkm,,,,,,,,,,,,
CIMS.CAN.AB.Transportation Personal.Intercity Bus,Service,AB,Transportation Personal,Intercity Bus,,Competition type,Tech Compete,,,,,,,,,,,,,,,,
CIMS.CAN.AB.Transportation Personal.Intercity Bus,Service,AB,Transportation Personal,Intercity Bus,,Discount rate_financial,,,,,%,0.25,0.25,0.25,0.25,0.25,0.25,0.25,0.25,0.25,0.25,0.25,
CIMS.CAN.AB.Transportation Personal.Intercity Bus,Service,AB,Transportation Personal,Intercity Bus,,Heterogeneity,,,,,,10,10,10,10,10,10,10,10,10,10,10,
CIMS.CAN.AB.Transportation Personal.Intercity Bus,Service,AB,Transportation Personal,Intercity Bus,Bus Intercity Diesel,Technology,,,,,,,,,,,,,,,,,
CIMS.CAN.AB.Transportation Personal.Intercity Bus,Service,AB,Transportation Personal,Intercity Bus,Bus Intercity Diesel,Available,,,,,Year,1950,1950,1950,1950,1950,1950,1950,1950,1950,1950,1950,
CIMS.CAN.AB.Transportation Personal.Intercity Bus,Service,AB,Transportation Personal,Intercity Bus,Bus Intercity Diesel,Unavailable,,,,,Year,2101,2101,2101,2101,2101,2101,2101,2101,2101,2101,2101,
CIMS.CAN.AB.Transportation Personal.Intercity Bus,Service,AB,Transportation Personal,Intercity Bus,Bus Intercity Diesel,Lifetime,,,,,Years,16,16,16,16,16,16,16,16,16,16,16,
CIMS.CAN.AB.Transportation Personal.Intercity Bus,Service,AB,Transportation Personal,Intercity Bus,Bus Intercity Diesel,Market share,,,,,%,0.89384804015542,,,,,,,,,,,
CIMS.CAN.AB.Transportation Personal.Intercity Bus,Service,AB,Transportation Personal,Intercity Bus,Bus Intercity Diesel,Output,,,,,k*pkm,956.733577981062,956.733577981062,956.733577981062,956.733577981062,956.733577981062,956.733577981062,956.733577981062,956.733577981062,956.733577981062,956.733577981062,956.733577981062,
CIMS.CAN.AB.Transportation Personal.Intercity Bus,Service,AB,Transportation Personal,Intercity Bus,Bus Intercity Diesel,FCC,,,,,$,391054.675587924,391054.675587924,391054.675587924,391054.675587924,391054.675587924,391054.675587924,391054.675587924,391054.675587924,391054.675587924,391054.675587924,391054.675587924,
CIMS.CAN.AB.Transportation Personal.Intercity Bus,Service,AB,Transportation Personal,Intercity Bus,Bus Intercity Diesel,Service requested,,,CIMS.CAN.AB.Fuel Blends.Diesel_Transportation,,GJ,0.84748831276641,0.78582710616268,0.72416589955896,0.66250469295523,0.61317572767225,0.61317572767225,0.61317572767225,0.61317572767225,0.61317572767225,0.61317572767225,0.61317572767225,
CIMS.CAN.AB.Transportation Personal.Intercity Bus,Service,AB,Transportation Personal,Intercity Bus,Bus Intercity Gasoline,Technology,,,,,,,,,,,,,,,,,
CIMS.CAN.AB.Transportation Personal.Intercity Bus,Service,AB,Transportation Personal,Intercity Bus,Bus Intercity Gasoline,Available,,,,,Year,1950,1950,1950,1950,1950,1950,1950,1950,1950,1950,1950,
CIMS.CAN.AB.Transportation Personal.Intercity Bus,Service,AB,Transportation Personal,Intercity Bus,Bus Intercity Gasoline,Unavailable,,,,,Year,2101,2101,2101,2101,2101,2101,2101,2101,2101,2101,2101,
CIMS.CAN.AB.Transportation Personal.Intercity Bus,Service,AB,Transportation Personal,Intercity Bus,Bus Intercity Gasoline,Lifetime,,,,,Years,16,16,16,16,16,16,16,16,16,16,16,
CIMS.CAN.AB.Transportation Personal.Intercity Bus,Service,AB,Transportation Personal,Intercity Bus,Bus Intercity Gasoline,Market share,,,,,%,0.10615195984458,,,,,,,,,,,
CIMS.CAN.AB.Transportation Personal.Intercity Bus,Service,AB,Transportation Personal,Intercity Bus,Bus Intercity Gasoline,Output,,,,,k*pkm,956.733577981062,956.733577981062,956.733577981062,956.733577981062,956.733577981062,956.733577981062,956.733577981062,956.733577981062,956.733577981062,956.733577981062,956.733577981062,
CIMS.CAN.AB.Transportation Personal.Intercity Bus,Service,AB,Transportation Personal,Intercity Bus,Bus Intercity Gasoline,FCC,,,,,$,391054.675587924,391054.675587924,391054.675587924,391054.675587924,391054.675587924,391054.675587924,391054.675587924,391054.675587924,391054.675587924,391054.675587924,391054.675587924,
CIMS.CAN.AB.Transportation Personal.Intercity Bus,Service,AB,Transportation Personal,Intercity Bus,Bus Intercity Gasoline,Service requested,,,CIMS.CAN.AB.Fuel Blends.Gasoline_Transportation,,GJ,0.84748831276641,0.78582710616268,0.72416589955896,0.66250469295523,0.61317572767225,0.61317572767225,0.61317572767225,0.61317572767225,0.61317572767225,0.61317572767225,0.61317572767225,
CIMS.CAN.AB.Transportation Personal.Intercity Bus,Service,AB,Transportation Personal,Intercity Bus,Bus Intercity Hybrid,Technology,,,,,,,,,,,,,,,,,
CIMS.CAN.AB.Transportation Personal.Intercity Bus,Service,AB,Transportation Personal,Intercity Bus,Bus Intercity Hybrid,Available,,,,,Year,2010,2010,2010,2010,2010,2010,2010,2010,2010,2010,2010,
CIMS.CAN.AB.Transportation Personal.Intercity Bus,Service,AB,Transportation Personal,Intercity Bus,Bus Intercity Hybrid,Unavailable,,,,,Year,2101,2101,2101,2101,2101,2101,2101,2101,2101,2101,2101,
CIMS.CAN.AB.Transportation Personal.Intercity Bus,Service,AB,Transportation Personal,Intercity Bus,Bus Intercity Hybrid,Lifetime,,,,,Years,16,16,16,16,16,16,16,16,16,16,16,
CIMS.CAN.AB.Transportation Personal.Intercity Bus,Service,AB,Transportation Personal,Intercity Bus,Bus Intercity Hybrid,Market share,,,,,%,0,,,,,,,,,,,
CIMS.CAN.AB.Transportation Personal.Intercity Bus,Service,AB,Transportation Personal,Intercity Bus,Bus Intercity Hybrid,Output,,,,,k*pkm,956.733577981062,956.733577981062,956.733577981062,956.733577981062,956.733577981062,956.733577981062,956.733577981062,956.733577981062,956.733577981062,956.733577981062,956.733577981062,
CIMS.CAN.AB.Transportation Personal.Intercity Bus,Service,AB,Transportation Personal,Intercity Bus,Bus Intercity Hybrid,FCC,,,,,$,547476.545823094,547476.545823094,547476.545823094,547476.545823094,547476.545823094,547476.545823094,547476.545823094,547476.545823094,547476.545823094,547476.545823094,547476.545823094,
CIMS.CAN.AB.Transportation Personal.Intercity Bus,Service,AB,Transportation Personal,Intercity Bus,Bus Intercity Hybrid,Service requested,,,CIMS.CAN.AB.Fuel Blends.Diesel_Transportation,,GJ,0.55086740329816,0.51078761900574,0.47070783471332,0.4306280504209,0.39856422298697,0.39856422298697,0.39856422298697,0.39856422298697,0.39856422298697,0.39856422298697,0.39856422298697,
CIMS.CAN.AB.Transportation Personal.Intercity Bus,Service,AB,Transportation Personal,Intercity Bus,Bus Intercity NG,Technology,,,,,,,,,,,,,,,,,
CIMS.CAN.AB.Transportation Personal.Intercity Bus,Service,AB,Transportation Personal,Intercity Bus,Bus Intercity NG,Available,,,,,Year,1950,1950,1950,1950,1950,1950,1950,1950,1950,1950,1950,
CIMS.CAN.AB.Transportation Personal.Intercity Bus,Service,AB,Transportation Personal,Intercity Bus,Bus Intercity NG,Unavailable,,,,,Year,2101,2101,2101,2101,2101,2101,2101,2101,2101,2101,2101,
CIMS.CAN.AB.Transportation Personal.Intercity Bus,Service,AB,Transportation Personal,Intercity Bus,Bus Intercity NG,Lifetime,,,,,Years,16,16,16,16,16,16,16,16,16,16,16,
CIMS.CAN.AB.Transportation Personal.Intercity Bus,Service,AB,Transportation Personal,Intercity Bus,Bus Intercity NG,Market share,,,,,%,0,,,,,,,,,,,
CIMS.CAN.AB.Transportation Personal.Intercity Bus,Service,AB,Transportation Personal,Intercity Bus,Bus Intercity NG,Output,,,,,k*pkm,956.733577981062,956.733577981062,956.733577981062,956.733577981062,956.733577981062,956.733577981062,956.733577981062,956.733577981062,956.733577981062,956.733577981062,956.733577981062,
CIMS.CAN.AB.Transportation Personal.Intercity Bus,Service,AB,Transportation Personal,Intercity Bus,Bus Intercity NG,FCC,,,,,$,547476.545823094,547476.545823094,547476.545823094,547476.545823094,547476.545823094,547476.545823094,547476.545823094,547476.545823094,547476.545823094,547476.545823094,547476.545823094,
CIMS.CAN.AB.Transportation Personal.Intercity Bus,Service,AB,Transportation Personal,Intercity Bus,Bus Intercity NG,Service requested,,,CIMS.Generic Fuels.Natural Gas,,GJ,0.84748831276641,0.78582710616268,0.72416589955896,0.66250469295523,0.61317572767225,0.61317572767225,0.61317572767225,0.61317572767225,0.61317572767225,0.61317572767225,0.61317572767225,
CIMS.CAN.AB.Transportation Personal.Intercity Bus,Service,AB,Transportation Personal,Intercity Bus,Bus Intercity Hybrid Biodiesel,Technology,,,,,,,,,,,,,,,,,
CIMS.CAN.AB.Transportation Personal.Intercity Bus,Service,AB,Transportation Personal,Intercity Bus,Bus Intercity Hybrid Biodiesel,Available,,,,,Year,2010,2010,2010,2010,2010,2010,2010,2010,2010,2010,2010,
CIMS.CAN.AB.Transportation Personal.Intercity Bus,Service,AB,Transportation Personal,Intercity Bus,Bus Intercity Hybrid Biodiesel,Unavailable,,,,,Year,2101,2101,2101,2101,2101,2101,2101,2101,2101,2101,2101,
CIMS.CAN.AB.Transportation Personal.Intercity Bus,Service,AB,Transportation Personal,Intercity Bus,Bus Intercity Hybrid Biodiesel,Lifetime,,,,,Years,16,16,16,16,16,16,16,16,16,16,16,
CIMS.CAN.AB.Transportation Personal.Intercity Bus,Service,AB,Transportation Personal,Intercity Bus,Bus Intercity Hybrid Biodiesel,Market share,,,,,%,0,,,,,,,,,,,
CIMS.CAN.AB.Transportation Personal.Intercity Bus,Service,AB,Transportation Personal,Intercity Bus,Bus Intercity Hybrid Biodiesel,Output,,,,,k*pkm,956.733577981062,956.733577981062,956.733577981062,956.733577981062,956.733577981062,956.733577981062,956.733577981062,956.733577981062,956.733577981062,956.733577981062,956.733577981062,
CIMS.CAN.AB.Transportation Personal.Intercity Bus,Service,AB,Transportation Personal,Intercity Bus,Bus Intercity Hybrid Biodiesel,FCC,,,,,$,547476.545823094,547476.545823094,547476.545823094,547476.545823094,547476.545823094,547476.545823094,547476.545823094,547476.545823094,547476.545823094,547476.545823094,547476.545823094,
CIMS.CAN.AB.Transportation Personal.Intercity Bus,Service,AB,Transportation Personal,Intercity Bus,Bus Intercity Hybrid Biodiesel,Service requested,,,CIMS.CAN.AB.Biodiesel,,GJ,0.55086740329816,0.51078761900574,0.47070783471332,0.4306280504209,0.39856422298697,0.39856422298697,0.39856422298697,0.39856422298697,0.39856422298697,0.39856422298697,0.39856422298697,
CIMS.CAN.AB.Transportation Personal.Intercity Bus,Service,AB,Transportation Personal,Intercity Bus,Bus Intercity Hydrogen,Technology,,,,,,,,,,,,,,,,,
CIMS.CAN.AB.Transportation Personal.Intercity Bus,Service,AB,Transportation Personal,Intercity Bus,Bus Intercity Hydrogen,Available,,,,,Year,2010,2010,2010,2010,2010,2010,2010,2010,2010,2010,2010,
CIMS.CAN.AB.Transportation Personal.Intercity Bus,Service,AB,Transportation Personal,Intercity Bus,Bus Intercity Hydrogen,Unavailable,,,,,Year,2101,2101,2101,2101,2101,2101,2101,2101,2101,2101,2101,
CIMS.CAN.AB.Transportation Personal.Intercity Bus,Service,AB,Transportation Personal,Intercity Bus,Bus Intercity Hydrogen,Lifetime,,,,,Years,16,16,16,16,16,16,16,16,16,16,16,
CIMS.CAN.AB.Transportation Personal.Intercity Bus,Service,AB,Transportation Personal,Intercity Bus,Bus Intercity Hydrogen,Market share,,,,,%,0,,,,,,,,,,,
CIMS.CAN.AB.Transportation Personal.Intercity Bus,Service,AB,Transportation Personal,Intercity Bus,Bus Intercity Hydrogen,Output,,,,,k*pkm,956.733577981062,956.733577981062,956.733577981062,956.733577981062,956.733577981062,956.733577981062,956.733577981062,956.733577981062,956.733577981062,956.733577981062,956.733577981062,
CIMS.CAN.AB.Transportation Personal.Intercity Bus,Service,AB,Transportation Personal,Intercity Bus,Bus Intercity Hydrogen,FCC,,,,,$,2346328.05352754,2346328.05352754,2346328.05352754,2346328.05352754,2346328.05352754,2346328.05352754,2346328.05352754,2346328.05352754,2346328.05352754,2346328.05352754,2346328.05352754,
CIMS.CAN.AB.Transportation Personal.Intercity Bus,Service,AB,Transportation Personal,Intercity Bus,Bus Intercity Hydrogen,Service requested,,,CIMS.CAN.AB.Hydrogen,,GJ,0.55086740329816,0.51078761900574,0.47070783471332,0.4306280504209,0.39856422298697,0.39856422298697,0.39856422298697,0.39856422298697,0.39856422298697,0.39856422298697,0.39856422298697,
CIMS.CAN.AB.Transportation Personal.Intercity Rail,Service,AB,Transportation Personal,Intercity Rail,,Service provided,,,,,k*pkm,,,,,,,,,,,,
CIMS.CAN.AB.Transportation Personal.Intercity Rail,Service,AB,Transportation Personal,Intercity Rail,,Competition type,Tech Compete,,,,,,,,,,,,,,,,
CIMS.CAN.AB.Transportation Personal.Intercity Rail,Service,AB,Transportation Personal,Intercity Rail,,Discount rate_financial,,,,,%,0.25,0.25,0.25,0.25,0.25,0.25,0.25,0.25,0.25,0.25,0.25,
CIMS.CAN.AB.Transportation Personal.Intercity Rail,Service,AB,Transportation Personal,Intercity Rail,,Heterogeneity,,,,,,10,10,10,10,10,10,10,10,10,10,10,
CIMS.CAN.AB.Transportation Personal.Intercity Rail,Service,AB,Transportation Personal,Intercity Rail,Rail Intercity Diesel,Technology,,,,,,,,,,,,,,,,,
CIMS.CAN.AB.Transportation Personal.Intercity Rail,Service,AB,Transportation Personal,Intercity Rail,Rail Intercity Diesel,Available,,,,,Year,2000,2000,2000,2000,2000,2000,2000,2000,2000,2000,2000,
CIMS.CAN.AB.Transportation Personal.Intercity Rail,Service,AB,Transportation Personal,Intercity Rail,Rail Intercity Diesel,Unavailable,,,,,Year,2101,2101,2101,2101,2101,2101,2101,2101,2101,2101,2101,
CIMS.CAN.AB.Transportation Personal.Intercity Rail,Service,AB,Transportation Personal,Intercity Rail,Rail Intercity Diesel,Lifetime,,,,,Years,25,25,25,25,25,25,25,25,25,25,25,
CIMS.CAN.AB.Transportation Personal.Intercity Rail,Service,AB,Transportation Personal,Intercity Rail,Rail Intercity Diesel,Market share,,,,,%,1,,,,,,,,,,,
CIMS.CAN.AB.Transportation Personal.Intercity Rail,Service,AB,Transportation Personal,Intercity Rail,Rail Intercity Diesel,Output,,,,,k*pkm,79733.868,79733.868,79733.868,79733.868,79733.868,79733.868,79733.868,79733.868,79733.868,79733.868,79733.868,
CIMS.CAN.AB.Transportation Personal.Intercity Rail,Service,AB,Transportation Personal,Intercity Rail,Rail Intercity Diesel,FCC,,,,,$,52328087.3488785,52328087.3488785,52328087.3488785,52328087.3488785,52328087.3488785,52328087.3488785,52328087.3488785,52328087.3488785,52328087.3488785,52328087.3488785,52328087.3488785,
CIMS.CAN.AB.Transportation Personal.Intercity Rail,Service,AB,Transportation Personal,Intercity Rail,Rail Intercity Diesel,Service requested,,,CIMS.CAN.AB.Fuel Blends.Diesel_Transportation,,GJ,1.99389426243247,1.85399652998695,1.71409879754143,1.57420106509591,1.46228287913949,1.46228287913949,1.46228287913949,1.46228287913949,1.46228287913949,1.46228287913949,1.46228287913949,
CIMS.CAN.AB.Transportation Personal.Intercity Rail,Service,AB,Transportation Personal,Intercity Rail,Rail Intercity Diesel Efficient,Technology,,,,,,,,,,,,,,,,,
CIMS.CAN.AB.Transportation Personal.Intercity Rail,Service,AB,Transportation Personal,Intercity Rail,Rail Intercity Diesel Efficient,Available,,,,,Year,2010,2010,2010,2010,2010,2010,2010,2010,2010,2010,2010,
CIMS.CAN.AB.Transportation Personal.Intercity Rail,Service,AB,Transportation Personal,Intercity Rail,Rail Intercity Diesel Efficient,Unavailable,,,,,Year,2101,2101,2101,2101,2101,2101,2101,2101,2101,2101,2101,
CIMS.CAN.AB.Transportation Personal.Intercity Rail,Service,AB,Transportation Personal,Intercity Rail,Rail Intercity Diesel Efficient,Lifetime,,,,,Years,25,25,25,25,25,25,25,25,25,25,25,
CIMS.CAN.AB.Transportation Personal.Intercity Rail,Service,AB,Transportation Personal,Intercity Rail,Rail Intercity Diesel Efficient,Market share,,,,,%,0,,,,,,,,,,,
CIMS.CAN.AB.Transportation Personal.Intercity Rail,Service,AB,Transportation Personal,Intercity Rail,Rail Intercity Diesel Efficient,Output,,,,,k*pkm,79733.868,79733.868,79733.868,79733.868,79733.868,79733.868,79733.868,79733.868,79733.868,79733.868,79733.868,
CIMS.CAN.AB.Transportation Personal.Intercity Rail,Service,AB,Transportation Personal,Intercity Rail,Rail Intercity Diesel Efficient,FCC,,,,,$,139541591.862617,139541591.862617,139541591.862617,139541591.862617,139541591.862617,139541591.862617,139541591.862617,139541591.862617,139541591.862617,139541591.862617,139541591.862617,
CIMS.CAN.AB.Transportation Personal.Intercity Rail,Service,AB,Transportation Personal,Intercity Rail,Rail Intercity Diesel Efficient,Service requested,,,CIMS.CAN.AB.Fuel Blends.Diesel_Transportation,,GJ,1.59511540994598,1.48319722398956,1.37127903803315,1.25936085207673,1.16982630331159,1.16982630331159,1.16982630331159,1.16982630331159,1.16982630331159,1.16982630331159,1.16982630331159,
CIMS.CAN.AB.Transportation Personal.Intercity Rail,Service,AB,Transportation Personal,Intercity Rail,Rail Intercity Hybrid Biodiesel,Technology,,,,,,,,,,,,,,,,,
CIMS.CAN.AB.Transportation Personal.Intercity Rail,Service,AB,Transportation Personal,Intercity Rail,Rail Intercity Hybrid Biodiesel,Available,,,,,Year,2000,2000,2000,2000,2000,2000,2000,2000,2000,2000,2000,
CIMS.CAN.AB.Transportation Personal.Intercity Rail,Service,AB,Transportation Personal,Intercity Rail,Rail Intercity Hybrid Biodiesel,Unavailable,,,,,Year,2101,2101,2101,2101,2101,2101,2101,2101,2101,2101,2101,
CIMS.CAN.AB.Transportation Personal.Intercity Rail,Service,AB,Transportation Personal,Intercity Rail,Rail Intercity Hybrid Biodiesel,Lifetime,,,,,Years,25,25,25,25,25,25,25,25,25,25,25,
CIMS.CAN.AB.Transportation Personal.Intercity Rail,Service,AB,Transportation Personal,Intercity Rail,Rail Intercity Hybrid Biodiesel,Market share,,,,,%,0,,,,,,,,,,,
CIMS.CAN.AB.Transportation Personal.Intercity Rail,Service,AB,Transportation Personal,Intercity Rail,Rail Intercity Hybrid Biodiesel,Output,,,,,k*pkm,79733.868,79733.868,79733.868,79733.868,79733.868,79733.868,79733.868,79733.868,79733.868,79733.868,79733.868,
CIMS.CAN.AB.Transportation Personal.Intercity Rail,Service,AB,Transportation Personal,Intercity Rail,Rail Intercity Hybrid Biodiesel,FCC,,,,,$,139541591.862617,139541591.862617,139541591.862617,139541591.862617,139541591.862617,139541591.862617,139541591.862617,139541591.862617,139541591.862617,139541591.862617,139541591.862617,
CIMS.CAN.AB.Transportation Personal.Intercity Rail,Service,AB,Transportation Personal,Intercity Rail,Rail Intercity Hybrid Biodiesel,Service requested,,,CIMS.CAN.AB.Biodiesel,,GJ,1.59511540994598,1.48319722398956,1.37127903803315,1.25936085207673,1.16982630331159,1.16982630331159,1.16982630331159,1.16982630331159,1.16982630331159,1.16982630331159,1.16982630331159,
CIMS.CAN.AB.Transportation Personal.Intercity Rail,Service,AB,Transportation Personal,Intercity Rail,Rail Intercity Hydrogen,Technology,,,,,,,,,,,,,,,,,
CIMS.CAN.AB.Transportation Personal.Intercity Rail,Service,AB,Transportation Personal,Intercity Rail,Rail Intercity Hydrogen,Available,,,,,Year,2020,2020,2020,2020,2020,2020,2020,2020,2020,2020,2020,
CIMS.CAN.AB.Transportation Personal.Intercity Rail,Service,AB,Transportation Personal,Intercity Rail,Rail Intercity Hydrogen,Unavailable,,,,,Year,2101,2101,2101,2101,2101,2101,2101,2101,2101,2101,2101,
CIMS.CAN.AB.Transportation Personal.Intercity Rail,Service,AB,Transportation Personal,Intercity Rail,Rail Intercity Hydrogen,Lifetime,,,,,Years,25,25,25,25,25,25,25,25,25,25,25,
CIMS.CAN.AB.Transportation Personal.Intercity Rail,Service,AB,Transportation Personal,Intercity Rail,Rail Intercity Hydrogen,Market share,,,,,%,0,,,,,,,,,,,
CIMS.CAN.AB.Transportation Personal.Intercity Rail,Service,AB,Transportation Personal,Intercity Rail,Rail Intercity Hydrogen,Output,,,,,k*pkm,79733.868,79733.868,79733.868,79733.868,79733.868,79733.868,79733.868,79733.868,79733.868,79733.868,79733.868,
CIMS.CAN.AB.Transportation Personal.Intercity Rail,Service,AB,Transportation Personal,Intercity Rail,Rail Intercity Hydrogen,FCC,,,,,$,305247256.278505,305247256.278505,305247256.278505,305247256.278505,305247256.278505,305247256.278505,305247256.278505,305247256.278505,305247256.278505,305247256.278505,305247256.278505,
CIMS.CAN.AB.Transportation Personal.Intercity Rail,Service,AB,Transportation Personal,Intercity Rail,Rail Intercity Hydrogen,Service requested,,,CIMS.CAN.AB.Hydrogen,,GJ,1.59511540994598,1.48319722398956,1.37127903803315,1.25936085207673,1.16982630331159,1.16982630331159,1.16982630331159,1.16982630331159,1.16982630331159,1.16982630331159,1.16982630331159,
CIMS.CAN.AB.Transportation Personal.Intercity Rail,Service,AB,Transportation Personal,Intercity Rail,Rail Intercity Electric,Technology,,,,,,,,,,,,,,,,,
CIMS.CAN.AB.Transportation Personal.Intercity Rail,Service,AB,Transportation Personal,Intercity Rail,Rail Intercity Electric,Available,,,,,Year,2000,2000,2000,2000,2000,2000,2000,2000,2000,2000,2000,
CIMS.CAN.AB.Transportation Personal.Intercity Rail,Service,AB,Transportation Personal,Intercity Rail,Rail Intercity Electric,Unavailable,,,,,Year,2101,2101,2101,2101,2101,2101,2101,2101,2101,2101,2101,
CIMS.CAN.AB.Transportation Personal.Intercity Rail,Service,AB,Transportation Personal,Intercity Rail,Rail Intercity Electric,Lifetime,,,,,Years,25,25,25,25,25,25,25,25,25,25,25,
CIMS.CAN.AB.Transportation Personal.Intercity Rail,Service,AB,Transportation Personal,Intercity Rail,Rail Intercity Electric,Market share,,,,,%,0,,,,,,,,,,,
CIMS.CAN.AB.Transportation Personal.Intercity Rail,Service,AB,Transportation Personal,Intercity Rail,Rail Intercity Electric,Output,,,,,k*pkm,79733.868,79733.868,79733.868,79733.868,79733.868,79733.868,79733.868,79733.868,79733.868,79733.868,79733.868,
CIMS.CAN.AB.Transportation Personal.Intercity Rail,Service,AB,Transportation Personal,Intercity Rail,Rail Intercity Electric,FCC,,,,,$,174426989.924299,174426989.924299,174426989.924299,174426989.924299,174426989.924299,174426989.924299,174426989.924299,174426989.924299,174426989.924299,174426989.924299,174426989.924299,
CIMS.CAN.AB.Transportation Personal.Intercity Rail,Service,AB,Transportation Personal,Intercity Rail,Rail Intercity Electric,Service requested,,,CIMS.CAN.AB.Electricity,,GJ,1.59511540994598,1.48319722398956,1.37127903803315,1.25936085207673,1.16982630331159,1.16982630331159,1.16982630331159,1.16982630331159,1.16982630331159,1.16982630331159,1.16982630331159,
