CIMS.CAN.BC.Electricity.Utility Generation.Shoulder Load,<-- Navigate by typing to search,,,,,,,,,,,,,,,,,,,,,,
Branch,Type,Region,Sector,Service,Technology,Parameter,Context,Sub_Context,Target,Source,Unit,2000,2005,2010,2015,2020,2025,2030,2035,2040,2045,2050,Comments
CIMS.CAN.BC.Electricity,Sector,BC,,,,Service provided,,,,,GJ,,,,,,,,,,,,
CIMS.CAN.BC.Electricity,Sector,BC,,,,Competition type,Sector,,,,,,,,,,,,,,,,
CIMS.CAN.BC.Electricity,Sector,BC,,,,Is supply,TRUE,,,,,,,,,,,,,,,,
CIMS.CAN.BC.Electricity,Sector,BC,Electricity,,,Price multiplier,,,CIMS.CAN.BC.Biodiesel,JCIMS,,0,1,1,1,1,1,1,1,1,1,1,
CIMS.CAN.BC.Electricity,Sector,BC,Electricity,,,Price multiplier,,,CIMS.Generic Fuels.Biogas,JCIMS,,1,1,1,1,1,1,1,1,1,1,1,
CIMS.CAN.BC.Electricity,Sector,BC,Electricity,,,Price multiplier,,,CIMS.Generic Fuels.Black Liquor,JCIMS,,1,1,1,1,1,1,1,1,1,1,1,
CIMS.CAN.BC.Electricity,Sector,BC,Electricity,,,Price multiplier,,,CIMS.Generic Fuels.Coal,JCIMS,,1,1,1,1,1,1,1,1,1,1,1,
CIMS.CAN.BC.Electricity,Sector,BC,Electricity,,,Price multiplier,,,CIMS.Generic Fuels.Coke,JCIMS,,1,1,1,1,1,1,1,1,1,1,1,
CIMS.CAN.BC.Electricity,Sector,BC,Electricity,,,Price multiplier,,,CIMS.Generic Fuels.Diesel,JCIMS,,0.41345301693417,0.50493177808368,0.68713239695248,0.73333326558627,0.86857088815089,0.94915303467877,1.01958383196229,1.07732187369493,1.12191590721447,1.13005914375645,1.1440244705163,
CIMS.CAN.BC.Electricity,Sector,BC,Electricity,,,Price multiplier,,,CIMS.CAN.BC.Electricity,,,1,1,1,1,1,1,1,1,1,1,1,TO DO: Fix these multipliers once the electricity sector is calibrated to have a production cost.
CIMS.CAN.BC.Electricity,Sector,BC,Electricity,,,Price multiplier,,,CIMS.CAN.BC.Ethanol,JCIMS,,1,1,1,1,1,1,1,1,1,1,1,
CIMS.CAN.BC.Electricity,Sector,BC,Electricity,,,Price multiplier,,,CIMS.Generic Fuels.Fuel Oil,CER,,1.01600537757731,1.01600537757731,1.12937969303903,1.1700038420687,1.06007477314638,1.16857029995883,1.23312899103829,1.18138017230694,1.1078112969818,1.02222620339895,0.96565680121895,
CIMS.CAN.BC.Electricity,Sector,BC,Electricity,,,Price multiplier,,,CIMS.Generic Fuels.Gasoline,JCIMS,,1,1,1,1,1,1,1,1,1,1,1,
CIMS.CAN.BC.Electricity,Sector,BC,Electricity,,,Price multiplier,,,CIMS.CAN.BC.Hydrogen,JCIMS,,1,1,1,1,1,1,1,1,1,1,1,
CIMS.CAN.BC.Electricity,Sector,BC,Electricity,,,Price multiplier,,,CIMS.Generic Fuels.Jet Fuel,JCIMS,,1,1,1,1,1,1,1,1,1,1,1,
CIMS.CAN.BC.Electricity,Sector,BC,Electricity,,,Price multiplier,,,CIMS.Generic Fuels.LPG,JCIMS,,1,1,1,1,1,1,1,1,1,1,1,
CIMS.CAN.BC.Electricity,Sector,BC,Electricity,,,Price multiplier,,,CIMS.Generic Fuels.Natural Gas,CER,,1.05573921415618,1.05573921415618,1.10715605699094,1.32645343659563,0.80925887171053,0.90270842821186,0.85690314279768,0.83912140951455,0.84041216516461,0.84280732149356,0.84547528189866,
CIMS.CAN.BC.Electricity,Sector,BC,Electricity,,,Price multiplier,,,CIMS.Generic Fuels.Petroleum Coke,JCIMS,,1,1,1,1,1,1,1,1,1,1,1,
CIMS.CAN.BC.Electricity,Sector,BC,Electricity,,,Price multiplier,,,CIMS.Generic Fuels.Propane,JCIMS,,1,1,1,1,1,1,1,1,1,1,1,
CIMS.CAN.BC.Electricity,Sector,BC,Electricity,,,Price multiplier,,,CIMS.Generic Fuels.Refinery Fuel Gas,JCIMS,,1,1,1,1,1,1,1,1,1,1,1,
CIMS.CAN.BC.Electricity,Sector,BC,Electricity,,,Price multiplier,,,CIMS.Generic Fuels.Solid Biomass,JCIMS,,1,1,1,1,1,1,1,1,1,1,1,
CIMS.CAN.BC.Electricity,Sector,BC,Electricity,,,Price multiplier,,,CIMS.Generic Fuels.Uranium,JCIMS,,1,1,1,1,1,1,1,1,1,1,1,
CIMS.CAN.BC.Electricity,Sector,BC,Electricity,,,Price multiplier,,,CIMS.Generic Fuels.Waste Fuel,JCIMS,,1,1,1,1,1,1,1,1,1,1,1,
CIMS.CAN.BC.Electricity,Sector,BC,Electricity,,,Emissions,CO2,Combustion,,"ECCC, NIR",tCO2,0,0,0,0,0,0,0,0,0,0,0,
CIMS.CAN.BC.Electricity,Sector,BC,Electricity,,,Emissions,CH4,Combustion,,"ECCC, NIR",tCH4,0,0,0,0,0,0,0,0,0,0,0,
CIMS.CAN.BC.Electricity,Sector,BC,Electricity,,,Emissions,N2O,Combustion,,"ECCC, NIR",tN2O,0,0,0,0,0,0,0,0,0,0,0,
CIMS.CAN.BC.Electricity,Sector,BC,Electricity,,,Service requested,,,CIMS.CAN.BC.Electricity.Utility Generation,,MWh,0.27777777777778,0.27777777777778,0.27777777777778,0.27777777777778,0.27777777777778,0.27777777777778,0.27777777777778,0.27777777777778,0.27777777777778,0.27777777777778,0.27777777777778,
CIMS.CAN.BC.Electricity.Utility Generation,Service,BC,Electricity,Utility Generation,,Service provided,,,,,MWh,,,,,,,,,,,,
CIMS.CAN.BC.Electricity.Utility Generation,Service,BC,Electricity,Utility Generation,,Competition type,Fixed Ratio,,,,,,,,,,,,,,,,
CIMS.CAN.BC.Electricity.Utility Generation,Service,BC,Electricity,Utility Generation,,Service requested,,,CIMS.CAN.BC.Electricity.Utility Generation.Base Load,,MWh,0.87048461130313,0.87048461130313,0.87048461130313,0.87048461130313,0.87048461130313,0.87048461130313,0.87048461130313,0.87048461130313,0.87048461130313,0.87048461130313,0.87048461130313,Currently accounts for transmission losses
CIMS.CAN.BC.Electricity.Utility Generation,Service,BC,Electricity,Utility Generation,,Service requested,,,CIMS.CAN.BC.Electricity.Utility Generation.Shoulder Load,,MWh,0.17094356377273,0.17094356377273,0.17094356377273,0.17094356377273,0.17094356377273,0.17094356377273,0.17094356377273,0.17094356377273,0.17094356377273,0.17094356377273,0.17094356377273,Currently accounts for transmission losses
CIMS.CAN.BC.Electricity.Utility Generation,Service,BC,Electricity,Utility Generation,,Service requested,,,CIMS.CAN.BC.Electricity.Utility Generation.Peak Load,,MWh,0.05470248369867,0.05470248369867,0.05470248369867,0.05470248369867,0.05470248369867,0.05470248369867,0.05470248369867,0.05470248369867,0.05470248369867,0.05470248369867,0.05470248369867,Currently accounts for transmission losses
CIMS.CAN.BC.Electricity.Utility Generation.Base Load,Service,BC,Electricity,Base Load,,Service provided,,,,,MWh,,,,,,,,,,,,
CIMS.CAN.BC.Electricity.Utility Generation.Base Load,Service,BC,Electricity,Base Load,,Competition type,Tech Compete,,,,,,,,,,,,,,,,
CIMS.CAN.BC.Electricity.Utility Generation.Base Load,Service,BC,Electricity,Base Load,,Discount rate_financial,,,,,%,0.125,0.125,0.125,0.125,0.125,0.125,0.125,0.125,0.125,0.125,0.125,
CIMS.CAN.BC.Electricity.Utility Generation.Base Load,Service,BC,Electricity,Base Load,,Heterogeneity,,,,,,10,10,10,10,10,10,10,10,10,10,10,
CIMS.CAN.BC.Electricity.Utility Generation.Base Load,Service,BC,Electricity,Base Load,Hydro River,Technology,,,,,,,,,,,,,,,,,
CIMS.CAN.BC.Electricity.Utility Generation.Base Load,Service,BC,Electricity,Base Load,Hydro River,Available,,,,,Year,2000,2000,2000,2000,2000,2000,2000,2000,2000,2000,2000,
CIMS.CAN.BC.Electricity.Utility Generation.Base Load,Service,BC,Electricity,Base Load,Hydro River,Unavailable,,,,,Year,2101,2101,2101,2101,2101,2101,2101,2101,2101,2101,2101,
CIMS.CAN.BC.Electricity.Utility Generation.Base Load,Service,BC,Electricity,Base Load,Hydro River,Lifetime,,,,NREL 2020 ATB,Years,40,40,40,40,40,40,40,40,40,40,40,
CIMS.CAN.BC.Electricity.Utility Generation.Base Load,Service,BC,Electricity,Base Load,Hydro River,Market share,,,,,%,0,,,,,,,,,,,
CIMS.CAN.BC.Electricity.Utility Generation.Base Load,Service,BC,Electricity,Base Load,Hydro River,Output,,,,NREL 2020 ATB,MWh,227760,227760,227760,227760,227760,227760,227760,227760,227760,227760,227760,
CIMS.CAN.BC.Electricity.Utility Generation.Base Load,Service,BC,Electricity,Base Load,Hydro River,FCC,,,,NREL 2020 ATB,$,260274950.,260274950.,260274950.,260274950.,260274950.,260274950.,260274950.,260274950.,260274950.,260274950.,260274950.,
CIMS.CAN.BC.Electricity.Utility Generation.Base Load,Service,BC,Electricity,Base Load,Hydro River,Capital recovery,,,,NREL 2020 ATB,Years,30,30,30,30,30,30,30,30,30,30,30,
CIMS.CAN.BC.Electricity.Utility Generation.Base Load,Service,BC,Electricity,Base Load,Hydro River,FOM,,,,NREL 2020 ATB,$,3241290.,3241290.,3241290.,3241290.,3241290.,3241290.,3241290.,3241290.,3241290.,3241290.,3241290.,
CIMS.CAN.BC.Electricity.Utility Generation.Base Load,Service,BC,Electricity,Base Load,Hydro River,Service requested,,,CIMS.Generic Fuels.VOM,NREL 2020 ATB,$,2.84,2.84,2.84,2.84,2.84,2.84,2.84,2.84,2.84,2.84,2.84,
CIMS.CAN.BC.Electricity.Utility Generation.Base Load,Service,BC,Electricity,Base Load,Hydro River,Service requested,,,CIMS.CAN.BC.Electricity.Transmission,,unit,1,1,1,1,1,1,1,1,1,1,1,
CIMS.CAN.BC.Electricity.Utility Generation.Base Load,Service,BC,Electricity,Base Load,Solar PV,Technology,,,,,,,,,,,,,,,,,
CIMS.CAN.BC.Electricity.Utility Generation.Base Load,Service,BC,Electricity,Base Load,Solar PV,Available,,,,,Year,2010,2010,2010,2010,2010,2010,2010,2010,2010,2010,2010,
CIMS.CAN.BC.Electricity.Utility Generation.Base Load,Service,BC,Electricity,Base Load,Solar PV,Unavailable,,,,,Year,2101,2101,2101,2101,2101,2101,2101,2101,2101,2101,2101,
CIMS.CAN.BC.Electricity.Utility Generation.Base Load,Service,BC,Electricity,Base Load,Solar PV,Lifetime,,,,NREL 2020 ATB,Years,30,30,30,30,30,30,30,30,30,30,30,
CIMS.CAN.BC.Electricity.Utility Generation.Base Load,Service,BC,Electricity,Base Load,Solar PV,Market share,,,,,%,0,,,,,,,,,,,
CIMS.CAN.BC.Electricity.Utility Generation.Base Load,Service,BC,Electricity,Base Load,Solar PV,Output,,,,NREL 2020 ATB,MWh,394200,394200,394200,394200,394200,394200,394200,394200,394200,394200,394200,
CIMS.CAN.BC.Electricity.Utility Generation.Base Load,Service,BC,Electricity,Base Load,Solar PV,FCC,,,,NREL 2020 ATB,$,538198500,538198500,538198500,422870250.,307542000,227581080,168409999.2,159989499.24,151990024.278,144390523.0641,137170996.910895,
CIMS.CAN.BC.Electricity.Utility Generation.Base Load,Service,BC,Electricity,Base Load,Solar PV,FOM,,,,NREL 2020 ATB,$,3467646.,3467646.,3467646.,3228498.,2989350.,2391480,1913184,1626206.4,1577420.208,1530097.60176,1484194.6737072,
CIMS.CAN.BC.Electricity.Utility Generation.Base Load,Service,BC,Electricity,Base Load,Solar PV,Service requested,,,CIMS.CAN.BC.Electricity.Transmission,,unit,1,1,1,1,1,1,1,1,1,1,1,
CIMS.CAN.BC.Electricity.Utility Generation.Base Load,Service,BC,Electricity,Base Load,Wind Onshore,Technology,,,,,,,,,,,,,,,,,
CIMS.CAN.BC.Electricity.Utility Generation.Base Load,Service,BC,Electricity,Base Load,Wind Onshore,Available,,,,,Year,2010,2010,2010,2010,2010,2010,2010,2010,2010,2010,2010,
CIMS.CAN.BC.Electricity.Utility Generation.Base Load,Service,BC,Electricity,Base Load,Wind Onshore,Unavailable,,,,,Year,2101,2101,2101,2101,2101,2101,2101,2101,2101,2101,2101,
CIMS.CAN.BC.Electricity.Utility Generation.Base Load,Service,BC,Electricity,Base Load,Wind Onshore,Lifetime,,,,NREL 2020 ATB,Years,30,30,30,30,30,30,30,30,30,30,30,
CIMS.CAN.BC.Electricity.Utility Generation.Base Load,Service,BC,Electricity,Base Load,Wind Onshore,Market share,,,,,%,0,,,,,,,,,,,
CIMS.CAN.BC.Electricity.Utility Generation.Base Load,Service,BC,Electricity,Base Load,Wind Onshore,Output,,,,NREL 2020 ATB,MWh,367920,367920,367920,367920,367920,367920,367920,367920,367920,367920,367920,
CIMS.CAN.BC.Electricity.Utility Generation.Base Load,Service,BC,Electricity,Base Load,Wind Onshore,FCC,,,,NREL 2020 ATB,$,244329280,244329280,244329280,244329280,234932000,192644240,152188949.6,144579502.12,137350527.014,130483000.6633,123958850.630135,
CIMS.CAN.BC.Electricity.Utility Generation.Base Load,Service,BC,Electricity,Base Load,Wind Onshore,FOM,,,,NREL 2020 ATB,$,6463600,6463600,6463600,6463600,5720000,5434000,5162300,4904185,4658975.75,4426026.9625,4204725.614375,
CIMS.CAN.BC.Electricity.Utility Generation.Base Load,Service,BC,Electricity,Base Load,Wind Onshore,Service requested,,,CIMS.CAN.BC.Electricity.Transmission,,unit,1,1,1,1,1,1,1,1,1,1,1,
CIMS.CAN.BC.Electricity.Utility Generation.Base Load,Service,BC,Electricity,Base Load,Wind Offshore,Technology,,,,,,,,,,,,,,,,,
CIMS.CAN.BC.Electricity.Utility Generation.Base Load,Service,BC,Electricity,Base Load,Wind Offshore,Available,,,,,Year,2025,2025,2025,2025,2025,2025,2025,2025,2025,2025,2025,
CIMS.CAN.BC.Electricity.Utility Generation.Base Load,Service,BC,Electricity,Base Load,Wind Offshore,Unavailable,,,,,Year,2101,2101,2101,2101,2101,2101,2101,2101,2101,2101,2101,
CIMS.CAN.BC.Electricity.Utility Generation.Base Load,Service,BC,Electricity,Base Load,Wind Offshore,Lifetime,,,,NREL 2020 ATB,Years,30,30,30,30,30,30,30,30,30,30,30,
CIMS.CAN.BC.Electricity.Utility Generation.Base Load,Service,BC,Electricity,Base Load,Wind Offshore,Market share,,,,,%,0,,,,,,,,,,,
CIMS.CAN.BC.Electricity.Utility Generation.Base Load,Service,BC,Electricity,Base Load,Wind Offshore,Output,,,,NREL 2020 ATB,MWh,1541760,1541760,1541760,1541760,1541760,1541760,1541760,1541760,1541760,1541760,1541760,
CIMS.CAN.BC.Electricity.Utility Generation.Base Load,Service,BC,Electricity,Base Load,Wind Offshore,FCC,,,,NREL 2020 ATB,$,1962044000,1962044000,1962044000,1962044000,1962044000,1962044000,1962044000,1962044000,1962044000,1962044000,1962044000,
CIMS.CAN.BC.Electricity.Utility Generation.Base Load,Service,BC,Electricity,Base Load,Wind Offshore,FOM,,,,NREL 2020 ATB,$,57491200,57491200,57491200,57491200,57491200,57491200,57491200,57491200,57491200,57491200,57491200,
CIMS.CAN.BC.Electricity.Utility Generation.Base Load,Service,BC,Electricity,Base Load,Wind Offshore,Service requested,,,CIMS.CAN.BC.Electricity.Transmission,,unit,1,1,1,1,1,1,1,1,1,1,1,
CIMS.CAN.BC.Electricity.Utility Generation.Base Load,Service,BC,Electricity,Base Load,Nuclear,Technology,,,,,,,,,,,,,,,,,
CIMS.CAN.BC.Electricity.Utility Generation.Base Load,Service,BC,Electricity,Base Load,Nuclear,Available,,,,,Year,1970,1970,1970,1970,1970,1970,1970,1970,1970,1970,1970,
CIMS.CAN.BC.Electricity.Utility Generation.Base Load,Service,BC,Electricity,Base Load,Nuclear,Unavailable,,,,,Year,2101,2101,2101,2101,2101,2101,2101,2101,2101,2101,2101,
CIMS.CAN.BC.Electricity.Utility Generation.Base Load,Service,BC,Electricity,Base Load,Nuclear,Lifetime,,,,NREL 2020 ATB,Years,80,80,80,80,80,80,80,80,80,80,80,
CIMS.CAN.BC.Electricity.Utility Generation.Base Load,Service,BC,Electricity,Base Load,Nuclear,Market share,,,,,%,0,,,,,,,,,,,
CIMS.CAN.BC.Electricity.Utility Generation.Base Load,Service,BC,Electricity,Base Load,Nuclear,Output,,,,NREL 2020 ATB,MWh,17753366,17753366,17753366,17753366,17753366,17753366,17753366,17753366,17753366,17753366,17753366,
CIMS.CAN.BC.Electricity.Utility Generation.Base Load,Service,BC,Electricity,Base Load,Nuclear,FCC,,,,NREL 2020 ATB,$,21661784760,21661784760,21661784760,21661784760,21661784760,21661784760,21661784760,21661784760,21661784760,21661784760,21661784760,
CIMS.CAN.BC.Electricity.Utility Generation.Base Load,Service,BC,Electricity,Base Load,Nuclear,Capital recovery,,,,NREL 2020 ATB,Years,30,30,30,30,30,30,30,30,30,30,30,
CIMS.CAN.BC.Electricity.Utility Generation.Base Load,Service,BC,Electricity,Base Load,Nuclear,FOM,,,,NREL 2020 ATB,$,342670328,342670328,342670328,342670328,342670328,342670328,342670328,342670328,342670328,342670328,342670328,
CIMS.CAN.BC.Electricity.Utility Generation.Base Load,Service,BC,Electricity,Base Load,Nuclear,Service requested,,,CIMS.Generic Fuels.VOM,NREL 2020 ATB,$,3.09,3.09,3.09,3.09,3.09,3.09,3.09,3.09,3.09,3.09,3.09,
CIMS.CAN.BC.Electricity.Utility Generation.Base Load,Service,BC,Electricity,Base Load,Nuclear,Service requested,,,CIMS.Generic Fuels.Uranium,NREL 2020 ATB,GJ,11.03588576,11.03588576,11.03588576,11.03588576,11.03588576,11.03588576,11.03588576,11.03588576,11.03588576,11.03588576,11.03588576,
CIMS.CAN.BC.Electricity.Utility Generation.Base Load,Service,BC,Electricity,Base Load,Nuclear,Service requested,,,CIMS.CAN.BC.Electricity.Transmission,,unit,1,1,1,1,1,1,1,1,1,1,1,
CIMS.CAN.BC.Electricity.Utility Generation.Base Load,Service,BC,Electricity,Base Load,Nuclear SMR,Technology,,,,,,,,,,,,,,,,,
CIMS.CAN.BC.Electricity.Utility Generation.Base Load,Service,BC,Electricity,Base Load,Nuclear SMR,Available,,,,,Year,2030,2030,2030,2030,2030,2030,2030,2030,2030,2030,2030,
CIMS.CAN.BC.Electricity.Utility Generation.Base Load,Service,BC,Electricity,Base Load,Nuclear SMR,Unavailable,,,,,Year,2101,2101,2101,2101,2101,2101,2101,2101,2101,2101,2101,
CIMS.CAN.BC.Electricity.Utility Generation.Base Load,Service,BC,Electricity,Base Load,Nuclear SMR,Lifetime,,,,NREL 2020 ATB,Years,30,30,30,30,30,30,30,30,30,30,30,
CIMS.CAN.BC.Electricity.Utility Generation.Base Load,Service,BC,Electricity,Base Load,Nuclear SMR,Market share,,,,,%,0,,,,,,,,,,,
CIMS.CAN.BC.Electricity.Utility Generation.Base Load,Service,BC,Electricity,Base Load,Nuclear SMR,Output,,,,NREL 2020 ATB,MWh,4940640,4940640,4940640,4940640,4940640,4940640,4940640,4940640,4940640,4940640,4940640,
CIMS.CAN.BC.Electricity.Utility Generation.Base Load,Service,BC,Electricity,Base Load,Nuclear SMR,FCC,,,,NREL 2020 ATB,$,6752286000,6752286000,6752286000,6752286000,6752286000,6752286000,6752286000,6752286000,6752286000,6752286000,6752286000,
CIMS.CAN.BC.Electricity.Utility Generation.Base Load,Service,BC,Electricity,Base Load,Nuclear SMR,FOM,,,,NREL 2020 ATB,$,74474400,74474400,74474400,74474400,74474400,74474400,74474400,74474400,74474400,74474400,74474400,
CIMS.CAN.BC.Electricity.Utility Generation.Base Load,Service,BC,Electricity,Base Load,Nuclear SMR,Service requested,,,CIMS.Generic Fuels.VOM,NREL 2020 ATB,$,3.93,3.93,3.93,3.93,3.93,3.93,3.93,3.93,3.93,3.93,3.93,
CIMS.CAN.BC.Electricity.Utility Generation.Base Load,Service,BC,Electricity,Base Load,Nuclear SMR,Service requested,,,CIMS.Generic Fuels.Uranium,NREL 2020 ATB,GJ,11.03588576,11.03588576,11.03588576,11.03588576,11.03588576,11.03588576,11.03588576,11.03588576,11.03588576,11.03588576,11.03588576,
CIMS.CAN.BC.Electricity.Utility Generation.Base Load,Service,BC,Electricity,Base Load,Nuclear SMR,Service requested,,,CIMS.CAN.BC.Electricity.Transmission,,unit,1,1,1,1,1,1,1,1,1,1,1,
CIMS.CAN.BC.Electricity.Utility Generation.Base Load,Service,BC,Electricity,Base Load,Hydro Reservoir,Technology,,,,,,,,,,,,,,,,,
CIMS.CAN.BC.Electricity.Utility Generation.Base Load,Service,BC,Electricity,Base Load,Hydro Reservoir,Available,,,,,Year,1950,1950,1950,1950,1950,1950,1950,1950,1950,1950,1950,
CIMS.CAN.BC.Electricity.Utility Generation.Base Load,Service,BC,Electricity,Base Load,Hydro Reservoir,Unavailable,,,,,Year,2101,2101,2101,2101,2101,2101,2101,2101,2101,2101,2101,
CIMS.CAN.BC.Electricity.Utility Generation.Base Load,Service,BC,Electricity,Base Load,Hydro Reservoir,Lifetime,,,,NREL 2020 ATB,Years,100,100,100,100,100,100,100,100,100,100,100,
CIMS.CAN.BC.Electricity.Utility Generation.Base Load,Service,BC,Electricity,Base Load,Hydro Reservoir,Market share,,,,,%,0.97,,,,,,,,,,,
CIMS.CAN.BC.Electricity.Utility Generation.Base Load,Service,BC,Electricity,Base Load,Hydro Reservoir,Output,,,,NREL 2020 ATB,MWh,10406880,10406880,10406880,10406880,10406880,10406880,10406880,10406880,10406880,10406880,10406880,
CIMS.CAN.BC.Electricity.Utility Generation.Base Load,Service,BC,Electricity,Base Load,Hydro Reservoir,FCC,,,,NREL 2020 ATB,$,17618447000,17618447000,17618447000,17618447000,17618447000,17618447000,17618447000,17618447000,17618447000,17618447000,17618447000,
CIMS.CAN.BC.Electricity.Utility Generation.Base Load,Service,BC,Electricity,Base Load,Hydro Reservoir,Capital recovery,,,,NREL 2020 ATB,Years,50,50,50,50,50,50,50,50,50,50,50,
CIMS.CAN.BC.Electricity.Utility Generation.Base Load,Service,BC,Electricity,Base Load,Hydro Reservoir,FOM,,,,NREL 2020 ATB,$,11840400,11840400,11840400,11840400,11840400,11840400,11840400,11840400,11840400,11840400,11840400,
CIMS.CAN.BC.Electricity.Utility Generation.Base Load,Service,BC,Electricity,Base Load,Hydro Reservoir,Service requested,,,CIMS.Generic Fuels.VOM,NREL 2020 ATB,$,0.96,0.96,0.96,0.96,0.96,0.96,0.96,0.96,0.96,0.96,0.96,
CIMS.CAN.BC.Electricity.Utility Generation.Base Load,Service,BC,Electricity,Base Load,Hydro Reservoir,Service requested,,,CIMS.CAN.BC.Electricity.Transmission,,GJ,1,1,1,1,1,1,1,1,1,1,1,
CIMS.CAN.BC.Electricity.Utility Generation.Base Load,Service,BC,Electricity,Base Load,Solar PV + Battery,Technology,,,,,,,,,,,,,,,,,
CIMS.CAN.BC.Electricity.Utility Generation.Base Load,Service,BC,Electricity,Base Load,Solar PV + Battery,Available,,,,,Year,2025,2025,2025,2025,2025,2025,2025,2025,2025,2025,2025,
CIMS.CAN.BC.Electricity.Utility Generation.Base Load,Service,BC,Electricity,Base Load,Solar PV + Battery,Unavailable,,,,,Year,2101,2101,2101,2101,2101,2101,2101,2101,2101,2101,2101,
CIMS.CAN.BC.Electricity.Utility Generation.Base Load,Service,BC,Electricity,Base Load,Solar PV + Battery,Lifetime,,,,NREL 2020 ATB,Years,30,30,30,30,30,30,30,30,30,30,30,
CIMS.CAN.BC.Electricity.Utility Generation.Base Load,Service,BC,Electricity,Base Load,Solar PV + Battery,Market share,,,,,%,0,,,,,,,,,,,
CIMS.CAN.BC.Electricity.Utility Generation.Base Load,Service,BC,Electricity,Base Load,Solar PV + Battery,Output,,,,NREL 2020 ATB,MWh,394200,394200,394200,394200,394200,394200,394200,394200,394200,394200,394200,
CIMS.CAN.BC.Electricity.Utility Generation.Base Load,Service,BC,Electricity,Base Load,Solar PV + Battery,FCC,,,,NREL 2020 ATB,$,538198500,538198500,538198500,422870250.,307542000,227581080,168409999.2,159989499.24,151990024.278,144390523.0641,137170996.910895,
CIMS.CAN.BC.Electricity.Utility Generation.Base Load,Service,BC,Electricity,Base Load,Solar PV + Battery,FOM,,,,NREL 2020 ATB,$,3467646.,3467646.,3467646.,3228498.,2989350.,2391480,1913184,1626206.4,1577420.208,1530097.60176,1484194.6737072,
CIMS.CAN.BC.Electricity.Utility Generation.Base Load,Service,BC,Electricity,Base Load,Solar PV + Battery,Service requested,,,CIMS.CAN.BC.Electricity.Storage.Battery,NREL 2020 ATB,MWh,0.1,0.1,0.1,0.1,0.1,0.1,0.1,0.1,0.1,0.1,0.1,
CIMS.CAN.BC.Electricity.Utility Generation.Base Load,Service,BC,Electricity,Base Load,Solar PV + Battery,Service requested,,,CIMS.CAN.BC.Electricity.Transmission,,unit,1,1,1,1,1,1,1,1,1,1,1,
CIMS.CAN.BC.Electricity.Utility Generation.Base Load,Service,BC,Electricity,Base Load,Wind + Battery,Technology,,,,,,,,,,,,,,,,,
CIMS.CAN.BC.Electricity.Utility Generation.Base Load,Service,BC,Electricity,Base Load,Wind + Battery,Available,,,,,Year,2025,2025,2025,2025,2025,2025,2025,2025,2025,2025,2025,
CIMS.CAN.BC.Electricity.Utility Generation.Base Load,Service,BC,Electricity,Base Load,Wind + Battery,Unavailable,,,,,Year,2101,2101,2101,2101,2101,2101,2101,2101,2101,2101,2101,
CIMS.CAN.BC.Electricity.Utility Generation.Base Load,Service,BC,Electricity,Base Load,Wind + Battery,Lifetime,,,,NREL 2020 ATB,Years,30,30,30,30,30,30,30,30,30,30,30,
CIMS.CAN.BC.Electricity.Utility Generation.Base Load,Service,BC,Electricity,Base Load,Wind + Battery,Market share,,,,,%,0,,,,,,,,,,,
CIMS.CAN.BC.Electricity.Utility Generation.Base Load,Service,BC,Electricity,Base Load,Wind + Battery,Output,,,,NREL 2020 ATB,MWh,367920,367920,367920,367920,367920,367920,367920,367920,367920,367920,367920,
CIMS.CAN.BC.Electricity.Utility Generation.Base Load,Service,BC,Electricity,Base Load,Wind + Battery,FCC,,,,NREL 2020 ATB,$,244329280,244329280,244329280,244329280,234932000,192644240,152188949.6,144579502.12,137350527.014,130483000.6633,123958850.630135,
CIMS.CAN.BC.Electricity.Utility Generation.Base Load,Service,BC,Electricity,Base Load,Wind + Battery,FOM,,,,NREL 2020 ATB,$,6463600,6463600,6463600,6463600,5720000,5434000,5162300,4904185,4658975.75,4426026.9625,4204725.614375,
CIMS.CAN.BC.Electricity.Utility Generation.Base Load,Service,BC,Electricity,Base Load,Wind + Battery,Service requested,,,CIMS.CAN.BC.Electricity.Storage.Battery,NREL 2020 ATB,MWh,0.1,0.1,0.1,0.1,0.1,0.1,0.1,0.1,0.1,0.1,0.1,
CIMS.CAN.BC.Electricity.Utility Generation.Base Load,Service,BC,Electricity,Base Load,Wind + Battery,Service requested,,,CIMS.CAN.BC.Electricity.Transmission,,unit,1,1,1,1,1,1,1,1,1,1,1,
CIMS.CAN.BC.Electricity.Utility Generation.Base Load,Service,BC,Electricity,Base Load,Wind + Seasonal,Technology,,,,,,,,,,,,,,,,,
CIMS.CAN.BC.Electricity.Utility Generation.Base Load,Service,BC,Electricity,Base Load,Wind + Seasonal,Available,,,,,Year,2025,2025,2025,2025,2025,2025,2025,2025,2025,2025,2025,
CIMS.CAN.BC.Electricity.Utility Generation.Base Load,Service,BC,Electricity,Base Load,Wind + Seasonal,Unavailable,,,,,Year,2101,2101,2101,2101,2101,2101,2101,2101,2101,2101,2101,
CIMS.CAN.BC.Electricity.Utility Generation.Base Load,Service,BC,Electricity,Base Load,Wind + Seasonal,Lifetime,,,,NREL 2020 ATB,Years,30,30,30,30,30,30,30,30,30,30,30,
CIMS.CAN.BC.Electricity.Utility Generation.Base Load,Service,BC,Electricity,Base Load,Wind + Seasonal,Market share,,,,,%,0,,,,,,,,,,,
CIMS.CAN.BC.Electricity.Utility Generation.Base Load,Service,BC,Electricity,Base Load,Wind + Seasonal,Output,,,,NREL 2020 ATB,MWh,367920,367920,367920,367920,367920,367920,367920,367920,367920,367920,367920,
CIMS.CAN.BC.Electricity.Utility Generation.Base Load,Service,BC,Electricity,Base Load,Wind + Seasonal,FCC,,,,NREL 2020 ATB,$,244329280,244329280,244329280,244329280,234932000,192644240,152188949.6,144579502.12,137350527.014,130483000.6633,123958850.630135,
CIMS.CAN.BC.Electricity.Utility Generation.Base Load,Service,BC,Electricity,Base Load,Wind + Seasonal,FOM,,,,NREL 2020 ATB,$,6463600,6463600,6463600,6463600,5720000,5434000,5162300,4904185,4658975.75,4426026.9625,4204725.614375,
CIMS.CAN.BC.Electricity.Utility Generation.Base Load,Service,BC,Electricity,Base Load,Wind + Seasonal,Service requested,,,CIMS.CAN.BC.Electricity.Storage.Seasonal,NREL 2020 ATB,MWh,0.3,0.3,0.3,0.3,0.3,0.3,0.3,0.3,0.3,0.3,0.3,
CIMS.CAN.BC.Electricity.Utility Generation.Base Load,Service,BC,Electricity,Base Load,Wind + Seasonal,Service requested,,,CIMS.CAN.BC.Electricity.Transmission,,unit,1,1,1,1,1,1,1,1,1,1,1,
CIMS.CAN.BC.Electricity.Utility Generation.Base Load,Service,BC,Electricity,Base Load,Biomass,Technology,,,,,,,,,,,,,,,,,
CIMS.CAN.BC.Electricity.Utility Generation.Base Load,Service,BC,Electricity,Base Load,Biomass,Available,,,,,Year,2010,2010,2010,2010,2010,2010,2010,2010,2010,2010,2010,
CIMS.CAN.BC.Electricity.Utility Generation.Base Load,Service,BC,Electricity,Base Load,Biomass,Unavailable,,,,,Year,2101,2101,2101,2101,2101,2101,2101,2101,2101,2101,2101,
CIMS.CAN.BC.Electricity.Utility Generation.Base Load,Service,BC,Electricity,Base Load,Biomass,Lifetime,,,,NREL 2020 ATB,Years,30,30,30,30,30,30,30,30,30,30,30,
CIMS.CAN.BC.Electricity.Utility Generation.Base Load,Service,BC,Electricity,Base Load,Biomass,Market share,,,,,%,0.00003,,,,,,,,,,,
CIMS.CAN.BC.Electricity.Utility Generation.Base Load,Service,BC,Electricity,Base Load,Biomass,Output,,,,NREL 2020 ATB,MWh,293460,293460,293460,293460,293460,293460,293460,293460,293460,293460,293460,
CIMS.CAN.BC.Electricity.Utility Generation.Base Load,Service,BC,Electricity,Base Load,Biomass,FCC,,,,NREL 2020 ATB,$,317228500,317228500,317228500,317228500,317228500,317228500,317228500,317228500,317228500,317228500,317228500,
CIMS.CAN.BC.Electricity.Utility Generation.Base Load,Service,BC,Electricity,Base Load,Biomass,FOM,,,,NREL 2020 ATB,$,8213400,8213400,8213400,8213400,8213400,8213400,8213400,8213400,8213400,8213400,8213400,
CIMS.CAN.BC.Electricity.Utility Generation.Base Load,Service,BC,Electricity,Base Load,Biomass,Service requested,,,CIMS.Generic Fuels.VOM,NREL 2020 ATB,$,6.31,6.31,6.31,6.31,6.31,6.31,6.31,6.31,6.31,6.31,6.31,
CIMS.CAN.BC.Electricity.Utility Generation.Base Load,Service,BC,Electricity,Base Load,Biomass,Service requested,,,CIMS.Generic Fuels.Solid Biomass,NREL 2020 ATB,GJ,14.243256,14.243256,14.243256,14.243256,14.243256,14.243256,14.243256,14.243256,14.243256,14.243256,14.243256,
CIMS.CAN.BC.Electricity.Utility Generation.Base Load,Service,BC,Electricity,Base Load,Biomass,Service requested,,,CIMS.CAN.BC.Electricity.Transmission,,unit,1,1,1,1,1,1,1,1,1,1,1,
CIMS.CAN.BC.Electricity.Utility Generation.Base Load,Service,BC,Electricity,Base Load,Biomass CCS,Technology,,,,,,,,,,,,,,,,,
CIMS.CAN.BC.Electricity.Utility Generation.Base Load,Service,BC,Electricity,Base Load,Biomass CCS,Available,,,,,Year,2020,2020,2020,2020,2020,2020,2020,2020,2020,2020,2020,
CIMS.CAN.BC.Electricity.Utility Generation.Base Load,Service,BC,Electricity,Base Load,Biomass CCS,Unavailable,,,,,Year,2101,2101,2101,2101,2101,2101,2101,2101,2101,2101,2101,
CIMS.CAN.BC.Electricity.Utility Generation.Base Load,Service,BC,Electricity,Base Load,Biomass CCS,Lifetime,,,,NREL 2020 ATB,Years,30,30,30,30,30,30,30,30,30,30,30,
CIMS.CAN.BC.Electricity.Utility Generation.Base Load,Service,BC,Electricity,Base Load,Biomass CCS,Market share,,,,,%,0,,,,,,,,,,,
CIMS.CAN.BC.Electricity.Utility Generation.Base Load,Service,BC,Electricity,Base Load,Biomass CCS,Output,,,,NREL 2020 ATB,MWh,293460,293460,293460,293460,293460,293460,293460,293460,293460,293460,293460,
CIMS.CAN.BC.Electricity.Utility Generation.Base Load,Service,BC,Electricity,Base Load,Biomass CCS,FCC,,,,NREL 2020 ATB,$,317228500,317228500,317228500,317228500,317228500,317228500,317228500,317228500,317228500,317228500,317228500,
CIMS.CAN.BC.Electricity.Utility Generation.Base Load,Service,BC,Electricity,Base Load,Biomass CCS,FOM,,,,NREL 2020 ATB,$,8213400,8213400,8213400,8213400,8213400,8213400,8213400,8213400,8213400,8213400,8213400,
CIMS.CAN.BC.Electricity.Utility Generation.Base Load,Service,BC,Electricity,Base Load,Biomass CCS,Service requested,,,CIMS.Generic Fuels.VOM,NREL 2020 ATB,$,6.31,6.31,6.31,6.31,6.31,6.31,6.31,6.31,6.31,6.31,6.31,
CIMS.CAN.BC.Electricity.Utility Generation.Base Load,Service,BC,Electricity,Base Load,Biomass CCS,Service requested,,,CIMS.Generic Fuels.Solid Biomass,NREL 2020 ATB,GJ,14.243256,14.243256,14.243256,14.243256,14.243256,14.243256,14.243256,14.243256,14.243256,14.243256,14.243256,
CIMS.CAN.BC.Electricity.Utility Generation.Base Load,Service,BC,Electricity,Base Load,Biomass CCS,Service requested,,,CIMS.CAN.BC.Electricity.CCS.CCS_Biomass,NREL 2020 ATB,tCO2,1.314942141672,1.314942141672,1.314942141672,1.314942141672,1.314942141672,1.314942141672,1.314942141672,1.314942141672,1.314942141672,1.314942141672,1.314942141672,
CIMS.CAN.BC.Electricity.Utility Generation.Base Load,Service,BC,Electricity,Base Load,Biomass CCS,Service requested,,,CIMS.CAN.BC.Electricity.Transmission,,unit,1,1,1,1,1,1,1,1,1,1,1,
CIMS.CAN.BC.Electricity.Utility Generation.Base Load,Service,BC,Electricity,Base Load,Geoexchange,Technology,,,,,,,,,,,,,,,,,
CIMS.CAN.BC.Electricity.Utility Generation.Base Load,Service,BC,Electricity,Base Load,Geoexchange,Available,,,,,Year,2010,2010,2010,2010,2010,2010,2010,2010,2010,2010,2010,
CIMS.CAN.BC.Electricity.Utility Generation.Base Load,Service,BC,Electricity,Base Load,Geoexchange,Unavailable,,,,,Year,2101,2101,2101,2101,2101,2101,2101,2101,2101,2101,2101,
CIMS.CAN.BC.Electricity.Utility Generation.Base Load,Service,BC,Electricity,Base Load,Geoexchange,Lifetime,,,,NREL 2020 ATB,Years,40,40,40,40,40,40,40,40,40,40,40,
CIMS.CAN.BC.Electricity.Utility Generation.Base Load,Service,BC,Electricity,Base Load,Geoexchange,Market share,,,,,%,0,,,,,,,,,,,
CIMS.CAN.BC.Electricity.Utility Generation.Base Load,Service,BC,Electricity,Base Load,Geoexchange,Output,,,,NREL 2020 ATB,MWh,394200,394200,394200,394200,394200,394200,394200,394200,394200,394200,394200,
CIMS.CAN.BC.Electricity.Utility Generation.Base Load,Service,BC,Electricity,Base Load,Geoexchange,FCC,,,,NREL 2020 ATB,$,455579000,455579000,455579000,455579000,455579000,455579000,455579000,455579000,455579000,455579000,455579000,
CIMS.CAN.BC.Electricity.Utility Generation.Base Load,Service,BC,Electricity,Base Load,Geoexchange,Capital recovery,,,,NREL 2020 ATB,Years,30,30,30,30,30,30,30,30,30,30,30,
CIMS.CAN.BC.Electricity.Utility Generation.Base Load,Service,BC,Electricity,Base Load,Geoexchange,FOM,,,,NREL 2020 ATB,$,8937500,8937500,8937500,8937500,8937500,8937500,8937500,8937500,8937500,8937500,8937500,
CIMS.CAN.BC.Electricity.Utility Generation.Base Load,Service,BC,Electricity,Base Load,Geoexchange,Service requested,,,CIMS.Generic Fuels.VOM,NREL 2020 ATB,$,1.52,1.52,1.52,1.52,1.52,1.52,1.52,1.52,1.52,1.52,1.52,
CIMS.CAN.BC.Electricity.Utility Generation.Base Load,Service,BC,Electricity,Base Load,Geoexchange,Service requested,,,CIMS.CAN.BC.Electricity.Transmission,,unit,1,1,1,1,1,1,1,1,1,1,1,
CIMS.CAN.BC.Electricity.Utility Generation.Base Load,Service,BC,Electricity,Base Load,Coal,Technology,,,,,,,,,,,,,,,,,
CIMS.CAN.BC.Electricity.Utility Generation.Base Load,Service,BC,Electricity,Base Load,Coal,Available,,,,,Year,2000,2000,2000,2000,2000,2000,2000,2000,2000,2000,2000,
CIMS.CAN.BC.Electricity.Utility Generation.Base Load,Service,BC,Electricity,Base Load,Coal,Unavailable,,,,,Year,2101,2101,2101,2101,2101,2101,2101,2101,2101,2101,2101,
CIMS.CAN.BC.Electricity.Utility Generation.Base Load,Service,BC,Electricity,Base Load,Coal,Lifetime,,,,NREL 2020 ATB,Years,30,30,30,30,30,30,30,30,30,30,30,
CIMS.CAN.BC.Electricity.Utility Generation.Base Load,Service,BC,Electricity,Base Load,Coal,Market share,,,,,%,0,,,,,,,,,,,
CIMS.CAN.BC.Electricity.Utility Generation.Base Load,Service,BC,Electricity,Base Load,Coal,Output,,,,NREL 2020 ATB,MWh,3814980,3814980,3814980,3814980,3814980,3814980,3814980,3814980,3814980,3814980,3814980,
CIMS.CAN.BC.Electricity.Utility Generation.Base Load,Service,BC,Electricity,Base Load,Coal,FCC,,,,NREL 2020 ATB,$,3714730500,3714730500,3714730500,3714730500,3714730500,3714730500,3714730500,3714730500,3714730500,3714730500,3714730500,
CIMS.CAN.BC.Electricity.Utility Generation.Base Load,Service,BC,Electricity,Base Load,Coal,FOM,,,,NREL 2020 ATB,$,34467550,34467550,34467550,34467550,34467550,34467550,34467550,34467550,34467550,34467550,34467550,
CIMS.CAN.BC.Electricity.Utility Generation.Base Load,Service,BC,Electricity,Base Load,Coal,Service requested,,,CIMS.Generic Fuels.VOM,NREL 2020 ATB,$,5.88,5.88,5.88,5.88,5.88,5.88,5.88,5.88,5.88,5.88,5.88,
CIMS.CAN.BC.Electricity.Utility Generation.Base Load,Service,BC,Electricity,Base Load,Coal,Service requested,,,CIMS.Generic Fuels.Coal,NREL 2020 ATB,GJ,9.1789872,9.1789872,9.1789872,9.1789872,9.1789872,9.1789872,9.1789872,9.1789872,9.1789872,9.1789872,9.1789872,
CIMS.CAN.BC.Electricity.Utility Generation.Base Load,Service,BC,Electricity,Base Load,Coal,Service requested,,,CIMS.CAN.BC.Electricity.Transmission,,unit,1,1,1,1,1,1,1,1,1,1,1,
CIMS.CAN.BC.Electricity.Utility Generation.Base Load,Service,BC,Electricity,Base Load,Coal CCS,Technology,,,,,,,,,,,,,,,,,
CIMS.CAN.BC.Electricity.Utility Generation.Base Load,Service,BC,Electricity,Base Load,Coal CCS,Available,,,,,Year,2015,2015,2015,2015,2015,2015,2015,2015,2015,2015,2015,
CIMS.CAN.BC.Electricity.Utility Generation.Base Load,Service,BC,Electricity,Base Load,Coal CCS,Unavailable,,,,,Year,2101,2101,2101,2101,2101,2101,2101,2101,2101,2101,2101,
CIMS.CAN.BC.Electricity.Utility Generation.Base Load,Service,BC,Electricity,Base Load,Coal CCS,Lifetime,,,,NREL 2020 ATB,Years,30,30,30,30,30,30,30,30,30,30,30,
CIMS.CAN.BC.Electricity.Utility Generation.Base Load,Service,BC,Electricity,Base Load,Coal CCS,Market share,,,,,%,0,,,,,,,,,,,
CIMS.CAN.BC.Electricity.Utility Generation.Base Load,Service,BC,Electricity,Base Load,Coal CCS,Output,,,,NREL 2020 ATB,MWh,3814980,3814980,3814980,3814980,3814980,3814980,3814980,3814980,3814980,3814980,3814980,
CIMS.CAN.BC.Electricity.Utility Generation.Base Load,Service,BC,Electricity,Base Load,Coal CCS,FCC,,,,NREL 2020 ATB,$,3714730500,3714730500,3714730500,3714730500,3714730500,3714730500,3714730500,3714730500,3714730500,3714730500,3714730500,
CIMS.CAN.BC.Electricity.Utility Generation.Base Load,Service,BC,Electricity,Base Load,Coal CCS,FOM,,,,NREL 2020 ATB,$,34467550,34467550,34467550,34467550,34467550,34467550,34467550,34467550,34467550,34467550,34467550,
CIMS.CAN.BC.Electricity.Utility Generation.Base Load,Service,BC,Electricity,Base Load,Coal CCS,Service requested,,,CIMS.Generic Fuels.VOM,NREL 2020 ATB,$,5.88,5.88,5.88,5.88,5.88,5.88,5.88,5.88,5.88,5.88,5.88,
CIMS.CAN.BC.Electricity.Utility Generation.Base Load,Service,BC,Electricity,Base Load,Coal CCS,Service requested,,,CIMS.Generic Fuels.Coal,NREL 2020 ATB,GJ,9.1789872,9.1789872,9.1789872,9.1789872,9.1789872,9.1789872,9.1789872,9.1789872,9.1789872,9.1789872,9.1789872,
CIMS.CAN.BC.Electricity.Utility Generation.Base Load,Service,BC,Electricity,Base Load,Coal CCS,Service requested,,,CIMS.CAN.BC.Electricity.CCS.CCS_Coal,NREL 2020 ATB,tCO2,0.876628094448,0.876628094448,0.876628094448,0.876628094448,0.876628094448,0.876628094448,0.876628094448,0.876628094448,0.876628094448,0.876628094448,0.876628094448,
CIMS.CAN.BC.Electricity.Utility Generation.Base Load,Service,BC,Electricity,Base Load,Coal CCS,Service requested,,,CIMS.CAN.BC.Electricity.Transmission,,unit,1,1,1,1,1,1,1,1,1,1,1,
CIMS.CAN.BC.Electricity.Utility Generation.Base Load,Service,BC,Electricity,Base Load,Fuel Oil,Technology,,,,,,,,,,,,,,,,,
CIMS.CAN.BC.Electricity.Utility Generation.Base Load,Service,BC,Electricity,Base Load,Fuel Oil,Available,,,,,Year,2000,2000,2000,2000,2000,2000,2000,2000,2000,2000,2000,
CIMS.CAN.BC.Electricity.Utility Generation.Base Load,Service,BC,Electricity,Base Load,Fuel Oil,Unavailable,,,,,Year,2101,2101,2101,2101,2101,2101,2101,2101,2101,2101,2101,
CIMS.CAN.BC.Electricity.Utility Generation.Base Load,Service,BC,Electricity,Base Load,Fuel Oil,Lifetime,,,,NREL 2020 ATB,Years,30,30,30,30,30,30,30,30,30,30,30,
CIMS.CAN.BC.Electricity.Utility Generation.Base Load,Service,BC,Electricity,Base Load,Fuel Oil,Market share,,,,,%,0,,,,,,,,,,,
CIMS.CAN.BC.Electricity.Utility Generation.Base Load,Service,BC,Electricity,Base Load,Fuel Oil,Output,,,,NREL 2020 ATB,MWh,18396,18396,18396,18396,18396,18396,18396,18396,18396,18396,18396,
CIMS.CAN.BC.Electricity.Utility Generation.Base Load,Service,BC,Electricity,Base Load,Fuel Oil,FCC,,,,NREL 2020 ATB,$,58474290,58474290,58474290,58474290,58474290,58474290,58474290,58474290,58474290,58474290,58474290,
CIMS.CAN.BC.Electricity.Utility Generation.Base Load,Service,BC,Electricity,Base Load,Fuel Oil,FOM,,,,NREL 2020 ATB,$,964782,964782,964782,964782,964782,964782,964782,964782,964782,964782,964782,
CIMS.CAN.BC.Electricity.Utility Generation.Base Load,Service,BC,Electricity,Base Load,Fuel Oil,Service requested,,,CIMS.Generic Fuels.VOM,NREL 2020 ATB,$,7.44,7.44,7.44,7.44,7.44,7.44,7.44,7.44,7.44,7.44,7.44,
CIMS.CAN.BC.Electricity.Utility Generation.Base Load,Service,BC,Electricity,Base Load,Fuel Oil,Service requested,,,CIMS.Generic Fuels.Fuel Oil,NREL 2020 ATB,GJ,8.7569648,8.7569648,8.7569648,8.7569648,8.7569648,8.7569648,8.7569648,8.7569648,8.7569648,8.7569648,8.7569648,
CIMS.CAN.BC.Electricity.Utility Generation.Base Load,Service,BC,Electricity,Base Load,Fuel Oil,Service requested,,,CIMS.CAN.BC.Electricity.Transmission,,unit,1,1,1,1,1,1,1,1,1,1,1,
CIMS.CAN.BC.Electricity.Utility Generation.Base Load,Service,BC,Electricity,Base Load,Natural Gas SC,Technology,,,,,,,,,,,,,,,,,
CIMS.CAN.BC.Electricity.Utility Generation.Base Load,Service,BC,Electricity,Base Load,Natural Gas SC,Available,,,,,Year,2000,2000,2000,2000,2000,2000,2000,2000,2000,2000,2000,
CIMS.CAN.BC.Electricity.Utility Generation.Base Load,Service,BC,Electricity,Base Load,Natural Gas SC,Unavailable,,,,,Year,2101,2101,2101,2101,2101,2101,2101,2101,2101,2101,2101,
CIMS.CAN.BC.Electricity.Utility Generation.Base Load,Service,BC,Electricity,Base Load,Natural Gas SC,Lifetime,,,,NREL 2020 ATB,Years,30,30,30,30,30,30,30,30,30,30,30,
CIMS.CAN.BC.Electricity.Utility Generation.Base Load,Service,BC,Electricity,Base Load,Natural Gas SC,Market share,,,,,%,0.03,,,,,,,,,,,
CIMS.CAN.BC.Electricity.Utility Generation.Base Load,Service,BC,Electricity,Base Load,Natural Gas SC,Output,,,,NREL 2020 ATB,MWh,91980,91980,91980,91980,91980,91980,91980,91980,91980,91980,91980,
CIMS.CAN.BC.Electricity.Utility Generation.Base Load,Service,BC,Electricity,Base Load,Natural Gas SC,FCC,,,,NREL 2020 ATB,$,153198150,153198150,153198150,153198150,153198150,153198150,153198150,153198150,153198150,153198150,153198150,
CIMS.CAN.BC.Electricity.Utility Generation.Base Load,Service,BC,Electricity,Base Load,Natural Gas SC,FOM,,,,NREL 2020 ATB,$,2235870,2235870,2235870,2235870,2235870,2235870,2235870,2235870,2235870,2235870,2235870,
CIMS.CAN.BC.Electricity.Utility Generation.Base Load,Service,BC,Electricity,Base Load,Natural Gas SC,Service requested,,,CIMS.Generic Fuels.VOM,NREL 2020 ATB,$,6.14,6.14,6.14,6.14,6.14,6.14,6.14,6.14,6.14,6.14,6.14,
CIMS.CAN.BC.Electricity.Utility Generation.Base Load,Service,BC,Electricity,Base Load,Natural Gas SC,Service requested,,,CIMS.Generic Fuels.Natural Gas,NREL 2020 ATB,GJ,10.04413312,10.04413312,10.04413312,10.04413312,10.04413312,10.04413312,10.04413312,10.04413312,10.04413312,10.04413312,10.04413312,
CIMS.CAN.BC.Electricity.Utility Generation.Base Load,Service,BC,Electricity,Base Load,Natural Gas SC,Service requested,,,CIMS.CAN.BC.Electricity.Transmission,,unit,1,1,1,1,1,1,1,1,1,1,1,
CIMS.CAN.BC.Electricity.Utility Generation.Base Load,Service,BC,Electricity,Base Load,Natural Gas CC,Technology,,,,,,,,,,,,,,,,,
CIMS.CAN.BC.Electricity.Utility Generation.Base Load,Service,BC,Electricity,Base Load,Natural Gas CC,Available,,,,,Year,2000,2000,2000,2000,2000,2000,2000,2000,2000,2000,2000,
CIMS.CAN.BC.Electricity.Utility Generation.Base Load,Service,BC,Electricity,Base Load,Natural Gas CC,Unavailable,,,,,Year,2101,2101,2101,2101,2101,2101,2101,2101,2101,2101,2101,
CIMS.CAN.BC.Electricity.Utility Generation.Base Load,Service,BC,Electricity,Base Load,Natural Gas CC,Lifetime,,,,NREL 2020 ATB,Years,30,30,30,30,30,30,30,30,30,30,30,
CIMS.CAN.BC.Electricity.Utility Generation.Base Load,Service,BC,Electricity,Base Load,Natural Gas CC,Market share,,,,,%,0,,,,,,,,,,,
CIMS.CAN.BC.Electricity.Utility Generation.Base Load,Service,BC,Electricity,Base Load,Natural Gas CC,Output,,,,NREL 2020 ATB,MWh,4743540,4743540,4743540,4743540,4743540,4743540,4743540,4743540,4743540,4743540,4743540,
CIMS.CAN.BC.Electricity.Utility Generation.Base Load,Service,BC,Electricity,Base Load,Natural Gas CC,FCC,,,,NREL 2020 ATB,$,1768008330,1768008330,1768008330,1768008330,1768008330,1768008330,1768008330,1768008330,1768008330,1768008330,1768008330,
CIMS.CAN.BC.Electricity.Utility Generation.Base Load,Service,BC,Electricity,Base Load,Natural Gas CC,FOM,,,,NREL 2020 ATB,$,17260854,17260854,17260854,17260854,17260854,17260854,17260854,17260854,17260854,17260854,17260854,
CIMS.CAN.BC.Electricity.Utility Generation.Base Load,Service,BC,Electricity,Base Load,Natural Gas CC,Service requested,,,CIMS.Generic Fuels.VOM,NREL 2020 ATB,$,2.44,2.44,2.44,2.44,2.44,2.44,2.44,2.44,2.44,2.44,2.44,
CIMS.CAN.BC.Electricity.Utility Generation.Base Load,Service,BC,Electricity,Base Load,Natural Gas CC,Service requested,,,CIMS.Generic Fuels.Natural Gas,NREL 2020 ATB,GJ,6.7523584,6.7523584,6.7523584,6.7523584,6.7523584,6.7523584,6.7523584,6.7523584,6.7523584,6.7523584,6.7523584,
CIMS.CAN.BC.Electricity.Utility Generation.Base Load,Service,BC,Electricity,Base Load,Natural Gas CC,Service requested,,,CIMS.CAN.BC.Electricity.Transmission,,unit,1,1,1,1,1,1,1,1,1,1,1,
CIMS.CAN.BC.Electricity.Utility Generation.Base Load,Service,BC,Electricity,Base Load,Natural Gas CC CCS,Technology,,,,,,,,,,,,,,,,,
CIMS.CAN.BC.Electricity.Utility Generation.Base Load,Service,BC,Electricity,Base Load,Natural Gas CC CCS,Available,,,,,Year,2020,2020,2020,2020,2020,2020,2020,2020,2020,2020,2020,
CIMS.CAN.BC.Electricity.Utility Generation.Base Load,Service,BC,Electricity,Base Load,Natural Gas CC CCS,Unavailable,,,,,Year,2101,2101,2101,2101,2101,2101,2101,2101,2101,2101,2101,
CIMS.CAN.BC.Electricity.Utility Generation.Base Load,Service,BC,Electricity,Base Load,Natural Gas CC CCS,Lifetime,,,,NREL 2020 ATB,Years,30,30,30,30,30,30,30,30,30,30,30,
CIMS.CAN.BC.Electricity.Utility Generation.Base Load,Service,BC,Electricity,Base Load,Natural Gas CC CCS,Market share,,,,,%,0,,,,,,,,,,,
CIMS.CAN.BC.Electricity.Utility Generation.Base Load,Service,BC,Electricity,Base Load,Natural Gas CC CCS,Output,,,,NREL 2020 ATB,MWh,4743540,4743540,4743540,4743540,4743540,4743540,4743540,4743540,4743540,4743540,4743540,
CIMS.CAN.BC.Electricity.Utility Generation.Base Load,Service,BC,Electricity,Base Load,Natural Gas CC CCS,FCC,,,,NREL 2020 ATB,$,1768008330,1768008330,1768008330,1768008330,1768008330,1768008330,1768008330,1768008330,1768008330,1768008330,1768008330,
CIMS.CAN.BC.Electricity.Utility Generation.Base Load,Service,BC,Electricity,Base Load,Natural Gas CC CCS,FOM,,,,NREL 2020 ATB,$,17260854,17260854,17260854,17260854,17260854,17260854,17260854,17260854,17260854,17260854,17260854,
CIMS.CAN.BC.Electricity.Utility Generation.Base Load,Service,BC,Electricity,Base Load,Natural Gas CC CCS,Service requested,,,CIMS.Generic Fuels.VOM,NREL 2020 ATB,$,2.44,2.44,2.44,2.44,2.44,2.44,2.44,2.44,2.44,2.44,2.44,
CIMS.CAN.BC.Electricity.Utility Generation.Base Load,Service,BC,Electricity,Base Load,Natural Gas CC CCS,Service requested,,,CIMS.Generic Fuels.Natural Gas,NREL 2020 ATB,GJ,6.7523584,6.7523584,6.7523584,6.7523584,6.7523584,6.7523584,6.7523584,6.7523584,6.7523584,6.7523584,6.7523584,
CIMS.CAN.BC.Electricity.Utility Generation.Base Load,Service,BC,Electricity,Base Load,Natural Gas CC CCS,Service requested,,,CIMS.CAN.BC.Electricity.CCS.CCS_Natural Gas,NREL 2020 ATB,tCO2,0.358405688368,0.358405688368,0.358405688368,0.358405688368,0.358405688368,0.358405688368,0.358405688368,0.358405688368,0.358405688368,0.358405688368,0.358405688368,
CIMS.CAN.BC.Electricity.Utility Generation.Base Load,Service,BC,Electricity,Base Load,Natural Gas CC CCS,Service requested,,,CIMS.CAN.BC.Electricity.Transmission,,unit,1,1,1,1,1,1,1,1,1,1,1,
CIMS.CAN.BC.Electricity.Utility Generation.Base Load,Service,BC,Electricity,Base Load,Waste,Technology,,,,,,,,,,,,,,,,,
CIMS.CAN.BC.Electricity.Utility Generation.Base Load,Service,BC,Electricity,Base Load,Waste,Available,,,,,Year,2000,2000,2000,2000,2000,2000,2000,2000,2000,2000,2000,
CIMS.CAN.BC.Electricity.Utility Generation.Base Load,Service,BC,Electricity,Base Load,Waste,Unavailable,,,,,Year,2101,2101,2101,2101,2101,2101,2101,2101,2101,2101,2101,
CIMS.CAN.BC.Electricity.Utility Generation.Base Load,Service,BC,Electricity,Base Load,Waste,Lifetime,,,,NREL 2020 ATB,Years,30,30,30,30,30,30,30,30,30,30,30,
CIMS.CAN.BC.Electricity.Utility Generation.Base Load,Service,BC,Electricity,Base Load,Waste,Market share,,,,,%,0,,,,,,,,,,,
CIMS.CAN.BC.Electricity.Utility Generation.Base Load,Service,BC,Electricity,Base Load,Waste,Output,,,,NREL 2020 ATB,MWh,293460,293460,293460,293460,293460,293460,293460,293460,293460,293460,293460,
CIMS.CAN.BC.Electricity.Utility Generation.Base Load,Service,BC,Electricity,Base Load,Waste,FCC,,,,NREL 2020 ATB,$,317228500,317228500,317228500,317228500,317228500,317228500,317228500,317228500,317228500,317228500,317228500,
CIMS.CAN.BC.Electricity.Utility Generation.Base Load,Service,BC,Electricity,Base Load,Waste,FOM,,,,NREL 2020 ATB,$,8213400,8213400,8213400,8213400,8213400,8213400,8213400,8213400,8213400,8213400,8213400,
CIMS.CAN.BC.Electricity.Utility Generation.Base Load,Service,BC,Electricity,Base Load,Waste,Service requested,,,CIMS.Generic Fuels.VOM,NREL 2020 ATB,$,6.31,6.31,6.31,6.31,6.31,6.31,6.31,6.31,6.31,6.31,6.31,
CIMS.CAN.BC.Electricity.Utility Generation.Base Load,Service,BC,Electricity,Base Load,Waste,Service requested,,,CIMS.Generic Fuels.Waste Fuel,NREL 2020 ATB,GJ,14.243256,14.243256,14.243256,14.243256,14.243256,14.243256,14.243256,14.243256,14.243256,14.243256,14.243256,
CIMS.CAN.BC.Electricity.Utility Generation.Base Load,Service,BC,Electricity,Base Load,Waste,Service requested,,,CIMS.CAN.BC.Electricity.Transmission,,unit,1,1,1,1,1,1,1,1,1,1,1,
CIMS.CAN.BC.Electricity.Utility Generation.Shoulder Load,Service,BC,Electricity,Shoulder Load,,Service provided,,,,,MWh,,,,,,,,,,,,
CIMS.CAN.BC.Electricity.Utility Generation.Shoulder Load,Service,BC,Electricity,Shoulder Load,,Competition type,Tech Compete,,,,,,,,,,,,,,,,
CIMS.CAN.BC.Electricity.Utility Generation.Shoulder Load,Service,BC,Electricity,Shoulder Load,,Discount rate_financial,,,,,%,0.125,0.125,0.125,0.125,0.125,0.125,0.125,0.125,0.125,0.125,0.125,
CIMS.CAN.BC.Electricity.Utility Generation.Shoulder Load,Service,BC,Electricity,Shoulder Load,,Heterogeneity,,,,,,10,10,10,10,10,10,10,10,10,10,10,
CIMS.CAN.BC.Electricity.Utility Generation.Shoulder Load,Service,BC,Electricity,Shoulder Load,Hydro Reservoir,Technology,,,,,,,,,,,,,,,,,
CIMS.CAN.BC.Electricity.Utility Generation.Shoulder Load,Service,BC,Electricity,Shoulder Load,Hydro Reservoir,Available,,,,,Year,1950,1950,1950,1950,1950,1950,1950,1950,1950,1950,1950,
CIMS.CAN.BC.Electricity.Utility Generation.Shoulder Load,Service,BC,Electricity,Shoulder Load,Hydro Reservoir,Unavailable,,,,,Year,2101,2101,2101,2101,2101,2101,2101,2101,2101,2101,2101,
CIMS.CAN.BC.Electricity.Utility Generation.Shoulder Load,Service,BC,Electricity,Shoulder Load,Hydro Reservoir,Lifetime,,,,NREL 2020 ATB,Years,100,100,100,100,100,100,100,100,100,100,100,
CIMS.CAN.BC.Electricity.Utility Generation.Shoulder Load,Service,BC,Electricity,Shoulder Load,Hydro Reservoir,Market share,,,,,%,0.979,,,,,,,,,,,
CIMS.CAN.BC.Electricity.Utility Generation.Shoulder Load,Service,BC,Electricity,Shoulder Load,Hydro Reservoir,Output,,,,NREL 2020 ATB,MWh,1836508.23529412,1836508.23529412,1836508.23529412,1836508.23529412,1836508.23529412,1836508.23529412,1836508.23529412,1836508.23529412,1836508.23529412,1836508.23529412,1836508.23529412,
CIMS.CAN.BC.Electricity.Utility Generation.Shoulder Load,Service,BC,Electricity,Shoulder Load,Hydro Reservoir,FCC,,,,NREL 2020 ATB,$,17618447000,17618447000,17618447000,17618447000,17618447000,17618447000,17618447000,17618447000,17618447000,17618447000,17618447000,
CIMS.CAN.BC.Electricity.Utility Generation.Shoulder Load,Service,BC,Electricity,Shoulder Load,Hydro Reservoir,Capital recovery,,,,NREL 2020 ATB,Years,50,50,50,50,50,50,50,50,50,50,50,
CIMS.CAN.BC.Electricity.Utility Generation.Shoulder Load,Service,BC,Electricity,Shoulder Load,Hydro Reservoir,FOM,,,,NREL 2020 ATB,$,11840400,11840400,11840400,11840400,11840400,11840400,11840400,11840400,11840400,11840400,11840400,
CIMS.CAN.BC.Electricity.Utility Generation.Shoulder Load,Service,BC,Electricity,Shoulder Load,Hydro Reservoir,Service requested,,,CIMS.Generic Fuels.VOM,NREL 2020 ATB,$,0.96,0.96,0.96,0.96,0.96,0.96,0.96,0.96,0.96,0.96,0.96,
CIMS.CAN.BC.Electricity.Utility Generation.Shoulder Load,Service,BC,Electricity,Shoulder Load,Hydro Reservoir,Service requested,,,CIMS.CAN.BC.Electricity.Transmission,,GJ,1,1,1,1,1,1,1,1,1,1,1,
CIMS.CAN.BC.Electricity.Utility Generation.Shoulder Load,Service,BC,Electricity,Shoulder Load,Solar PV + Battery,Technology,,,,,,,,,,,,,,,,,
CIMS.CAN.BC.Electricity.Utility Generation.Shoulder Load,Service,BC,Electricity,Shoulder Load,Solar PV + Battery,Available,,,,,Year,2025,2025,2025,2025,2025,2025,2025,2025,2025,2025,2025,
CIMS.CAN.BC.Electricity.Utility Generation.Shoulder Load,Service,BC,Electricity,Shoulder Load,Solar PV + Battery,Unavailable,,,,,Year,2101,2101,2101,2101,2101,2101,2101,2101,2101,2101,2101,
CIMS.CAN.BC.Electricity.Utility Generation.Shoulder Load,Service,BC,Electricity,Shoulder Load,Solar PV + Battery,Lifetime,,,,NREL 2020 ATB,Years,30,30,30,30,30,30,30,30,30,30,30,
CIMS.CAN.BC.Electricity.Utility Generation.Shoulder Load,Service,BC,Electricity,Shoulder Load,Solar PV + Battery,Market share,,,,,%,0,,,,,,,,,,,
CIMS.CAN.BC.Electricity.Utility Generation.Shoulder Load,Service,BC,Electricity,Shoulder Load,Solar PV + Battery,Output,,,,NREL 2020 ATB,MWh,60289.4117647059,60289.4117647059,60289.4117647059,60289.4117647059,60289.4117647059,60289.4117647059,60289.4117647059,60289.4117647059,60289.4117647059,60289.4117647059,60289.4117647059,
CIMS.CAN.BC.Electricity.Utility Generation.Shoulder Load,Service,BC,Electricity,Shoulder Load,Solar PV + Battery,FCC,,,,NREL 2020 ATB,$,538198500,538198500,538198500,422870250.,307542000,227581080,168409999.2,159989499.24,151990024.278,144390523.0641,137170996.910895,
CIMS.CAN.BC.Electricity.Utility Generation.Shoulder Load,Service,BC,Electricity,Shoulder Load,Solar PV + Battery,FOM,,,,NREL 2020 ATB,$,3467646.,3467646.,3467646.,3228498.,2989350.,2391480,1913184,1626206.4,1577420.208,1530097.60176,1484194.6737072,
CIMS.CAN.BC.Electricity.Utility Generation.Shoulder Load,Service,BC,Electricity,Shoulder Load,Solar PV + Battery,Service requested,,,CIMS.CAN.BC.Electricity.Storage.Battery,NREL 2020 ATB,MWh,0.1,0.1,0.1,0.1,0.1,0.1,0.1,0.1,0.1,0.1,0.1,
CIMS.CAN.BC.Electricity.Utility Generation.Shoulder Load,Service,BC,Electricity,Shoulder Load,Solar PV + Battery,Service requested,,,CIMS.CAN.BC.Electricity.Transmission,,unit,1,1,1,1,1,1,1,1,1,1,1,
CIMS.CAN.BC.Electricity.Utility Generation.Shoulder Load,Service,BC,Electricity,Shoulder Load,Wind + Battery,Technology,,,,,,,,,,,,,,,,,
CIMS.CAN.BC.Electricity.Utility Generation.Shoulder Load,Service,BC,Electricity,Shoulder Load,Wind + Battery,Available,,,,,Year,2025,2025,2025,2025,2025,2025,2025,2025,2025,2025,2025,
CIMS.CAN.BC.Electricity.Utility Generation.Shoulder Load,Service,BC,Electricity,Shoulder Load,Wind + Battery,Unavailable,,,,,Year,2101,2101,2101,2101,2101,2101,2101,2101,2101,2101,2101,
CIMS.CAN.BC.Electricity.Utility Generation.Shoulder Load,Service,BC,Electricity,Shoulder Load,Wind + Battery,Lifetime,,,,NREL 2020 ATB,Years,30,30,30,30,30,30,30,30,30,30,30,
CIMS.CAN.BC.Electricity.Utility Generation.Shoulder Load,Service,BC,Electricity,Shoulder Load,Wind + Battery,Market share,,,,,%,0,,,,,,,,,,,
CIMS.CAN.BC.Electricity.Utility Generation.Shoulder Load,Service,BC,Electricity,Shoulder Load,Wind + Battery,Output,,,,NREL 2020 ATB,MWh,77294.1176470588,77294.1176470588,77294.1176470588,77294.1176470588,77294.1176470588,77294.1176470588,77294.1176470588,77294.1176470588,77294.1176470588,77294.1176470588,77294.1176470588,
CIMS.CAN.BC.Electricity.Utility Generation.Shoulder Load,Service,BC,Electricity,Shoulder Load,Wind + Battery,FCC,,,,NREL 2020 ATB,$,244329280,244329280,244329280,244329280,234932000,192644240,152188949.6,144579502.12,137350527.014,130483000.6633,123958850.630135,
CIMS.CAN.BC.Electricity.Utility Generation.Shoulder Load,Service,BC,Electricity,Shoulder Load,Wind + Battery,FOM,,,,NREL 2020 ATB,$,6463600,6463600,6463600,6463600,5720000,5434000,5162300,4904185,4658975.75,4426026.9625,4204725.614375,
CIMS.CAN.BC.Electricity.Utility Generation.Shoulder Load,Service,BC,Electricity,Shoulder Load,Wind + Battery,Service requested,,,CIMS.CAN.BC.Electricity.Storage.Battery,NREL 2020 ATB,MWh,0.1,0.1,0.1,0.1,0.1,0.1,0.1,0.1,0.1,0.1,0.1,
CIMS.CAN.BC.Electricity.Utility Generation.Shoulder Load,Service,BC,Electricity,Shoulder Load,Wind + Battery,Service requested,,,CIMS.CAN.BC.Electricity.Transmission,,unit,1,1,1,1,1,1,1,1,1,1,1,
CIMS.CAN.BC.Electricity.Utility Generation.Shoulder Load,Service,BC,Electricity,Shoulder Load,Wind + Seasonal,Technology,,,,,,,,,,,,,,,,,
CIMS.CAN.BC.Electricity.Utility Generation.Shoulder Load,Service,BC,Electricity,Shoulder Load,Wind + Seasonal,Available,,,,,Year,2025,2025,2025,2025,2025,2025,2025,2025,2025,2025,2025,
CIMS.CAN.BC.Electricity.Utility Generation.Shoulder Load,Service,BC,Electricity,Shoulder Load,Wind + Seasonal,Unavailable,,,,,Year,2101,2101,2101,2101,2101,2101,2101,2101,2101,2101,2101,
CIMS.CAN.BC.Electricity.Utility Generation.Shoulder Load,Service,BC,Electricity,Shoulder Load,Wind + Seasonal,Lifetime,,,,NREL 2020 ATB,Years,30,30,30,30,30,30,30,30,30,30,30,
CIMS.CAN.BC.Electricity.Utility Generation.Shoulder Load,Service,BC,Electricity,Shoulder Load,Wind + Seasonal,Market share,,,,,%,0,,,,,,,,,,,
CIMS.CAN.BC.Electricity.Utility Generation.Shoulder Load,Service,BC,Electricity,Shoulder Load,Wind + Seasonal,Output,,,,NREL 2020 ATB,MWh,77294.1176470588,77294.1176470588,77294.1176470588,77294.1176470588,77294.1176470588,77294.1176470588,77294.1176470588,77294.1176470588,77294.1176470588,77294.1176470588,77294.1176470588,
CIMS.CAN.BC.Electricity.Utility Generation.Shoulder Load,Service,BC,Electricity,Shoulder Load,Wind + Seasonal,FCC,,,,NREL 2020 ATB,$,244329280,244329280,244329280,244329280,234932000,192644240,152188949.6,144579502.12,137350527.014,130483000.6633,123958850.630135,
CIMS.CAN.BC.Electricity.Utility Generation.Shoulder Load,Service,BC,Electricity,Shoulder Load,Wind + Seasonal,FOM,,,,NREL 2020 ATB,$,6463600,6463600,6463600,6463600,5720000,5434000,5162300,4904185,4658975.75,4426026.9625,4204725.614375,
CIMS.CAN.BC.Electricity.Utility Generation.Shoulder Load,Service,BC,Electricity,Shoulder Load,Wind + Seasonal,Service requested,,,CIMS.CAN.BC.Electricity.Storage.Seasonal,NREL 2020 ATB,MWh,0.3,0.3,0.3,0.3,0.3,0.3,0.3,0.3,0.3,0.3,0.3,
CIMS.CAN.BC.Electricity.Utility Generation.Shoulder Load,Service,BC,Electricity,Shoulder Load,Wind + Seasonal,Service requested,,,CIMS.CAN.BC.Electricity.Transmission,,unit,1,1,1,1,1,1,1,1,1,1,1,
CIMS.CAN.BC.Electricity.Utility Generation.Shoulder Load,Service,BC,Electricity,Shoulder Load,Biomass,Technology,,,,,,,,,,,,,,,,,
CIMS.CAN.BC.Electricity.Utility Generation.Shoulder Load,Service,BC,Electricity,Shoulder Load,Biomass,Available,,,,,Year,2010,2010,2010,2010,2010,2010,2010,2010,2010,2010,2010,
CIMS.CAN.BC.Electricity.Utility Generation.Shoulder Load,Service,BC,Electricity,Shoulder Load,Biomass,Unavailable,,,,,Year,2101,2101,2101,2101,2101,2101,2101,2101,2101,2101,2101,
CIMS.CAN.BC.Electricity.Utility Generation.Shoulder Load,Service,BC,Electricity,Shoulder Load,Biomass,Lifetime,,,,NREL 2020 ATB,Years,30,30,30,30,30,30,30,30,30,30,30,
CIMS.CAN.BC.Electricity.Utility Generation.Shoulder Load,Service,BC,Electricity,Shoulder Load,Biomass,Market share,,,,,%,0,,,,,,,,,,,
CIMS.CAN.BC.Electricity.Utility Generation.Shoulder Load,Service,BC,Electricity,Shoulder Load,Biomass,Output,,,,NREL 2020 ATB,MWh,103574.117647059,103574.117647059,103574.117647059,103574.117647059,103574.117647059,103574.117647059,103574.117647059,103574.117647059,103574.117647059,103574.117647059,103574.117647059,
CIMS.CAN.BC.Electricity.Utility Generation.Shoulder Load,Service,BC,Electricity,Shoulder Load,Biomass,FCC,,,,NREL 2020 ATB,$,317228500,317228500,317228500,317228500,317228500,317228500,317228500,317228500,317228500,317228500,317228500,
CIMS.CAN.BC.Electricity.Utility Generation.Shoulder Load,Service,BC,Electricity,Shoulder Load,Biomass,FOM,,,,NREL 2020 ATB,$,8213400,8213400,8213400,8213400,8213400,8213400,8213400,8213400,8213400,8213400,8213400,
CIMS.CAN.BC.Electricity.Utility Generation.Shoulder Load,Service,BC,Electricity,Shoulder Load,Biomass,Service requested,,,CIMS.Generic Fuels.VOM,NREL 2020 ATB,$,6.31,6.31,6.31,6.31,6.31,6.31,6.31,6.31,6.31,6.31,6.31,
CIMS.CAN.BC.Electricity.Utility Generation.Shoulder Load,Service,BC,Electricity,Shoulder Load,Biomass,Service requested,,,CIMS.Generic Fuels.Solid Biomass,NREL 2020 ATB,GJ,14.243256,14.243256,14.243256,14.243256,14.243256,14.243256,14.243256,14.243256,14.243256,14.243256,14.243256,
CIMS.CAN.BC.Electricity.Utility Generation.Shoulder Load,Service,BC,Electricity,Shoulder Load,Biomass,Service requested,,,CIMS.CAN.BC.Electricity.Transmission,,unit,1,1,1,1,1,1,1,1,1,1,1,
CIMS.CAN.BC.Electricity.Utility Generation.Shoulder Load,Service,BC,Electricity,Shoulder Load,Biomass CCS,Technology,,,,,,,,,,,,,,,,,
CIMS.CAN.BC.Electricity.Utility Generation.Shoulder Load,Service,BC,Electricity,Shoulder Load,Biomass CCS,Available,,,,,Year,2020,2020,2020,2020,2020,2020,2020,2020,2020,2020,2020,
CIMS.CAN.BC.Electricity.Utility Generation.Shoulder Load,Service,BC,Electricity,Shoulder Load,Biomass CCS,Unavailable,,,,,Year,2101,2101,2101,2101,2101,2101,2101,2101,2101,2101,2101,
CIMS.CAN.BC.Electricity.Utility Generation.Shoulder Load,Service,BC,Electricity,Shoulder Load,Biomass CCS,Lifetime,,,,NREL 2020 ATB,Years,30,30,30,30,30,30,30,30,30,30,30,
CIMS.CAN.BC.Electricity.Utility Generation.Shoulder Load,Service,BC,Electricity,Shoulder Load,Biomass CCS,Market share,,,,,%,0,,,,,,,,,,,
CIMS.CAN.BC.Electricity.Utility Generation.Shoulder Load,Service,BC,Electricity,Shoulder Load,Biomass CCS,Output,,,,NREL 2020 ATB,MWh,103574.117647059,103574.117647059,103574.117647059,103574.117647059,103574.117647059,103574.117647059,103574.117647059,103574.117647059,103574.117647059,103574.117647059,103574.117647059,
CIMS.CAN.BC.Electricity.Utility Generation.Shoulder Load,Service,BC,Electricity,Shoulder Load,Biomass CCS,FCC,,,,NREL 2020 ATB,$,317228500,317228500,317228500,317228500,317228500,317228500,317228500,317228500,317228500,317228500,317228500,
CIMS.CAN.BC.Electricity.Utility Generation.Shoulder Load,Service,BC,Electricity,Shoulder Load,Biomass CCS,FOM,,,,NREL 2020 ATB,$,8213400,8213400,8213400,8213400,8213400,8213400,8213400,8213400,8213400,8213400,8213400,
CIMS.CAN.BC.Electricity.Utility Generation.Shoulder Load,Service,BC,Electricity,Shoulder Load,Biomass CCS,Service requested,,,CIMS.Generic Fuels.VOM,NREL 2020 ATB,$,6.31,6.31,6.31,6.31,6.31,6.31,6.31,6.31,6.31,6.31,6.31,
CIMS.CAN.BC.Electricity.Utility Generation.Shoulder Load,Service,BC,Electricity,Shoulder Load,Biomass CCS,Service requested,,,CIMS.Generic Fuels.Solid Biomass,NREL 2020 ATB,GJ,14.243256,14.243256,14.243256,14.243256,14.243256,14.243256,14.243256,14.243256,14.243256,14.243256,14.243256,
CIMS.CAN.BC.Electricity.Utility Generation.Shoulder Load,Service,BC,Electricity,Shoulder Load,Biomass CCS,Service requested,,,CIMS.CAN.BC.Electricity.CCS.CCS_Biomass,NREL 2020 ATB,tCO2,1.314942141672,1.314942141672,1.314942141672,1.314942141672,1.314942141672,1.314942141672,1.314942141672,1.314942141672,1.314942141672,1.314942141672,1.314942141672,
CIMS.CAN.BC.Electricity.Utility Generation.Shoulder Load,Service,BC,Electricity,Shoulder Load,Biomass CCS,Service requested,,,CIMS.CAN.BC.Electricity.Transmission,,unit,1,1,1,1,1,1,1,1,1,1,1,
CIMS.CAN.BC.Electricity.Utility Generation.Shoulder Load,Service,BC,Electricity,Shoulder Load,Fuel Oil,Technology,,,,,,,,,,,,,,,,,
CIMS.CAN.BC.Electricity.Utility Generation.Shoulder Load,Service,BC,Electricity,Shoulder Load,Fuel Oil,Available,,,,,Year,2000,2000,2000,2000,2000,2000,2000,2000,2000,2000,2000,
CIMS.CAN.BC.Electricity.Utility Generation.Shoulder Load,Service,BC,Electricity,Shoulder Load,Fuel Oil,Unavailable,,,,,Year,2101,2101,2101,2101,2101,2101,2101,2101,2101,2101,2101,
CIMS.CAN.BC.Electricity.Utility Generation.Shoulder Load,Service,BC,Electricity,Shoulder Load,Fuel Oil,Lifetime,,,,NREL 2020 ATB,Years,30,30,30,30,30,30,30,30,30,30,30,
CIMS.CAN.BC.Electricity.Utility Generation.Shoulder Load,Service,BC,Electricity,Shoulder Load,Fuel Oil,Market share,,,,,%,0,,,,,,,,,,,
CIMS.CAN.BC.Electricity.Utility Generation.Shoulder Load,Service,BC,Electricity,Shoulder Load,Fuel Oil,Output,,,,NREL 2020 ATB,MWh,139129.411764706,139129.411764706,139129.411764706,139129.411764706,139129.411764706,139129.411764706,139129.411764706,139129.411764706,139129.411764706,139129.411764706,139129.411764706,
CIMS.CAN.BC.Electricity.Utility Generation.Shoulder Load,Service,BC,Electricity,Shoulder Load,Fuel Oil,FCC,,,,NREL 2020 ATB,$,58474290,58474290,58474290,58474290,58474290,58474290,58474290,58474290,58474290,58474290,58474290,
CIMS.CAN.BC.Electricity.Utility Generation.Shoulder Load,Service,BC,Electricity,Shoulder Load,Fuel Oil,FOM,,,,NREL 2020 ATB,$,964782,964782,964782,964782,964782,964782,964782,964782,964782,964782,964782,
CIMS.CAN.BC.Electricity.Utility Generation.Shoulder Load,Service,BC,Electricity,Shoulder Load,Fuel Oil,Service requested,,,CIMS.Generic Fuels.VOM,NREL 2020 ATB,$,7.44,7.44,7.44,7.44,7.44,7.44,7.44,7.44,7.44,7.44,7.44,
CIMS.CAN.BC.Electricity.Utility Generation.Shoulder Load,Service,BC,Electricity,Shoulder Load,Fuel Oil,Service requested,,,CIMS.Generic Fuels.Fuel Oil,NREL 2020 ATB,GJ,8.7569648,8.7569648,8.7569648,8.7569648,8.7569648,8.7569648,8.7569648,8.7569648,8.7569648,8.7569648,8.7569648,
CIMS.CAN.BC.Electricity.Utility Generation.Shoulder Load,Service,BC,Electricity,Shoulder Load,Fuel Oil,Service requested,,,CIMS.CAN.BC.Electricity.Transmission,,unit,1,1,1,1,1,1,1,1,1,1,1,
CIMS.CAN.BC.Electricity.Utility Generation.Shoulder Load,Service,BC,Electricity,Shoulder Load,Natural Gas SC,Technology,,,,,,,,,,,,,,,,,
CIMS.CAN.BC.Electricity.Utility Generation.Shoulder Load,Service,BC,Electricity,Shoulder Load,Natural Gas SC,Available,,,,,Year,2000,2000,2000,2000,2000,2000,2000,2000,2000,2000,2000,
CIMS.CAN.BC.Electricity.Utility Generation.Shoulder Load,Service,BC,Electricity,Shoulder Load,Natural Gas SC,Unavailable,,,,,Year,2101,2101,2101,2101,2101,2101,2101,2101,2101,2101,2101,
CIMS.CAN.BC.Electricity.Utility Generation.Shoulder Load,Service,BC,Electricity,Shoulder Load,Natural Gas SC,Lifetime,,,,NREL 2020 ATB,Years,30,30,30,30,30,30,30,30,30,30,30,
CIMS.CAN.BC.Electricity.Utility Generation.Shoulder Load,Service,BC,Electricity,Shoulder Load,Natural Gas SC,Market share,,,,,%,0.021,,,,,,,,,,,
CIMS.CAN.BC.Electricity.Utility Generation.Shoulder Load,Service,BC,Electricity,Shoulder Load,Natural Gas SC,Output,,,,NREL 2020 ATB,MWh,32463.5294117647,32463.5294117647,32463.5294117647,32463.5294117647,32463.5294117647,32463.5294117647,32463.5294117647,32463.5294117647,32463.5294117647,32463.5294117647,32463.5294117647,
CIMS.CAN.BC.Electricity.Utility Generation.Shoulder Load,Service,BC,Electricity,Shoulder Load,Natural Gas SC,FCC,,,,NREL 2020 ATB,$,153198150,153198150,153198150,153198150,153198150,153198150,153198150,153198150,153198150,153198150,153198150,
CIMS.CAN.BC.Electricity.Utility Generation.Shoulder Load,Service,BC,Electricity,Shoulder Load,Natural Gas SC,FOM,,,,NREL 2020 ATB,$,2235870,2235870,2235870,2235870,2235870,2235870,2235870,2235870,2235870,2235870,2235870,
CIMS.CAN.BC.Electricity.Utility Generation.Shoulder Load,Service,BC,Electricity,Shoulder Load,Natural Gas SC,Service requested,,,CIMS.Generic Fuels.VOM,NREL 2020 ATB,$,6.14,6.14,6.14,6.14,6.14,6.14,6.14,6.14,6.14,6.14,6.14,
CIMS.CAN.BC.Electricity.Utility Generation.Shoulder Load,Service,BC,Electricity,Shoulder Load,Natural Gas SC,Service requested,,,CIMS.Generic Fuels.Natural Gas,NREL 2020 ATB,GJ,10.04413312,10.04413312,10.04413312,10.04413312,10.04413312,10.04413312,10.04413312,10.04413312,10.04413312,10.04413312,10.04413312,
CIMS.CAN.BC.Electricity.Utility Generation.Shoulder Load,Service,BC,Electricity,Shoulder Load,Natural Gas SC,Service requested,,,CIMS.CAN.BC.Electricity.Transmission,,unit,1,1,1,1,1,1,1,1,1,1,1,
CIMS.CAN.BC.Electricity.Utility Generation.Shoulder Load,Service,BC,Electricity,Shoulder Load,Natural Gas CC,Technology,,,,,,,,,,,,,,,,,
CIMS.CAN.BC.Electricity.Utility Generation.Shoulder Load,Service,BC,Electricity,Shoulder Load,Natural Gas CC,Available,,,,,Year,2000,2000,2000,2000,2000,2000,2000,2000,2000,2000,2000,
CIMS.CAN.BC.Electricity.Utility Generation.Shoulder Load,Service,BC,Electricity,Shoulder Load,Natural Gas CC,Unavailable,,,,,Year,2101,2101,2101,2101,2101,2101,2101,2101,2101,2101,2101,
CIMS.CAN.BC.Electricity.Utility Generation.Shoulder Load,Service,BC,Electricity,Shoulder Load,Natural Gas CC,Lifetime,,,,NREL 2020 ATB,Years,30,30,30,30,30,30,30,30,30,30,30,
CIMS.CAN.BC.Electricity.Utility Generation.Shoulder Load,Service,BC,Electricity,Shoulder Load,Natural Gas CC,Market share,,,,,%,0,,,,,,,,,,,
CIMS.CAN.BC.Electricity.Utility Generation.Shoulder Load,Service,BC,Electricity,Shoulder Load,Natural Gas CC,Output,,,,NREL 2020 ATB,MWh,1346463.52941176,1346463.52941176,1346463.52941176,1346463.52941176,1346463.52941176,1346463.52941176,1346463.52941176,1346463.52941176,1346463.52941176,1346463.52941176,1346463.52941176,
CIMS.CAN.BC.Electricity.Utility Generation.Shoulder Load,Service,BC,Electricity,Shoulder Load,Natural Gas CC,FCC,,,,NREL 2020 ATB,$,1768008330,1768008330,1768008330,1768008330,1768008330,1768008330,1768008330,1768008330,1768008330,1768008330,1768008330,
CIMS.CAN.BC.Electricity.Utility Generation.Shoulder Load,Service,BC,Electricity,Shoulder Load,Natural Gas CC,FOM,,,,NREL 2020 ATB,$,17260854,17260854,17260854,17260854,17260854,17260854,17260854,17260854,17260854,17260854,17260854,
CIMS.CAN.BC.Electricity.Utility Generation.Shoulder Load,Service,BC,Electricity,Shoulder Load,Natural Gas CC,Service requested,,,CIMS.Generic Fuels.VOM,NREL 2020 ATB,$,2.44,2.44,2.44,2.44,2.44,2.44,2.44,2.44,2.44,2.44,2.44,
CIMS.CAN.BC.Electricity.Utility Generation.Shoulder Load,Service,BC,Electricity,Shoulder Load,Natural Gas CC,Service requested,,,CIMS.Generic Fuels.Natural Gas,NREL 2020 ATB,GJ,6.7523584,6.7523584,6.7523584,6.7523584,6.7523584,6.7523584,6.7523584,6.7523584,6.7523584,6.7523584,6.7523584,
CIMS.CAN.BC.Electricity.Utility Generation.Shoulder Load,Service,BC,Electricity,Shoulder Load,Natural Gas CC,Service requested,,,CIMS.CAN.BC.Electricity.Transmission,,unit,1,1,1,1,1,1,1,1,1,1,1,
CIMS.CAN.BC.Electricity.Utility Generation.Shoulder Load,Service,BC,Electricity,Shoulder Load,Natural Gas CC CCS,Technology,,,,,,,,,,,,,,,,,
CIMS.CAN.BC.Electricity.Utility Generation.Shoulder Load,Service,BC,Electricity,Shoulder Load,Natural Gas CC CCS,Available,,,,,Year,2020,2020,2020,2020,2020,2020,2020,2020,2020,2020,2020,
CIMS.CAN.BC.Electricity.Utility Generation.Shoulder Load,Service,BC,Electricity,Shoulder Load,Natural Gas CC CCS,Unavailable,,,,,Year,2101,2101,2101,2101,2101,2101,2101,2101,2101,2101,2101,
CIMS.CAN.BC.Electricity.Utility Generation.Shoulder Load,Service,BC,Electricity,Shoulder Load,Natural Gas CC CCS,Lifetime,,,,NREL 2020 ATB,Years,30,30,30,30,30,30,30,30,30,30,30,
CIMS.CAN.BC.Electricity.Utility Generation.Shoulder Load,Service,BC,Electricity,Shoulder Load,Natural Gas CC CCS,Market share,,,,,%,0,,,,,,,,,,,
CIMS.CAN.BC.Electricity.Utility Generation.Shoulder Load,Service,BC,Electricity,Shoulder Load,Natural Gas CC CCS,Output,,,,NREL 2020 ATB,MWh,1346463.52941176,1346463.52941176,1346463.52941176,1346463.52941176,1346463.52941176,1346463.52941176,1346463.52941176,1346463.52941176,1346463.52941176,1346463.52941176,1346463.52941176,
CIMS.CAN.BC.Electricity.Utility Generation.Shoulder Load,Service,BC,Electricity,Shoulder Load,Natural Gas CC CCS,FCC,,,,NREL 2020 ATB,$,1523739750,1523739750,1523739750,1523739750,1523739750,1523739750,1523739750,1523739750,1523739750,1523739750,1523739750,
CIMS.CAN.BC.Electricity.Utility Generation.Shoulder Load,Service,BC,Electricity,Shoulder Load,Natural Gas CC CCS,FOM,,,,NREL 2020 ATB,$,13595374,13595374,13595374,13595374,13595374,13595374,13595374,13595374,13595374,13595374,13595374,
CIMS.CAN.BC.Electricity.Utility Generation.Shoulder Load,Service,BC,Electricity,Shoulder Load,Natural Gas CC CCS,Service requested,,,CIMS.Generic Fuels.VOM,NREL 2020 ATB,$,7.63,7.63,7.63,7.63,7.63,7.63,7.63,7.63,7.63,7.63,7.63,
CIMS.CAN.BC.Electricity.Utility Generation.Shoulder Load,Service,BC,Electricity,Shoulder Load,Natural Gas CC CCS,Service requested,,,CIMS.Generic Fuels.Natural Gas,NREL 2020 ATB,GJ,6.7523584,6.7523584,6.7523584,6.7523584,6.7523584,6.7523584,6.7523584,6.7523584,6.7523584,6.7523584,6.7523584,
CIMS.CAN.BC.Electricity.Utility Generation.Shoulder Load,Service,BC,Electricity,Shoulder Load,Natural Gas CC CCS,Service requested,,,CIMS.CAN.BC.Electricity.CCS.CCS_Natural Gas,NREL 2020 ATB,tCO2,0.358405688368,0.358405688368,0.358405688368,0.358405688368,0.358405688368,0.358405688368,0.358405688368,0.358405688368,0.358405688368,0.358405688368,0.358405688368,
CIMS.CAN.BC.Electricity.Utility Generation.Shoulder Load,Service,BC,Electricity,Shoulder Load,Natural Gas CC CCS,Service requested,,,CIMS.CAN.BC.Electricity.Transmission,,unit,1,1,1,1,1,1,1,1,1,1,1,
CIMS.CAN.BC.Electricity.Utility Generation.Peak Load,Service,BC,Electricity,Peak Load,,Service provided,,,,,MWh,,,,,,,,,,,,
CIMS.CAN.BC.Electricity.Utility Generation.Peak Load,Service,BC,Electricity,Peak Load,,Competition type,Tech Compete,,,,,,,,,,,,,,,,
CIMS.CAN.BC.Electricity.Utility Generation.Peak Load,Service,BC,Electricity,Peak Load,,Discount rate_financial,,,,,%,0.125,0.125,0.125,0.125,0.125,0.125,0.125,0.125,0.125,0.125,0.125,
CIMS.CAN.BC.Electricity.Utility Generation.Peak Load,Service,BC,Electricity,Peak Load,,Heterogeneity,,,,,,10,10,10,10,10,10,10,10,10,10,10,
CIMS.CAN.BC.Electricity.Utility Generation.Peak Load,Service,BC,Electricity,Peak Load,Hydro Reservoir,Technology,,,,,,,,,,,,,,,,,
CIMS.CAN.BC.Electricity.Utility Generation.Peak Load,Service,BC,Electricity,Peak Load,Hydro Reservoir,Available,,,,,Year,1950,1950,1950,1950,1950,1950,1950,1950,1950,1950,1950,
CIMS.CAN.BC.Electricity.Utility Generation.Peak Load,Service,BC,Electricity,Peak Load,Hydro Reservoir,Unavailable,,,,,Year,2101,2101,2101,2101,2101,2101,2101,2101,2101,2101,2101,
CIMS.CAN.BC.Electricity.Utility Generation.Peak Load,Service,BC,Electricity,Peak Load,Hydro Reservoir,Lifetime,,,,NREL 2020 ATB,Years,100,100,100,100,100,100,100,100,100,100,100,
CIMS.CAN.BC.Electricity.Utility Generation.Peak Load,Service,BC,Electricity,Peak Load,Hydro Reservoir,Market share,,,,,%,0.45191313340228,,,,,,,,,,,
CIMS.CAN.BC.Electricity.Utility Generation.Peak Load,Service,BC,Electricity,Peak Load,Hydro Reservoir,Output,,,,NREL 2020 ATB,MWh,1836508.23529412,1836508.23529412,1836508.23529412,1836508.23529412,1836508.23529412,1836508.23529412,1836508.23529412,1836508.23529412,1836508.23529412,1836508.23529412,1836508.23529412,
CIMS.CAN.BC.Electricity.Utility Generation.Peak Load,Service,BC,Electricity,Peak Load,Hydro Reservoir,FCC,,,,NREL 2020 ATB,$,17618447000,17618447000,17618447000,17618447000,17618447000,17618447000,17618447000,17618447000,17618447000,17618447000,17618447000,
CIMS.CAN.BC.Electricity.Utility Generation.Peak Load,Service,BC,Electricity,Peak Load,Hydro Reservoir,Capital recovery,,,,NREL 2020 ATB,Years,50,50,50,50,50,50,50,50,50,50,50,
CIMS.CAN.BC.Electricity.Utility Generation.Peak Load,Service,BC,Electricity,Peak Load,Hydro Reservoir,FOM,,,,NREL 2020 ATB,$,11840400,11840400,11840400,11840400,11840400,11840400,11840400,11840400,11840400,11840400,11840400,
CIMS.CAN.BC.Electricity.Utility Generation.Peak Load,Service,BC,Electricity,Peak Load,Hydro Reservoir,Service requested,,,CIMS.Generic Fuels.VOM,NREL 2020 ATB,$,0.96,0.96,0.96,0.96,0.96,0.96,0.96,0.96,0.96,0.96,0.96,
CIMS.CAN.BC.Electricity.Utility Generation.Peak Load,Service,BC,Electricity,Peak Load,Hydro Reservoir,Service requested,,,CIMS.CAN.BC.Electricity.Transmission,,GJ,1,1,1,1,1,1,1,1,1,1,1,
CIMS.CAN.BC.Electricity.Utility Generation.Peak Load,Service,BC,Electricity,Peak Load,Wind + Seasonal,Technology,,,,,,,,,,,,,,,,,
CIMS.CAN.BC.Electricity.Utility Generation.Peak Load,Service,BC,Electricity,Peak Load,Wind + Seasonal,Available,,,,,Year,2025,2025,2025,2025,2025,2025,2025,2025,2025,2025,2025,
CIMS.CAN.BC.Electricity.Utility Generation.Peak Load,Service,BC,Electricity,Peak Load,Wind + Seasonal,Unavailable,,,,,Year,2101,2101,2101,2101,2101,2101,2101,2101,2101,2101,2101,
CIMS.CAN.BC.Electricity.Utility Generation.Peak Load,Service,BC,Electricity,Peak Load,Wind + Seasonal,Lifetime,,,,NREL 2020 ATB,Years,30,30,30,30,30,30,30,30,30,30,30,
CIMS.CAN.BC.Electricity.Utility Generation.Peak Load,Service,BC,Electricity,Peak Load,Wind + Seasonal,Market share,,,,,%,0,,,,,,,,,,,
CIMS.CAN.BC.Electricity.Utility Generation.Peak Load,Service,BC,Electricity,Peak Load,Wind + Seasonal,Output,,,,NREL 2020 ATB,MWh,64927.0588235294,64927.0588235294,64927.0588235294,64927.0588235294,64927.0588235294,64927.0588235294,64927.0588235294,64927.0588235294,64927.0588235294,64927.0588235294,64927.0588235294,
CIMS.CAN.BC.Electricity.Utility Generation.Peak Load,Service,BC,Electricity,Peak Load,Wind + Seasonal,FCC,,,,NREL 2020 ATB,$,244329280,244329280,244329280,244329280,234932000,192644240,152188949.6,144579502.12,137350527.014,130483000.6633,123958850.630135,
CIMS.CAN.BC.Electricity.Utility Generation.Peak Load,Service,BC,Electricity,Peak Load,Wind + Seasonal,FOM,,,,NREL 2020 ATB,$,6463600,6463600,6463600,6463600,5720000,5434000,5162300,4904185,4658975.75,4426026.9625,4204725.614375,
CIMS.CAN.BC.Electricity.Utility Generation.Peak Load,Service,BC,Electricity,Peak Load,Wind + Seasonal,Service requested,,,CIMS.CAN.BC.Electricity.Storage.Seasonal,NREL 2020 ATB,MWh,0.3,0.3,0.3,0.3,0.3,0.3,0.3,0.3,0.3,0.3,0.3,
CIMS.CAN.BC.Electricity.Utility Generation.Peak Load,Service,BC,Electricity,Peak Load,Wind + Seasonal,Service requested,,,CIMS.CAN.BC.Electricity.Transmission,,unit,1,1,1,1,1,1,1,1,1,1,1,
CIMS.CAN.BC.Electricity.Utility Generation.Peak Load,Service,BC,Electricity,Peak Load,Natural Gas SC,Technology,,,,,,,,,,,,,,,,,
CIMS.CAN.BC.Electricity.Utility Generation.Peak Load,Service,BC,Electricity,Peak Load,Natural Gas SC,Available,,,,,Year,2000,2000,2000,2000,2000,2000,2000,2000,2000,2000,2000,
CIMS.CAN.BC.Electricity.Utility Generation.Peak Load,Service,BC,Electricity,Peak Load,Natural Gas SC,Unavailable,,,,,Year,2101,2101,2101,2101,2101,2101,2101,2101,2101,2101,2101,
CIMS.CAN.BC.Electricity.Utility Generation.Peak Load,Service,BC,Electricity,Peak Load,Natural Gas SC,Lifetime,,,,NREL 2020 ATB,Years,30,30,30,30,30,30,30,30,30,30,30,
CIMS.CAN.BC.Electricity.Utility Generation.Peak Load,Service,BC,Electricity,Peak Load,Natural Gas SC,Market share,,,,,%,0.54808686659772,,,,,,,,,,,
CIMS.CAN.BC.Electricity.Utility Generation.Peak Load,Service,BC,Electricity,Peak Load,Natural Gas SC,Output,,,,NREL 2020 ATB,MWh,16231.7647058824,16231.7647058824,16231.7647058824,16231.7647058824,16231.7647058824,16231.7647058824,16231.7647058824,16231.7647058824,16231.7647058824,16231.7647058824,16231.7647058824,
CIMS.CAN.BC.Electricity.Utility Generation.Peak Load,Service,BC,Electricity,Peak Load,Natural Gas SC,FCC,,,,NREL 2020 ATB,$,153198150,153198150,153198150,153198150,153198150,153198150,153198150,153198150,153198150,153198150,153198150,
CIMS.CAN.BC.Electricity.Utility Generation.Peak Load,Service,BC,Electricity,Peak Load,Natural Gas SC,FOM,,,,NREL 2020 ATB,$,2235870,2235870,2235870,2235870,2235870,2235870,2235870,2235870,2235870,2235870,2235870,
CIMS.CAN.BC.Electricity.Utility Generation.Peak Load,Service,BC,Electricity,Peak Load,Natural Gas SC,Service requested,,,CIMS.Generic Fuels.VOM,NREL 2020 ATB,$,6.14,6.14,6.14,6.14,6.14,6.14,6.14,6.14,6.14,6.14,6.14,
CIMS.CAN.BC.Electricity.Utility Generation.Peak Load,Service,BC,Electricity,Peak Load,Natural Gas SC,Service requested,,,CIMS.Generic Fuels.Natural Gas,NREL 2020 ATB,GJ,10.04413312,10.04413312,10.04413312,10.04413312,10.04413312,10.04413312,10.04413312,10.04413312,10.04413312,10.04413312,10.04413312,
CIMS.CAN.BC.Electricity.Utility Generation.Peak Load,Service,BC,Electricity,Peak Load,Natural Gas SC,Service requested,,,CIMS.CAN.BC.Electricity.Transmission,,unit,1,1,1,1,1,1,1,1,1,1,1,
CIMS.CAN.BC.Electricity.Storage,Service,BC,Electricity,Storage,,Service provided,,,,,MWh,,,,,,,,,,,,
CIMS.CAN.BC.Electricity.Storage,Service,BC,Electricity,Storage,,Competition type,Fixed Ratio,,,,,,,,,,,,,,,,
CIMS.CAN.BC.Electricity.Storage,Service,BC,Electricity,Storage,,Service requested,,,CIMS.CAN.BC.Electricity.Storage.Battery,n/a,MWh,1,1,1,1,1,1,1,1,1,1,1,
CIMS.CAN.BC.Electricity.Storage,Service,BC,Electricity,Storage,,Service requested,,,CIMS.CAN.BC.Electricity.Storage.Seasonal,n/a,MWh,1,1,1,1,1,1,1,1,1,1,1,
CIMS.CAN.BC.Electricity.Storage.Battery,Service,BC,Electricity,Battery,,Service provided,,,,,MWh,,,,,,,,,,,,
CIMS.CAN.BC.Electricity.Storage.Battery,Service,BC,Electricity,Battery,,Competition type,Tech Compete,,,,,,,,,,,,,,,,
CIMS.CAN.BC.Electricity.Storage.Battery,Service,BC,Electricity,Battery,,Discount rate_financial,,,,,%,0.125,0.125,0.125,0.125,0.125,0.125,0.125,0.125,0.125,0.125,0.125,
CIMS.CAN.BC.Electricity.Storage.Battery,Service,BC,Electricity,Battery,,Heterogeneity,,,,,,10,10,10,10,10,10,10,10,10,10,10,
CIMS.CAN.BC.Electricity.Storage.Battery,Service,BC,Electricity,Battery,Battery,Technology,,,,,,,,,,,,,,,,,
CIMS.CAN.BC.Electricity.Storage.Battery,Service,BC,Electricity,Battery,Battery,Available,,,,,Year,2025,2025,2025,2025,2025,2025,2025,2025,2025,2025,2025,
CIMS.CAN.BC.Electricity.Storage.Battery,Service,BC,Electricity,Battery,Battery,Unavailable,,,,,Year,2101,2101,2101,2101,2101,2101,2101,2101,2101,2101,2101,
CIMS.CAN.BC.Electricity.Storage.Battery,Service,BC,Electricity,Battery,Battery,Lifetime,,,,NREL 2020 ATB,Years,15,15,15,15,15,15,15,15,15,15,15,
CIMS.CAN.BC.Electricity.Storage.Battery,Service,BC,Electricity,Battery,Battery,Market share,,,,,%,1,,,,,,,,,,,
CIMS.CAN.BC.Electricity.Storage.Battery,Service,BC,Electricity,Battery,Battery,Output,,,,NREL 2020 ATB,MWh,43800,43800,43800,43800,43800,43800,43800,43800,43800,43800,43800,
CIMS.CAN.BC.Electricity.Storage.Battery,Service,BC,Electricity,Battery,Battery,FCC,,,,NREL 2020 ATB,$,109639500,109639500,109639500,109639500,109639500,109639500,109639500,109639500,109639500,109639500,109639500,
CIMS.CAN.BC.Electricity.Storage.Battery,Service,BC,Electricity,Battery,Battery,FOM,,,,NREL 2020 ATB,$,1620450,1620450,1620450,1620450,1620450,1620450,1620450,1620450,1620450,1620450,1620450,
CIMS.CAN.BC.Electricity.Storage.Battery,Service,BC,Electricity,Battery,Battery,Service requested,,,CIMS.CAN.BC.Electricity,NREL 2023 ATB,GJ,0.63529411764706,0.63529411764706,0.63529411764706,0.63529411764706,0.63529411764706,0.63529411764706,0.63529411764706,0.63529411764706,0.63529411764706,0.63529411764706,0.63529411764706,
CIMS.CAN.BC.Electricity.Storage.Seasonal,Service,BC,Electricity,Seasonal,,Service provided,,,,,MWh,,,,,,,,,,,,
CIMS.CAN.BC.Electricity.Storage.Seasonal,Service,BC,Electricity,Seasonal,,Competition type,Tech Compete,,,,,,,,,,,,,,,,
CIMS.CAN.BC.Electricity.Storage.Seasonal,Service,BC,Electricity,Seasonal,,Discount rate_financial,,,,,%,0.125,0.125,0.125,0.125,0.125,0.125,0.125,0.125,0.125,0.125,0.125,
CIMS.CAN.BC.Electricity.Storage.Seasonal,Service,BC,Electricity,Seasonal,,Heterogeneity,,,,,,10,10,10,10,10,10,10,10,10,10,10,
CIMS.CAN.BC.Electricity.Storage.Seasonal,Service,BC,Electricity,Seasonal,Seasonal,Technology,,,,,,,,,,,,,,,,,
CIMS.CAN.BC.Electricity.Storage.Seasonal,Service,BC,Electricity,Seasonal,Seasonal,Available,,,,,Year,2025,2025,2025,2025,2025,2025,2025,2025,2025,2025,2025,
CIMS.CAN.BC.Electricity.Storage.Seasonal,Service,BC,Electricity,Seasonal,Seasonal,Unavailable,,,,,Year,2101,2101,2101,2101,2101,2101,2101,2101,2101,2101,2101,
CIMS.CAN.BC.Electricity.Storage.Seasonal,Service,BC,Electricity,Seasonal,Seasonal,Lifetime,,,,NREL 2020 ATB,Years,70,70,70,70,70,70,70,70,70,70,70,
CIMS.CAN.BC.Electricity.Storage.Seasonal,Service,BC,Electricity,Seasonal,Seasonal,Market share,,,,,%,1,,,,,,,,,,,
CIMS.CAN.BC.Electricity.Storage.Seasonal,Service,BC,Electricity,Seasonal,Seasonal,Output,,,,NREL 2020 ATB,MWh,2628000,2628000,2628000,2628000,2628000,2628000,2628000,2628000,2628000,2628000,2628000,
CIMS.CAN.BC.Electricity.Storage.Seasonal,Service,BC,Electricity,Seasonal,Seasonal,FCC,,,,NREL 2020 ATB,$,3208970000,3208970000,3208970000,3208970000,3208970000,3208970000,3208970000,3208970000,3208970000,3208970000,3208970000,
CIMS.CAN.BC.Electricity.Storage.Seasonal,Service,BC,Electricity,Seasonal,Seasonal,FOM,,,,NREL 2020 ATB,$,14040000,14040000,14040000,14040000,14040000,14040000,14040000,14040000,14040000,14040000,14040000,
CIMS.CAN.BC.Electricity.Storage.Seasonal,Service,BC,Electricity,Seasonal,Seasonal,Service requested,,,CIMS.CAN.BC.Electricity,NREL 2023 ATB,GJ,0.9,0.9,0.9,0.9,0.9,0.9,0.9,0.9,0.9,0.9,0.9,
CIMS.CAN.BC.Electricity.Transmission,Service,BC,Electricity,Transmission,,Service provided,,,,,unit,,,,,,,,,,,,
CIMS.CAN.BC.Electricity.Transmission,Service,BC,Electricity,Transmission,,Competition type,Tech Compete,,,,,,,,,,,,,,,,
CIMS.CAN.BC.Electricity.Transmission,Service,BC,Electricity,Transmission,,Discount rate_financial,,,,,%,0.125,0.125,0.125,0.125,0.125,0.125,0.125,0.125,0.125,0.125,0.125,
CIMS.CAN.BC.Electricity.Transmission,Service,BC,Electricity,Transmission,,Heterogeneity,,,,,,10,10,10,10,10,10,10,10,10,10,10,
CIMS.CAN.BC.Electricity.Transmission,Service,BC,Electricity,Transmission,Transmission,Technology,,,,,,,,,,,,,,,,,
CIMS.CAN.BC.Electricity.Transmission,Service,BC,Electricity,Transmission,Transmission,Available,,,,,Year,1950,1950,1950,1950,1950,1950,1950,1950,1950,1950,1950,
CIMS.CAN.BC.Electricity.Transmission,Service,BC,Electricity,Transmission,Transmission,Unavailable,,,,,Year,2101,2101,2101,2101,2101,2101,2101,2101,2101,2101,2101,
CIMS.CAN.BC.Electricity.Transmission,Service,BC,Electricity,Transmission,Transmission,Lifetime,,,,,Years,100,100,100,100,100,100,100,100,100,100,100,
CIMS.CAN.BC.Electricity.Transmission,Service,BC,Electricity,Transmission,Transmission,Market share,,,,,%,1,,,,,,,,,,,
CIMS.CAN.BC.Electricity.Transmission,Service,BC,Electricity,Transmission,Transmission,Output,,,,,unit,1,1,1,1,1,1,1,1,1,1,1,
CIMS.CAN.BC.Electricity.Transmission,Service,BC,Electricity,Transmission,Transmission,FCC,,,,,$,12.8424086602275,12.8424086602275,12.8424086602275,12.8424086602275,12.8424086602275,12.8424086602275,12.8424086602275,12.8424086602275,12.8424086602275,12.8424086602275,12.8424086602275,
CIMS.CAN.BC.Electricity.Transmission,Service,BC,Electricity,Transmission,Transmission,Capital recovery,,,,,Years,50,50,50,50,50,50,50,50,50,50,50,
CIMS.CAN.BC.Electricity.Transmission,Service,BC,Electricity,Transmission,Transmission,FOM,,,,,$,1.5642187023517,1.5642187023517,1.5642187023517,1.5642187023517,1.5642187023517,1.5642187023517,1.5642187023517,1.5642187023517,1.5642187023517,1.5642187023517,1.5642187023517,
CIMS.CAN.BC.Electricity.CCS,Service,BC,Electricity,CCS,,Service provided,,,,,tCO2,,,,,,,,,,,,
CIMS.CAN.BC.Electricity.CCS,Service,BC,Electricity,CCS,,Competition type,Fixed Ratio,,,,,,,,,,,,,,,,
CIMS.CAN.BC.Electricity.CCS,Service,BC,Electricity,CCS,,Service requested,,,CIMS.CAN.BC.Electricity.CCS.CCS_Coal,n/a,tCO2,1,1,1,1,1,1,1,1,1,1,1,
CIMS.CAN.BC.Electricity.CCS,Service,BC,Electricity,CCS,,Service requested,,,CIMS.CAN.BC.Electricity.CCS.CCS_Natural Gas,n/a,tCO2,1,1,1,1,1,1,1,1,1,1,1,
CIMS.CAN.BC.Electricity.CCS,Service,BC,Electricity,CCS,,Service requested,,,CIMS.CAN.BC.Electricity.CCS.CCS_Biomass,n/a,tCO2,1,1,1,1,1,1,1,1,1,1,1,
CIMS.CAN.BC.Electricity.CCS.CCS_Coal,Service,BC,Electricity,CCS_Coal,,Service provided,,,,,tCO2,,,,,,,,,,,,
CIMS.CAN.BC.Electricity.CCS.CCS_Coal,Service,BC,Electricity,CCS_Coal,,Competition type,Tech Compete,,,,,,,,,,,,,,,,
CIMS.CAN.BC.Electricity.CCS.CCS_Coal,Service,BC,Electricity,CCS_Coal,,Discount rate_financial,,,,n/a,%,0.25,0.25,0.25,0.25,0.25,0.25,0.25,0.25,0.25,0.25,0.25,
CIMS.CAN.BC.Electricity.CCS.CCS_Coal,Service,BC,Electricity,CCS_Coal,,Heterogeneity,,,,,,25,25,25,25,25,25,25,25,25,25,25,
CIMS.CAN.BC.Electricity.CCS.CCS_Coal,Service,BC,Electricity,CCS_Coal,CCS,Technology,,,,,,,,,,,,,,,,,
CIMS.CAN.BC.Electricity.CCS.CCS_Coal,Service,BC,Electricity,CCS_Coal,CCS,Available,,,,Assumption,Year,2020,2020,2020,2020,2020,2020,2020,2020,2020,2020,2020,
CIMS.CAN.BC.Electricity.CCS.CCS_Coal,Service,BC,Electricity,CCS_Coal,CCS,Unavailable,,,,Assumption,Year,2101,2101,2101,2101,2101,2101,2101,2101,2101,2101,2101,
CIMS.CAN.BC.Electricity.CCS.CCS_Coal,Service,BC,Electricity,CCS_Coal,CCS,Lifetime,,,,"NETL,DOE,USA 2022 Cost of Capturing CO2 from Industrial Sources",Years,30,30,30,30,30,30,30,30,30,30,30,
CIMS.CAN.BC.Electricity.CCS.CCS_Coal,Service,BC,Electricity,CCS_Coal,CCS,Market share,,,,Assumption,%,1,,,,,,,,,,,
CIMS.CAN.BC.Electricity.CCS.CCS_Coal,Service,BC,Electricity,CCS_Coal,CCS,Output,,,,"NETL,DOE,USA 2022 Cost of Capturing CO2 from Industrial Sources",tCO2,3290250.,3290250.,3290250.,3290250.,3290250.,3290250.,3290250.,3290250.,3290250.,3290250.,3290250.,tCO2 avoided: 3771114 tCO2 plant - 480864tCO2  90% CCS plant
CIMS.CAN.BC.Electricity.CCS.CCS_Coal,Service,BC,Electricity,CCS_Coal,CCS,FCC,,,,"NETL,DOE,USA 2022 Cost of Capturing CO2 from Industrial Sources",$,1479375690.49711,1479375690.49711,1479375690.49711,1479375690.49711,1479375690.49711,1479375690.49711,1479375690.49711,1479375690.49711,1479375690.49711,1479375690.49711,1479375690.49711,($2752456000 90% CCS plant - $1682505000 plant)*1.03068015 * (2020 CPI/2018CPI)*1.3415 CAD/USD
CIMS.CAN.BC.Electricity.CCS.CCS_Coal,Service,BC,Electricity,CCS_Coal,CCS,FOM,,,,"NETL,DOE,USA 2022 Cost of Capturing CO2 from Industrial Sources",$,35728068.2497801,35728068.2497801,35728068.2497801,35728068.2497801,35728068.2497801,35728068.2497801,35728068.2497801,35728068.2497801,35728068.2497801,35728068.2497801,35728068.2497801,($71799203 90% CCS plant - $45959058 plant)*1.03068015 (2020 CPI/2018CPI)*1.3415 CAD/USD
CIMS.CAN.BC.Electricity.CCS.CCS_Coal,Service,BC,Electricity,CCS_Coal,CCS,Service requested,,,CIMS.Generic Fuels.VOM,"NETL,DOE,USA 2022 Cost of Capturing CO2 from Industrial Sources",$,11.0746012102275,11.0746012102275,11.0746012102275,11.0746012102275,11.0746012102275,11.0746012102275,11.0746012102275,11.0746012102275,11.0746012102275,11.0746012102275,11.0746012102275,(($63826533 90% CCS plant - $37472784 plant )/tCO2 output)*1.03068015 (2020 CPI/2018CPI)*1.3415 CAD/USD
CIMS.CAN.BC.Electricity.CCS.CCS_Coal,Service,BC,Electricity,CCS_Coal,CCS,Service requested,,,CIMS.Generic Fuels.Coal,"NETL,DOE,USA 2022 Cost of Capturing CO2 from Industrial Sources",GJ,3.56204057442444,3.56204057442444,3.56204057442444,3.56204057442444,3.56204057442444,3.56204057442444,3.56204057442444,3.56204057442444,3.56204057442444,3.56204057442444,3.56204057442444,((7401 GJ/hr 90% CCS plant - 5827 GJ/hr plant)*8760 hours * 0.85 capacity factor)/ tCO2 output
CIMS.CAN.BC.Electricity.CCS.CCS_Coal,Service,BC,Electricity,CCS_Coal,CCS,Service requested,,,CIMS.Generic Fuels.CCS TS BC,"NETL,DOE,USA 2022 Cost of Capturing CO2 from Industrial Sources",tCO2,1.16101779014364,1.16101779014364,1.16101779014364,1.16101779014364,1.16101779014364,1.16101779014364,1.16101779014364,1.16101779014364,1.16101779014364,1.16101779014364,1.16101779014364,1 tCO2*0.9 + GJ Coal *0.0814195573482845 tCO2/GJ Nat Gas *0.90 Capture rate
CIMS.CAN.BC.Electricity.CCS.CCS_Coal,Service,BC,Electricity,CCS_Coal,CCS,Emissions_removal,CO2,Combustion,,"NETL,DOE,USA 2022 Cost of Capturing CO2 from Industrial Sources",%,0.9,0.9,0.9,0.9,0.9,0.9,0.9,0.9,0.9,0.9,0.9,
CIMS.CAN.BC.Electricity.CCS.CCS_Coal,Service,BC,Electricity,CCS_Coal,CCS,Emissions_removal,CO2,Process,,"NETL,DOE,USA 2022 Cost of Capturing CO2 from Industrial Sources",%,0.9,0.9,0.9,0.9,0.9,0.9,0.9,0.9,0.9,0.9,0.9,
CIMS.CAN.BC.Electricity.CCS.CCS_Biomass,Service,BC,Electricity,CCS_Biomass,,Service provided,,,,,tCO2,,,,,,,,,,,,
CIMS.CAN.BC.Electricity.CCS.CCS_Biomass,Service,BC,Electricity,CCS_Biomass,,Competition type,Tech Compete,,,,,,,,,,,,,,,,
CIMS.CAN.BC.Electricity.CCS.CCS_Biomass,Service,BC,Electricity,CCS_Biomass,,Discount rate_financial,,,,n/a,%,0.25,0.25,0.25,0.25,0.25,0.25,0.25,0.25,0.25,0.25,0.25,
CIMS.CAN.BC.Electricity.CCS.CCS_Biomass,Service,BC,Electricity,CCS_Biomass,,Heterogeneity,,,,,,25,25,25,25,25,25,25,25,25,25,25,
CIMS.CAN.BC.Electricity.CCS.CCS_Biomass,Service,BC,Electricity,CCS_Biomass,CCS,Technology,,,,,,,,,,,,,,,,,
CIMS.CAN.BC.Electricity.CCS.CCS_Biomass,Service,BC,Electricity,CCS_Biomass,CCS,Available,,,,Assumption,Year,2020,2020,2020,2020,2020,2020,2020,2020,2020,2020,2020,
CIMS.CAN.BC.Electricity.CCS.CCS_Biomass,Service,BC,Electricity,CCS_Biomass,CCS,Unavailable,,,,Assumption,Year,2101,2101,2101,2101,2101,2101,2101,2101,2101,2101,2101,
CIMS.CAN.BC.Electricity.CCS.CCS_Biomass,Service,BC,Electricity,CCS_Biomass,CCS,Lifetime,,,,"NETL,DOE,USA 2022 Cost of Capturing CO2 from Industrial Sources",Years,30,30,30,30,30,30,30,30,30,30,30,
CIMS.CAN.BC.Electricity.CCS.CCS_Biomass,Service,BC,Electricity,CCS_Biomass,CCS,Market share,,,,Assumption,%,1,,,,,,,,,,,
CIMS.CAN.BC.Electricity.CCS.CCS_Biomass,Service,BC,Electricity,CCS_Biomass,CCS,Output,,,,"NETL,DOE,USA 2022 Cost of Capturing CO2 from Industrial Sources",tCO2,3290250.,3290250.,3290250.,3290250.,3290250.,3290250.,3290250.,3290250.,3290250.,3290250.,3290250.,tCO2 avoided: 3771114 tCO2 plant - 480864tCO2  90% CCS plant
CIMS.CAN.BC.Electricity.CCS.CCS_Biomass,Service,BC,Electricity,CCS_Biomass,CCS,FCC,,,,"NETL,DOE,USA 2022 Cost of Capturing CO2 from Industrial Sources",$,1479375690.49711,1479375690.49711,1479375690.49711,1479375690.49711,1479375690.49711,1479375690.49711,1479375690.49711,1479375690.49711,1479375690.49711,1479375690.49711,1479375690.49711,($2752456000 90% CCS plant - $1682505000 plant) *1.03068015 (2020 CPI/2018CPI)*1.3415 CAD/USD
CIMS.CAN.BC.Electricity.CCS.CCS_Biomass,Service,BC,Electricity,CCS_Biomass,CCS,FOM,,,,"NETL,DOE,USA 2022 Cost of Capturing CO2 from Industrial Sources",$,35728068.2497801,35728068.2497801,35728068.2497801,35728068.2497801,35728068.2497801,35728068.2497801,35728068.2497801,35728068.2497801,35728068.2497801,35728068.2497801,35728068.2497801,($71799203 90% CCS plant - $45959058 plant) *1.03068015 (2020 CPI/2018CPI)*1.3415 CAD/USD
CIMS.CAN.BC.Electricity.CCS.CCS_Biomass,Service,BC,Electricity,CCS_Biomass,CCS,Service requested,,,CIMS.Generic Fuels.VOM,"NETL,DOE,USA 2022 Cost of Capturing CO2 from Industrial Sources",$,11.0746012102275,11.0746012102275,11.0746012102275,11.0746012102275,11.0746012102275,11.0746012102275,11.0746012102275,11.0746012102275,11.0746012102275,11.0746012102275,11.0746012102275,(($63826533 90% CCS plant - $37472784 plant )/tCO2 output) *1.03068015 (2020 CPI/2018CPI)*1.3415 CAD/USD
CIMS.CAN.BC.Electricity.CCS.CCS_Biomass,Service,BC,Electricity,CCS_Biomass,CCS,Service requested,,,CIMS.Generic Fuels.Solid Biomass,"NETL,DOE,USA 2022 Cost of Capturing CO2 from Industrial Sources",GJ,3.56204057442444,3.56204057442444,3.56204057442444,3.56204057442444,3.56204057442444,3.56204057442444,3.56204057442444,3.56204057442444,3.56204057442444,3.56204057442444,3.56204057442444,((7401 GJ/hr 90% CCS plant - 5827 GJ/hr plant)*8760 hours * 0.85 capacity factor)/ tCO2 output
CIMS.CAN.BC.Electricity.CCS.CCS_Biomass,Service,BC,Electricity,CCS_Biomass,CCS,Service requested,,,CIMS.Generic Fuels.CCS TS BC,"NETL,DOE,USA 2022 Cost of Capturing CO2 from Industrial Sources",tCO2,1.1689829085369,1.1689829085369,1.1689829085369,1.1689829085369,1.1689829085369,1.1689829085369,1.1689829085369,1.1689829085369,1.1689829085369,1.1689829085369,1.1689829085369,1 tCO2 *0.9 + GJ Biomass * 0.0839041252141342 tCO2/GJ Biomass *0.90 Capture rate
CIMS.CAN.BC.Electricity.CCS.CCS_Biomass,Service,BC,Electricity,CCS_Biomass,CCS,Emissions_removal,CO2,Combustion,,"NETL,DOE,USA 2022 Cost of Capturing CO2 from Industrial Sources",%,0.9,0.9,0.9,0.9,0.9,0.9,0.9,0.9,0.9,0.9,0.9,
CIMS.CAN.BC.Electricity.CCS.CCS_Biomass,Service,BC,Electricity,CCS_Biomass,CCS,Emissions_removal,CO2,Process,,"NETL,DOE,USA 2022 Cost of Capturing CO2 from Industrial Sources",%,0.9,0.9,0.9,0.9,0.9,0.9,0.9,0.9,0.9,0.9,0.9,
CIMS.CAN.BC.Electricity.CCS.CCS_Natural Gas,Service,BC,Electricity,CCS_Natural Gas,,Service provided,,,,,tCO2,,,,,,,,,,,,
CIMS.CAN.BC.Electricity.CCS.CCS_Natural Gas,Service,BC,Electricity,CCS_Natural Gas,,Competition type,Tech Compete,,,,,,,,,,,,,,,,
CIMS.CAN.BC.Electricity.CCS.CCS_Natural Gas,Service,BC,Electricity,CCS_Natural Gas,,Discount rate_financial,,,,n/a,%,0.25,0.25,0.25,0.25,0.25,0.25,0.25,0.25,0.25,0.25,0.25,
CIMS.CAN.BC.Electricity.CCS.CCS_Natural Gas,Service,BC,Electricity,CCS_Natural Gas,,Heterogeneity,,,,,,25,25,25,25,25,25,25,25,25,25,25,
CIMS.CAN.BC.Electricity.CCS.CCS_Natural Gas,Service,BC,Electricity,CCS_Natural Gas,CCS,Technology,,,,,,,,,,,,,,,,,
CIMS.CAN.BC.Electricity.CCS.CCS_Natural Gas,Service,BC,Electricity,CCS_Natural Gas,CCS,Available,,,,Assumption,Year,2020,2020,2020,2020,2020,2020,2020,2020,2020,2020,2020,
CIMS.CAN.BC.Electricity.CCS.CCS_Natural Gas,Service,BC,Electricity,CCS_Natural Gas,CCS,Unavailable,,,,Assumption,Year,2101,2101,2101,2101,2101,2101,2101,2101,2101,2101,2101,
CIMS.CAN.BC.Electricity.CCS.CCS_Natural Gas,Service,BC,Electricity,CCS_Natural Gas,CCS,Lifetime,,,,"NETL,DOE,USA 2022 Cost of Capturing CO2 from Industrial Sources",Years,30,30,30,30,30,30,30,30,30,30,30,
CIMS.CAN.BC.Electricity.CCS.CCS_Natural Gas,Service,BC,Electricity,CCS_Natural Gas,CCS,Market share,,,,Assumption,%,1,,,,,,,,,,,
CIMS.CAN.BC.Electricity.CCS.CCS_Natural Gas,Service,BC,Electricity,CCS_Natural Gas,CCS,Output,,,,"NETL,DOE,USA 2022 Cost of Capturing CO2 from Industrial Sources",tCO2,2216703,2216703,2216703,2216703,2216703,2216703,2216703,2216703,2216703,2216703,2216703,tCO2 avoided:  2463003 tCO2 plant - 246300 tCO2  90% CCS plant
CIMS.CAN.BC.Electricity.CCS.CCS_Natural Gas,Service,BC,Electricity,CCS_Natural Gas,CCS,FCC,,,,"NETL,DOE,USA 2022 Cost of Capturing CO2 from Industrial Sources",$,1033595876.6348,1033595876.6348,1033595876.6348,1033595876.6348,1033595876.6348,1033595876.6348,1033595876.6348,1033595876.6348,1033595876.6348,1033595876.6348,1033595876.6348,($1710262000 90% CCS plant - $962719000 plant) *1.03068015 (2020 CPI/2018CPI)*1.3415 CAD/USD
CIMS.CAN.BC.Electricity.CCS.CCS_Natural Gas,Service,BC,Electricity,CCS_Natural Gas,CCS,FOM,,,,"NETL,DOE,USA 2022 Cost of Capturing CO2 from Industrial Sources",$,26192301.7261047,26192301.7261047,26192301.7261047,26192301.7261047,26192301.7261047,26192301.7261047,26192301.7261047,26192301.7261047,26192301.7261047,26192301.7261047,26192301.7261047,($44989268 90% CCS plant - $26045818 plant) *1.03068015 (2020 CPI/2018CPI)*1.3415 CAD/USD
CIMS.CAN.BC.Electricity.CCS.CCS_Natural Gas,Service,BC,Electricity,CCS_Natural Gas,CCS,Service requested,,,CIMS.Generic Fuels.VOM,"NETL,DOE,USA 2022 Cost of Capturing CO2 from Industrial Sources",$,7.88165995700115,7.88165995700115,7.88165995700115,7.88165995700115,7.88165995700115,7.88165995700115,7.88165995700115,7.88165995700115,7.88165995700115,7.88165995700115,7.88165995700115,(($25122509 90% CCS plant - $12486480 plant )/tCO2 output) *1.03068015 (2020 CPI/2018CPI)*1.3415 CAD/USD
CIMS.CAN.BC.Electricity.CCS.CCS_Natural Gas,Service,BC,Electricity,CCS_Natural Gas,CCS,Service requested,,,CIMS.Generic Fuels.Natural Gas,"NETL,DOE,USA 2022 Cost of Capturing CO2 from Industrial Sources",GJ,2.3544373777868,2.3544373777868,2.3544373777868,2.3544373777868,2.3544373777868,2.3544373777868,2.3544373777868,2.3544373777868,2.3544373777868,2.3544373777868,2.3544373777868,((18000kWe CO2 Capt Aux + 23810kWe CO2 Compression + 20153 kWe CCS 90% Balance of Plant -16923 kWe Balance of Plant +324000 kWe steam plant - 260000 kWe steam 90% CCS Plant)*(6486 GJ/hr Nat Gas input /3633 GJ/hr Power output)  *8760 hours *  0.85 capacity factor) * 0.0036  GJ/kWh /tCO2 output
CIMS.CAN.BC.Electricity.CCS.CCS_Natural Gas,Service,BC,Electricity,CCS_Natural Gas,CCS,Service requested,,,CIMS.Generic Fuels.CCS TS BC,"NETL,DOE,USA 2022 Cost of Capturing CO2 from Industrial Sources",tCO2,1.00376821702372,1.00376821702372,1.00376821702372,1.00376821702372,1.00376821702372,1.00376821702372,1.00376821702372,1.00376821702372,1.00376821702372,1.00376821702372,1.00376821702372,1 tCO2 * 0.9 + GJ Nat Gas*0.0489705183934989 tCO2/GJ Nat Gas *0.90 Capture rate
CIMS.CAN.BC.Electricity.CCS.CCS_Natural Gas,Service,BC,Electricity,CCS_Natural Gas,CCS,Emissions_removal,CO2,Combustion,,"NETL,DOE,USA 2022 Cost of Capturing CO2 from Industrial Sources",%,0.9,0.9,0.9,0.9,0.9,0.9,0.9,0.9,0.9,0.9,0.9,
CIMS.CAN.BC.Electricity.CCS.CCS_Natural Gas,Service,BC,Electricity,CCS_Natural Gas,CCS,Emissions_removal,CO2,Process,,"NETL,DOE,USA 2022 Cost of Capturing CO2 from Industrial Sources",%,0.9,0.9,0.9,0.9,0.9,0.9,0.9,0.9,0.9,0.9,0.9,
