CIMS.CAN.SK.Natural Gas.Production.Supply.CCS,<-- Navigate by typing to search,,,,,,,,,,,,,,,,,,,,,,
Branch,Type,Region,Sector,Service,Technology,Parameter,Context,Sub_Context,Target,Source,Unit,2000,2005,2010,2015,2020,2025,2030,2035,2040,2045,2050,Comments
CIMS.CAN.SK.Coal Mining.Coal.Raw Product.Transportation,Service,SK,Coal Mining,Transportation,Conveyance,Market share new_max,,,,,%,0.01,0.01,0.01,0.01,0.01,0.01,0.01,0.01,0.01,0.01,0.01,
CIMS.CAN.SK.Coal Mining.Ventilation,Service,SK,Coal Mining,Ventilation,High Eff backward inclined fan,Market share new_max,,,,,%,0.3,0.3,0.3,0.3,0.3,0.3,0.3,0.3,0.3,0.3,0.3,
CIMS.CAN.SK.Coal Mining.Ventilation,Service,SK,Coal Mining,Ventilation,High Eff airfoil fan,Market share new_max,,,,,%,0.3,0.3,0.3,0.3,0.3,0.3,0.3,0.3,0.3,0.3,0.3,
CIMS.CAN.SK.Coal Mining.Ventilation,Service,SK,Coal Mining,Ventilation,High Eff vane axial tube axial fan,Market share new_max,,,,,%,0.3,0.3,0.3,0.3,0.3,0.3,0.3,0.3,0.3,0.3,0.3,
CIMS.CAN.SK.Coal Mining.Conveyance,Service,SK,Coal Mining,Conveyance,High Eff belt conveyor,Market share new_max,,,,,%,0.3,0.3,0.3,0.3,0.3,0.3,0.3,0.3,0.3,0.3,0.3,
CIMS.CAN.SK.Coal Mining.Conveyance,Service,SK,Coal Mining,Conveyance,High Eff screw conveyor,Market share new_max,,,,,%,0.3,0.3,0.3,0.3,0.3,0.3,0.3,0.3,0.3,0.3,0.3,
CIMS.CAN.SK.Coal Mining.Compression.Small,Service,SK,Coal Mining,Small,High Eff centrifugal compressor,Market share new_max,,,,,%,0.3,0.3,0.3,0.3,0.3,0.3,0.3,0.3,0.3,0.3,0.3,
CIMS.CAN.SK.Coal Mining.Compression.Small,Service,SK,Coal Mining,Small,High Eff rotary compressor,Market share new_max,,,,,%,0.3,0.3,0.3,0.3,0.3,0.3,0.3,0.3,0.3,0.3,0.3,
CIMS.CAN.SK.Coal Mining.Compression.Large,Service,SK,Coal Mining,Large,High Eff centrifugal compressor,Market share new_max,,,,,%,0.3,0.3,0.3,0.3,0.3,0.3,0.3,0.3,0.3,0.3,0.3,
CIMS.CAN.SK.Coal Mining.Compression.Large,Service,SK,Coal Mining,Large,High Eff reciprocating compressor,Market share new_max,,,,,%,0.3,0.3,0.3,0.3,0.3,0.3,0.3,0.3,0.3,0.3,0.3,
CIMS.CAN.SK.Coal Mining.Compression.Large,Service,SK,Coal Mining,Large,High Eff rotary compressor,Market share new_max,,,,,%,0.3,0.3,0.3,0.3,0.3,0.3,0.3,0.3,0.3,0.3,0.3,
CIMS.CAN.SK.Coal Mining.Pumping.General.Small,Service,SK,Coal Mining,Small,High Eff centrifugal pump variable speed,Market share new_max,,,,,%,0.3,0.3,0.3,0.3,0.3,0.3,0.3,0.3,0.3,0.3,0.3,
CIMS.CAN.SK.Coal Mining.Pumping.General.Large,Service,SK,Coal Mining,Large,High Eff centrifugal pump variable speed,Market share new_max,,,,,%,0.3,0.3,0.3,0.3,0.3,0.3,0.3,0.3,0.3,0.3,0.3,
CIMS.CAN.SK.Coal Mining.Pumping.Slurry Stock.Small,Service,SK,Coal Mining,Small,Eff rotary pump variable speed,Market share new_max,,,,,%,0.3,0.3,0.3,0.3,0.3,0.3,0.3,0.3,0.3,0.3,0.3,
CIMS.CAN.SK.Coal Mining.Pumping.Slurry Stock.Large,Service,SK,Coal Mining,Large,Eff rotary pump variable speed,Market share new_max,,,,,%,0.3,0.3,0.3,0.3,0.3,0.3,0.3,0.3,0.3,0.3,0.3,
CIMS.CAN.SK.Coal Mining.Pumping.Precision.Small,Service,SK,Coal Mining,Small,Eff reciprocating pump variable speed,Market share new_max,,,,,%,0.3,0.3,0.3,0.3,0.3,0.3,0.3,0.3,0.3,0.3,0.3,
CIMS.CAN.SK.Coal Mining.Pumping.Precision.Large,Service,SK,Coal Mining,Large,Eff reciprocating pump variable speed,Market share new_max,,,,,%,0.3,0.3,0.3,0.3,0.3,0.3,0.3,0.3,0.3,0.3,0.3,
CIMS.CAN.SK.Coal Mining.Direct Drive,Service,SK,Coal Mining,Direct Drive,Motor speed control variable speed,Market share new_max,,,,,%,0.3,0.3,0.3,0.3,0.3,0.3,0.3,0.3,0.3,0.3,0.3,
CIMS.CAN.SK.Coal Mining.Machine Drive.Size 1,Service,SK,Coal Mining,Size 1,Eff AC motor 1 5 hp,Market share new_max,,,,,%,0.6,0.6,0.6,0.6,0.6,0.6,0.6,0.6,0.6,0.6,0.6,
CIMS.CAN.SK.Coal Mining.Machine Drive.Size 2,Service,SK,Coal Mining,Size 2,Eff motor 6 25 hp,Market share new_max,,,,,%,0.6,0.6,0.6,0.6,0.6,0.6,0.6,0.6,0.6,0.6,0.6,
CIMS.CAN.SK.Coal Mining.Machine Drive.Size 3,Service,SK,Coal Mining,Size 3,Eff AC motor 26 100 hp,Market share new_max,,,,,%,0.6,0.6,0.6,0.6,0.6,0.6,0.6,0.6,0.6,0.6,0.6,
CIMS.CAN.SK.Coal Mining.Machine Drive.Size 4,Service,SK,Coal Mining,Size 4,Eff AC motor 101 200 hp,Market share new_max,,,,,%,0.6,0.6,0.6,0.6,0.6,0.6,0.6,0.6,0.6,0.6,0.6,
CIMS.CAN.SK.Coal Mining.Machine Drive.Size 5,Service,SK,Coal Mining,Size 5,Eff AC motor 201 500 hp,Market share new_max,,,,,%,0.8,0.8,0.8,0.8,0.8,0.8,0.8,0.8,0.8,0.8,0.8,
CIMS.CAN.SK.Coal Mining.Machine Drive.Size 5,Service,SK,Coal Mining,Size 5,Synchronous AC motor 201 500 hp,Market share new_max,,,,,%,0.2,0.2,0.2,0.2,0.2,0.2,0.2,0.2,0.2,0.2,0.2,
CIMS.CAN.SK.Coal Mining.Machine Drive.Size 5,Service,SK,Coal Mining,Size 5,Synchronous AC motor 201 500 hp,Market share new_min,,,,,%,0.17,0.17,0.17,0.17,0.17,0.17,0.17,0.17,0.17,0.17,0.17,
CIMS.CAN.SK.Coal Mining.Machine Drive.Size 6,Service,SK,Coal Mining,Size 6,Eff AC motor 500 hp,Market share new_max,,,,,%,0.65,0.65,0.65,0.65,0.65,0.65,0.65,0.65,0.65,0.65,0.65,
CIMS.CAN.SK.Coal Mining.Machine Drive.Size 6,Service,SK,Coal Mining,Size 6,DC solid state motor 500 hp,Market share new_max,,,,,%,0.35,0.35,0.35,0.35,0.35,0.35,0.35,0.35,0.35,0.35,0.35,
CIMS.CAN.SK.Coal Mining.Machine Drive.Size 6,Service,SK,Coal Mining,Size 6,DC solid state motor 500 hp,Market share new_min,,,,,%,0.3,0.3,0.3,0.3,0.3,0.3,0.3,0.3,0.3,0.3,0.3,
CIMS.CAN.SK.Mining.Final Product.Potash.Separated Product.Raw Product.Conventional Mining.Transportation,Service,SK,Mining,Transportation,Diesel truck,Market share new_max,,,,,%,0.6,0.6,0.6,0.6,0.6,0.6,0.6,0.6,0.6,0.6,0.6,
CIMS.CAN.SK.Mining.Ventilation,Service,SK,Mining,Ventilation,High Eff backward inclined fan,Market share new_max,,,,,%,0.3,0.3,0.3,0.3,0.3,0.3,0.3,0.3,0.3,0.3,0.3,
CIMS.CAN.SK.Mining.Ventilation,Service,SK,Mining,Ventilation,High Eff radial fan,Market share new_max,,,,,%,0.3,0.3,0.3,0.3,0.3,0.3,0.3,0.3,0.3,0.3,0.3,
CIMS.CAN.SK.Mining.Ventilation,Service,SK,Mining,Ventilation,High Eff airfoil fan,Market share new_max,,,,,%,0.3,0.3,0.3,0.3,0.3,0.3,0.3,0.3,0.3,0.3,0.3,
CIMS.CAN.SK.Mining.Ventilation,Service,SK,Mining,Ventilation,High Eff vane axial tube axial fan,Market share new_max,,,,,%,0.3,0.3,0.3,0.3,0.3,0.3,0.3,0.3,0.3,0.3,0.3,
CIMS.CAN.SK.Mining.Conveyance,Service,SK,Mining,Conveyance,High Eff belt conveyor,Market share new_max,,,,,%,0.3,0.3,0.3,0.3,0.3,0.3,0.3,0.3,0.3,0.3,0.3,
CIMS.CAN.SK.Mining.Conveyance,Service,SK,Mining,Conveyance,High Eff screw conveyor,Market share new_max,,,,,%,0.3,0.3,0.3,0.3,0.3,0.3,0.3,0.3,0.3,0.3,0.3,
CIMS.CAN.SK.Mining.Compression.Small,Service,SK,Mining,Small,High Eff centrifugal compressor,Market share new_max,,,,,%,0.3,0.3,0.3,0.3,0.3,0.3,0.3,0.3,0.3,0.3,0.3,
CIMS.CAN.SK.Mining.Compression.Small,Service,SK,Mining,Small,High Eff reciprocating compressor,Market share new_max,,,,,%,0.3,0.3,0.3,0.3,0.3,0.3,0.3,0.3,0.3,0.3,0.3,
CIMS.CAN.SK.Mining.Compression.Small,Service,SK,Mining,Small,High Eff rotary compressor,Market share new_max,,,,,%,0.3,0.3,0.3,0.3,0.3,0.3,0.3,0.3,0.3,0.3,0.3,
CIMS.CAN.SK.Mining.Compression.Large,Service,SK,Mining,Large,High Eff centrifugal compressor,Market share new_max,,,,,%,0.3,0.3,0.3,0.3,0.3,0.3,0.3,0.3,0.3,0.3,0.3,
CIMS.CAN.SK.Mining.Compression.Large,Service,SK,Mining,Large,High Eff reciprocating compressor,Market share new_max,,,,,%,0.3,0.3,0.3,0.3,0.3,0.3,0.3,0.3,0.3,0.3,0.3,
CIMS.CAN.SK.Mining.Compression.Large,Service,SK,Mining,Large,High Eff rotary compressor,Market share new_max,,,,,%,0.3,0.3,0.3,0.3,0.3,0.3,0.3,0.3,0.3,0.3,0.3,
CIMS.CAN.SK.Mining.Pumping.General.Small,Service,SK,Mining,Small,High Eff centrifugal pump variable speed,Market share new_max,,,,,%,0.3,0.3,0.3,0.3,0.3,0.3,0.3,0.3,0.3,0.3,0.3,
CIMS.CAN.SK.Mining.Pumping.General.Large,Service,SK,Mining,Large,High Eff centrifugal pump variable speed,Market share new_max,,,,,%,0.3,0.3,0.3,0.3,0.3,0.3,0.3,0.3,0.3,0.3,0.3,
CIMS.CAN.SK.Mining.Pumping.Slurry Stock.Small,Service,SK,Mining,Small,Eff rotary pump variable speed,Market share new_max,,,,,%,0.3,0.3,0.3,0.3,0.3,0.3,0.3,0.3,0.3,0.3,0.3,
CIMS.CAN.SK.Mining.Pumping.Slurry Stock.Large,Service,SK,Mining,Large,Eff rotary pump variable speed,Market share new_max,,,,,%,0.3,0.3,0.3,0.3,0.3,0.3,0.3,0.3,0.3,0.3,0.3,
CIMS.CAN.SK.Mining.Pumping.Precision.Small,Service,SK,Mining,Small,Eff reciprocating pump variable speed,Market share new_max,,,,,%,0.3,0.3,0.3,0.3,0.3,0.3,0.3,0.3,0.3,0.3,0.3,
CIMS.CAN.SK.Mining.Pumping.Precision.Large,Service,SK,Mining,Large,Eff reciprocating pump variable speed,Market share new_max,,,,,%,0.3,0.3,0.3,0.3,0.3,0.3,0.3,0.3,0.3,0.3,0.3,
CIMS.CAN.SK.Mining.Direct Drive,Service,SK,Mining,Direct Drive,Motor speed control variable speed,Market share new_max,,,,,%,0.3,0.3,0.3,0.3,0.3,0.3,0.3,0.3,0.3,0.3,0.3,
CIMS.CAN.SK.Mining.Machine Drive.Size 5,Service,SK,Mining,Size 5,Synchronous AC motor 201 500 hp,Market share new_max,,,,,%,0.25,0.25,0.25,0.25,0.25,0.25,0.25,0.25,0.25,0.25,0.25,
CIMS.CAN.SK.Mining.Machine Drive.Size 5,Service,SK,Mining,Size 5,Synchronous AC motor 201 500 hp,Market share new_min,,,,,%,0.18,0.18,0.18,0.18,0.18,0.18,0.18,0.18,0.18,0.18,0.18,
CIMS.CAN.SK.Mining.Machine Drive.Size 6,Service,SK,Mining,Size 6,Eff AC motor 500 hp,Market share new_max,,,,,%,0.6,0.6,0.6,0.6,0.6,0.6,0.6,0.6,0.6,0.6,0.6,
CIMS.CAN.SK.Mining.Machine Drive.Size 6,Service,SK,Mining,Size 6,DC motor 500 hp,Market share new_max,,,,,%,0.5,0.5,0.5,0.5,0.5,0.5,0.5,0.5,0.5,0.5,0.5,
CIMS.CAN.SK.Mining.Machine Drive.Size 6,Service,SK,Mining,Size 6,DC solid state motor 500 hp,Market share new_max,,,,,%,0.5,0.5,0.5,0.5,0.5,0.5,0.5,0.5,0.5,0.5,0.5,
CIMS.CAN.SK.Ethanol.Steam,Service,SK,Ethanol,Steam,Boilers Coal CCS,Market share new_max,,,,,%,0,0,0,0,0.001,1,1,1,1,1,1,
CIMS.CAN.SK.Ethanol.Steam,Service,SK,Ethanol,Steam,Boilers NG IA CCS,Market share new_max,,,,,%,0,0,0,0,0.001,1,1,1,1,1,1,
CIMS.CAN.SK.Ethanol.Steam,Service,SK,Ethanol,Steam,BPST NG 30 MW CCS,Market share new_max,,,,,%,0,0,0,0,0.001,1,1,1,1,1,1,
CIMS.CAN.SK.Biodiesel.Steam,Service,SK,Biodiesel,Steam,Boilers Coal CCS,Market share new_max,,,,,%,0,0,0,0,0.001,1,1,1,1,1,1,
CIMS.CAN.SK.Biodiesel.Steam,Service,SK,Biodiesel,Steam,Boilers NG IA CCS,Market share new_max,,,,,%,0,0,0,0,0.001,1,1,1,1,1,1,
CIMS.CAN.SK.Biodiesel.Steam,Service,SK,Biodiesel,Steam,BPST NG 30 MW CCS,Market share new_max,,,,,%,0,0,0,0,0.001,1,1,1,1,1,1,
CIMS.CAN.SK.Petroleum Refining.Refined Petroleum Products.Petroleum Fractions.Cracked Gas Oil.Hydrocracking.Cracking,Service,SK,Petroleum Refining,Cracking,Fluidized catalytic cracking CCS,Market share new_max,,,,,%,0,0,0,0,0.001,1,1,1,1,1,1,
CIMS.CAN.SK.Petroleum Refining.Still Gas.Steam,Service,SK,Petroleum Refining,Steam,Still Gas fired boiler Eff CCS,Market share new_max,,,,,%,0,0,0,0,0.001,1,1,1,1,1,1,
CIMS.CAN.SK.Petroleum Refining.Still Gas.Steam,Service,SK,Petroleum Refining,Steam,Still Gas fired cogen CCS,Market share new_max,,,,,%,0,0,0,0,0.001,1,1,1,1,1,1,
CIMS.CAN.SK.Petroleum Refining.Still Gas.Heater,Service,SK,Petroleum Refining,Heater,Still Gas fired increased Eff CCS,Market share new_max,,,,,%,0,0,0,0,0.001,1,1,1,1,1,1,
CIMS.CAN.SK.Petroleum Refining.Hydrogen,Service,SK,Petroleum Refining,Hydrogen,NG steam reforming Eff CCS,Market share new_max,,,,,%,0,0,0,0,0.001,1,1,1,1,1,1,
CIMS.CAN.SK.Petroleum Refining.Steam,Service,SK,Petroleum Refining,Steam,NG CCS,Market share new_max,,,,,%,0,0,0,0,0.001,1,1,1,1,1,1,
CIMS.CAN.SK.Petroleum Refining.Steam,Service,SK,Petroleum Refining,Steam,Petcoke CCS,Market share new_max,,,,,%,0,0,0,0,0.001,1,1,1,1,1,1,
CIMS.CAN.SK.Petroleum Refining.Steam,Service,SK,Petroleum Refining,Steam,HFO steam turbine,Market share new_max,,,,,%,0.05,0.05,0.05,0.05,0.05,0.05,0.05,0.05,0.05,0.05,0.05,
CIMS.CAN.SK.Petroleum Refining.Steam,Service,SK,Petroleum Refining,Steam,Spark Ignition Reciprocating engine NG 6MW,Market share new_max,,,,,%,0.05,0.05,0.05,0.05,0.05,0.05,0.05,0.05,0.05,0.05,0.05,
CIMS.CAN.SK.Petroleum Refining.Steam,Service,SK,Petroleum Refining,Steam,Petcoke CCS,Market share new_max,,,,,%,0,0,0,0,0.001,1,1,1,1,1,1,
CIMS.CAN.SK.Petroleum Refining.Steam,Service,SK,Petroleum Refining,Steam,BPST NG 30 MW CCS,Market share new_max,,,,,%,0,0,0,0,0.001,1,1,1,1,1,1,
CIMS.CAN.SK.Petroleum Refining.Ventilation,Service,SK,Petroleum Refining,Ventilation,High Eff backward inclined fan,Market share new_max,,,,,%,0.3,0.3,0.3,0.3,0.3,0.3,0.3,0.3,0.3,0.3,0.3,
CIMS.CAN.SK.Petroleum Refining.Ventilation,Service,SK,Petroleum Refining,Ventilation,High Eff radial fan,Market share new_max,,,,,%,0.3,0.3,0.3,0.3,0.3,0.3,0.3,0.3,0.3,0.3,0.3,
CIMS.CAN.SK.Petroleum Refining.Ventilation,Service,SK,Petroleum Refining,Ventilation,High Eff airfoil fan,Market share new_max,,,,,%,0.3,0.3,0.3,0.3,0.3,0.3,0.3,0.3,0.3,0.3,0.3,
CIMS.CAN.SK.Petroleum Refining.Ventilation,Service,SK,Petroleum Refining,Ventilation,High Eff vane axial tube axial fan,Market share new_max,,,,,%,0.3,0.3,0.3,0.3,0.3,0.3,0.3,0.3,0.3,0.3,0.3,
CIMS.CAN.SK.Petroleum Refining.Compression.Small,Service,SK,Petroleum Refining,Small,High Eff centrifugal compressor,Market share new_max,,,,,%,0.3,0.3,0.3,0.3,0.3,0.3,0.3,0.3,0.3,0.3,0.3,
CIMS.CAN.SK.Petroleum Refining.Compression.Small,Service,SK,Petroleum Refining,Small,High Eff reciprocating compressor,Market share new_max,,,,,%,0.3,0.3,0.3,0.3,0.3,0.3,0.3,0.3,0.3,0.3,0.3,
CIMS.CAN.SK.Petroleum Refining.Compression.Small,Service,SK,Petroleum Refining,Small,High Eff rotary compressor,Market share new_max,,,,,%,0.3,0.3,0.3,0.3,0.3,0.3,0.3,0.3,0.3,0.3,0.3,
CIMS.CAN.SK.Petroleum Refining.Compression.Large,Service,SK,Petroleum Refining,Large,High Eff centrifugal compressor,Market share new_max,,,,,%,0.3,0.3,0.3,0.3,0.3,0.3,0.3,0.3,0.3,0.3,0.3,
CIMS.CAN.SK.Petroleum Refining.Compression.Large,Service,SK,Petroleum Refining,Large,High Eff reciprocating compressor,Market share new_max,,,,,%,0.3,0.3,0.3,0.3,0.3,0.3,0.3,0.3,0.3,0.3,0.3,
CIMS.CAN.SK.Petroleum Refining.Compression.Large,Service,SK,Petroleum Refining,Large,High Eff rotary compressor,Market share new_max,,,,,%,0.3,0.3,0.3,0.3,0.3,0.3,0.3,0.3,0.3,0.3,0.3,
CIMS.CAN.SK.Petroleum Refining.Pumping.General.Small,Service,SK,Petroleum Refining,Small,High Eff centrifugal pump variable speed,Market share new_max,,,,,%,0.3,0.3,0.3,0.3,0.3,0.3,0.3,0.3,0.3,0.3,0.3,
CIMS.CAN.SK.Petroleum Refining.Pumping.General.Large,Service,SK,Petroleum Refining,Large,High Eff centrifugal pump variable speed,Market share new_max,,,,,%,0.3,0.3,0.3,0.3,0.3,0.3,0.3,0.3,0.3,0.3,0.3,
CIMS.CAN.SK.Petroleum Refining.Pumping.Slurry Stock.Small,Service,SK,Petroleum Refining,Small,Eff rotary pump variable speed,Market share new_max,,,,,%,0.3,0.3,0.3,0.3,0.3,0.3,0.3,0.3,0.3,0.3,0.3,
CIMS.CAN.SK.Petroleum Refining.Pumping.Slurry Stock.Large,Service,SK,Petroleum Refining,Large,Eff rotary pump variable speed,Market share new_max,,,,,%,0.3,0.3,0.3,0.3,0.3,0.3,0.3,0.3,0.3,0.3,0.3,
CIMS.CAN.SK.Petroleum Refining.Pumping.Precision.Small,Service,SK,Petroleum Refining,Small,Eff reciprocating pump variable speed,Market share new_max,,,,,%,0.3,0.3,0.3,0.3,0.3,0.3,0.3,0.3,0.3,0.3,0.3,
CIMS.CAN.SK.Petroleum Refining.Pumping.Precision.Large,Service,SK,Petroleum Refining,Large,Eff reciprocating pump variable speed,Market share new_max,,,,,%,0.3,0.3,0.3,0.3,0.3,0.3,0.3,0.3,0.3,0.3,0.3,
CIMS.CAN.SK.Petroleum Refining.Machine Drive.Size 1,Service,SK,Petroleum Refining,Size 1,Eff AC motor 1 5 hp,Market share new_max,,,,,%,0.6,0.6,0.6,0.6,0.6,0.6,0.6,0.6,0.6,0.6,0.6,
CIMS.CAN.SK.Petroleum Refining.Machine Drive.Size 3,Service,SK,Petroleum Refining,Size 3,Eff AC motor 26 100 hp,Market share new_max,,,,,%,0.6,0.6,0.6,0.6,0.6,0.6,0.6,0.6,0.6,0.6,0.6,
CIMS.CAN.SK.Petroleum Refining.Machine Drive.Size 4,Service,SK,Petroleum Refining,Size 4,Eff AC motor 101 200 hp,Market share new_max,,,,,%,0.6,0.6,0.6,0.6,0.6,0.6,0.6,0.6,0.6,0.6,0.6,
CIMS.CAN.SK.Petroleum Refining.Machine Drive.Size 5,Service,SK,Petroleum Refining,Size 5,Eff AC motor 201 500 hp,Market share new_max,,,,,%,0.6,0.6,0.6,0.6,0.6,0.6,0.6,0.6,0.6,0.6,0.6,
CIMS.CAN.SK.Petroleum Refining.Machine Drive.Size 5,Service,SK,Petroleum Refining,Size 5,DC motor 201 500 hp,Market share new_max,,,,,%,0.5,0.5,0.5,0.5,0.5,0.5,0.5,0.5,0.5,0.5,0.5,
CIMS.CAN.SK.Petroleum Refining.Machine Drive.Size 6,Service,SK,Petroleum Refining,Size 6,Eff AC motor 500 hp,Market share new_max,,,,,%,0.6,0.6,0.6,0.6,0.6,0.6,0.6,0.6,0.6,0.6,0.6,
CIMS.CAN.SK.Petroleum Refining.Machine Drive.Size 6,Service,SK,Petroleum Refining,Size 6,Scynchronous AC motor 500 hp,Market share new_max,,,,,%,0.5,0.5,0.5,0.5,0.5,0.5,0.5,0.5,0.5,0.5,0.5,
CIMS.CAN.SK.Iron and Steel.Steel Product.Slabs.Casting,Service,SK,Iron and Steel,Casting,Strip casting NG,Market share new_max,,,,,%,0.02422680412371,0.04922680412371,0.07422680412371,0.09922680412371,0.12422680412371,0.14922680412371,0.17422680412371,0.19922680412371,0.22422680412371,0.24922680412371,0.27422680412371,
CIMS.CAN.SK.Iron and Steel.Steel Product.Slabs.Casting,Service,SK,Iron and Steel,Casting,Strip casting oil,Market share new_max,,,,,%,0.02371134020619,0.04871134020619,0.07371134020619,0.09871134020619,0.12371134020619,0.14871134020619,0.17371134020619,0.19871134020619,0.22371134020619,0.24871134020619,0.27371134020619,
CIMS.CAN.SK.Iron and Steel.Steel Product.Slabs.Casting,Service,SK,Iron and Steel,Casting,Thin slab casting NG,Market share new_max,,,,,%,0.00103092783505,0.01353092783505,0.02603092783505,0.03853092783505,0.05103092783505,0.06353092783505,0.07603092783505,0.08853092783505,0.10103092783505,0.11353092783505,0.12603092783505,
CIMS.CAN.SK.Iron and Steel.Steel Product.Slabs.Casting,Service,SK,Iron and Steel,Casting,Thin slab casting oil,Market share new_max,,,,,%,0.00103092783505,0.01353092783505,0.02603092783505,0.03853092783505,0.05103092783505,0.06353092783505,0.07603092783505,0.08853092783505,0.10103092783505,0.11353092783505,0.12603092783505,
CIMS.CAN.SK.Iron and Steel.Steel Product.Slabs.Slab Finishing.Finishing Mills,Service,SK,Iron and Steel,Finishing Mills,Finishing mill,Market share new_max,,,,,%,0.1,0.1,0.1,0.1,0.1,0.1,0.1,0.1,0.1,0.1,0.1,
CIMS.CAN.SK.Iron and Steel.Steam,Service,SK,Iron and Steel,Steam,Coal CCS,Market share new_max,,,,,%,0,0,0,0,0.001,1,1,1,1,1,1,
CIMS.CAN.SK.Iron and Steel.Steam,Service,SK,Iron and Steel,Steam,NG CCS,Market share new_max,,,,,%,0,0,0,0,0.001,1,1,1,1,1,1,
CIMS.CAN.SK.Iron and Steel.Steam,Service,SK,Iron and Steel,Steam,BPST NG 30 MW CCS,Market share new_max,,,,,%,0,0,0,0,0.001,1,1,1,1,1,1,
CIMS.CAN.SK.Iron and Steel.Ventilation,Service,SK,Iron and Steel,Ventilation,High Eff backward inclined fan,Market share new_max,,,,,%,0.3,0.3,0.3,0.3,0.3,0.3,0.3,0.3,0.3,0.3,0.3,
CIMS.CAN.SK.Iron and Steel.Ventilation,Service,SK,Iron and Steel,Ventilation,High Eff airfoil fan,Market share new_max,,,,,%,0.3,0.3,0.3,0.3,0.3,0.3,0.3,0.3,0.3,0.3,0.3,
CIMS.CAN.SK.Iron and Steel.Conveyance,Service,SK,Iron and Steel,Conveyance,High Eff belt conveyor,Market share new_max,,,,,%,0.3,0.3,0.3,0.3,0.3,0.3,0.3,0.3,0.3,0.3,0.3,
CIMS.CAN.SK.Iron and Steel.Conveyance,Service,SK,Iron and Steel,Conveyance,High Eff screw conveyor,Market share new_max,,,,,%,0.3,0.3,0.3,0.3,0.3,0.3,0.3,0.3,0.3,0.3,0.3,
CIMS.CAN.SK.Iron and Steel.Conveyance,Service,SK,Iron and Steel,Conveyance,High Eff apron conveyor,Market share new_max,,,,,%,0.3,0.3,0.3,0.3,0.3,0.3,0.3,0.3,0.3,0.3,0.3,
CIMS.CAN.SK.Iron and Steel.Compression.Small,Service,SK,Iron and Steel,Small,High Eff centrifugal compressor,Market share new_max,,,,,%,0.3,0.3,0.3,0.3,0.3,0.3,0.3,0.3,0.3,0.3,0.3,
CIMS.CAN.SK.Iron and Steel.Compression.Small,Service,SK,Iron and Steel,Small,High Eff reciprocating compressor,Market share new_max,,,,,%,0.3,0.3,0.3,0.3,0.3,0.3,0.3,0.3,0.3,0.3,0.3,
CIMS.CAN.SK.Iron and Steel.Compression.Small,Service,SK,Iron and Steel,Small,High Eff rotary compressor,Market share new_max,,,,,%,0.3,0.3,0.3,0.3,0.3,0.3,0.3,0.3,0.3,0.3,0.3,
CIMS.CAN.SK.Iron and Steel.Compression.Large,Service,SK,Iron and Steel,Large,High Eff centrifugal compressor,Market share new_max,,,,,%,0.3,0.3,0.3,0.3,0.3,0.3,0.3,0.3,0.3,0.3,0.3,
CIMS.CAN.SK.Iron and Steel.Compression.Large,Service,SK,Iron and Steel,Large,High Eff reciprocating compressor,Market share new_max,,,,,%,0.3,0.3,0.3,0.3,0.3,0.3,0.3,0.3,0.3,0.3,0.3,
CIMS.CAN.SK.Iron and Steel.Compression.Large,Service,SK,Iron and Steel,Large,High Eff rotary compressor,Market share new_max,,,,,%,0.3,0.3,0.3,0.3,0.3,0.3,0.3,0.3,0.3,0.3,0.3,
CIMS.CAN.SK.Iron and Steel.Pumping.General.Small,Service,SK,Iron and Steel,Small,High Eff centrifugal pump variable speed,Market share new_max,,,,,%,0.3,0.3,0.3,0.3,0.3,0.3,0.3,0.3,0.3,0.3,0.3,
CIMS.CAN.SK.Iron and Steel.Pumping.General.Large,Service,SK,Iron and Steel,Large,High Eff centrifugal pump variable speed,Market share new_max,,,,,%,0.3,0.3,0.3,0.3,0.3,0.3,0.3,0.3,0.3,0.3,0.3,
CIMS.CAN.SK.Iron and Steel.Pumping.Slurry Stock.Small,Service,SK,Iron and Steel,Small,Eff rotary pump variable speed,Market share new_max,,,,,%,0.3,0.3,0.3,0.3,0.3,0.3,0.3,0.3,0.3,0.3,0.3,
CIMS.CAN.SK.Iron and Steel.Pumping.Slurry Stock.Large,Service,SK,Iron and Steel,Large,Eff rotary pump variable speed,Market share new_max,,,,,%,0.3,0.3,0.3,0.3,0.3,0.3,0.3,0.3,0.3,0.3,0.3,
CIMS.CAN.SK.Iron and Steel.Pumping.Precision.Small,Service,SK,Iron and Steel,Small,Eff reciprocating pump variable speed,Market share new_max,,,,,%,0.3,0.3,0.3,0.3,0.3,0.3,0.3,0.3,0.3,0.3,0.3,
CIMS.CAN.SK.Iron and Steel.Pumping.Precision.Large,Service,SK,Iron and Steel,Large,Eff reciprocating pump variable speed,Market share new_max,,,,,%,0.3,0.3,0.3,0.3,0.3,0.3,0.3,0.3,0.3,0.3,0.3,
CIMS.CAN.SK.Iron and Steel.Machine Drive.Size 5,Service,SK,Iron and Steel,Size 5,Synchronous AC motor 201 500 hp,Market share new_max,,,,,%,0.14545,0.14545,0.14545,0.14545,0.14545,0.14545,0.14545,0.14545,0.14545,0.14545,0.14545,
CIMS.CAN.SK.Iron and Steel.Machine Drive.Size 5,Service,SK,Iron and Steel,Size 5,Synchronous AC motor 201 500 hp,Market share new_min,,,,,%,0.14,0.14,0.14,0.14,0.14,0.14,0.14,0.14,0.14,0.14,0.14,
CIMS.CAN.SK.Iron and Steel.Machine Drive.Size 5,Service,SK,Iron and Steel,Size 5,DC motor 201 500 hp,Market share new_max,,,,,%,0.24727,0.24727,0.24727,0.24727,0.24727,0.24727,0.24727,0.24727,0.24727,0.24727,0.24727,
CIMS.CAN.SK.Iron and Steel.Machine Drive.Size 5,Service,SK,Iron and Steel,Size 5,DC motor 201 500 hp,Market share new_min,,,,,%,0.24,0.24,0.24,0.24,0.24,0.24,0.24,0.24,0.24,0.24,0.24,
CIMS.CAN.SK.Iron and Steel.Machine Drive.Size 5,Service,SK,Iron and Steel,Size 5,DC solid state motor 201 500 hp,Market share new_max,,,,,%,0.06182,0.06182,0.06182,0.06182,0.06182,0.06182,0.06182,0.06182,0.06182,0.06182,0.06182,
CIMS.CAN.SK.Iron and Steel.Machine Drive.Size 5,Service,SK,Iron and Steel,Size 5,DC solid state motor 201 500 hp,Market share new_min,,,,,%,0.06,0.06,0.06,0.06,0.06,0.06,0.06,0.06,0.06,0.06,0.06,
CIMS.CAN.SK.Iron and Steel.Machine Drive.Size 6,Service,SK,Iron and Steel,Size 6,Scynchronous AC motor 500 hp,Market share new_max,,,,,%,0.14545,0.14545,0.14545,0.14545,0.14545,0.14545,0.14545,0.14545,0.14545,0.14545,0.14545,
CIMS.CAN.SK.Iron and Steel.Machine Drive.Size 6,Service,SK,Iron and Steel,Size 6,Scynchronous AC motor 500 hp,Market share new_min,,,,,%,0.14,0.14,0.14,0.14,0.14,0.14,0.14,0.14,0.14,0.14,0.14,
CIMS.CAN.SK.Iron and Steel.Machine Drive.Size 6,Service,SK,Iron and Steel,Size 6,DC motor 500 hp,Market share new_max,,,,,%,0.24727,0.24727,0.24727,0.24727,0.24727,0.24727,0.24727,0.24727,0.24727,0.24727,0.24727,
CIMS.CAN.SK.Iron and Steel.Machine Drive.Size 6,Service,SK,Iron and Steel,Size 6,DC motor 500 hp,Market share new_min,,,,,%,0.24,0.24,0.24,0.24,0.24,0.24,0.24,0.24,0.24,0.24,0.24,
CIMS.CAN.SK.Iron and Steel.Machine Drive.Size 6,Service,SK,Iron and Steel,Size 6,DC solid state motor 500 hp,Market share new_max,,,,,%,0.06182,0.06182,0.06182,0.06182,0.06182,0.06182,0.06182,0.06182,0.06182,0.06182,0.06182,
CIMS.CAN.SK.Iron and Steel.Machine Drive.Size 6,Service,SK,Iron and Steel,Size 6,DC solid state motor 500 hp,Market share new_min,,,,,%,0.06,0.06,0.06,0.06,0.06,0.06,0.06,0.06,0.06,0.06,0.06,
CIMS.CAN.SK.Chemical Products.Chemical Product.Ammonia Methanol.Ammonia Synthesis,Service,SK,Chemical Products,Ammonia Synthesis,Adv reforming reactors CCS,Market share new_max,,,,,%,0,0,0,0,0.001,1,1,1,1,1,1,
CIMS.CAN.SK.Chemical Products.Chemical Product.Other Petrochemicals.Pyrolysis,Service,SK,Chemical Products,Pyrolysis,Product gas CCS,Market share new_max,,,,,%,0,0,0,0,0.001,1,1,1,1,1,1,
CIMS.CAN.SK.Chemical Products.Steam,Service,SK,Chemical Products,Steam,Fuel Oil,Market share new_max,,,,,%,0.0125,0.0125,0.0125,0.0125,0.0125,0.0125,0.0125,0.0125,0.0125,0.0125,0.0125,
CIMS.CAN.SK.Chemical Products.Steam,Service,SK,Chemical Products,Steam,Fuel Oil HR,Market share new_max,,,,,%,0.0125,0.0125,0.0125,0.0125,0.0125,0.0125,0.0125,0.0125,0.0125,0.0125,0.0125,
CIMS.CAN.SK.Chemical Products.Steam,Service,SK,Chemical Products,Steam,Fuel Oil reg burner,Market share new_max,,,,,%,0.0125,0.0125,0.0125,0.0125,0.0125,0.0125,0.0125,0.0125,0.0125,0.0125,0.0125,
CIMS.CAN.SK.Chemical Products.Steam,Service,SK,Chemical Products,Steam,Fuel Oil HR and reg burner,Market share new_max,,,,,%,0.0125,0.0125,0.0125,0.0125,0.0125,0.0125,0.0125,0.0125,0.0125,0.0125,0.0125,
CIMS.CAN.SK.Chemical Products.Steam,Service,SK,Chemical Products,Steam,NG CCS,Market share new_max,,,,,%,0,0,0,0,0.001,1,1,1,1,1,1,
CIMS.CAN.SK.Chemical Products.Steam,Service,SK,Chemical Products,Steam,Coal CCS,Market share new_max,,,,,%,0,0,0,0,0.001,1,1,1,1,1,1,
CIMS.CAN.SK.Chemical Products.Steam,Service,SK,Chemical Products,Steam,HFO steam turbine,Market share new_max,,,,,%,0.05,0.05,0.05,0.05,0.05,0.05,0.05,0.05,0.05,0.05,0.05,
CIMS.CAN.SK.Chemical Products.Steam,Service,SK,Chemical Products,Steam,Spark Ignition Reciprocating engine NG 6MW,Market share new_max,,,,,%,0.05,0.05,0.05,0.05,0.05,0.05,0.05,0.05,0.05,0.05,0.05,
CIMS.CAN.SK.Chemical Products.Steam,Service,SK,Chemical Products,Steam,BPST NG 30 MW CCS,Market share new_max,,,,,%,0,0,0,0,0.001,1,1,1,1,1,1,
CIMS.CAN.SK.Chemical Products.Ventilation,Service,SK,Chemical Products,Ventilation,High Eff backward inclined fan,Market share new_max,,,,,%,0.3,0.3,0.3,0.3,0.3,0.3,0.3,0.3,0.3,0.3,0.3,
CIMS.CAN.SK.Chemical Products.Ventilation,Service,SK,Chemical Products,Ventilation,High Eff vane axial tube axial fan,Market share new_max,,,,,%,0.3,0.3,0.3,0.3,0.3,0.3,0.3,0.3,0.3,0.3,0.3,
CIMS.CAN.SK.Chemical Products.Conveyance,Service,SK,Chemical Products,Conveyance,High Eff belt conveyor,Market share new_max,,,,,%,0.3,0.3,0.3,0.3,0.3,0.3,0.3,0.3,0.3,0.3,0.3,
CIMS.CAN.SK.Chemical Products.Conveyance,Service,SK,Chemical Products,Conveyance,High Eff screw conveyor,Market share new_max,,,,,%,0.3,0.3,0.3,0.3,0.3,0.3,0.3,0.3,0.3,0.3,0.3,
CIMS.CAN.SK.Chemical Products.Compression.Small,Service,SK,Chemical Products,Small,High Eff centrifugal compressor,Market share new_max,,,,,%,0.3,0.3,0.3,0.3,0.3,0.3,0.3,0.3,0.3,0.3,0.3,
CIMS.CAN.SK.Chemical Products.Compression.Small,Service,SK,Chemical Products,Small,High Eff reciprocating compressor,Market share new_max,,,,,%,0.3,0.3,0.3,0.3,0.3,0.3,0.3,0.3,0.3,0.3,0.3,
CIMS.CAN.SK.Chemical Products.Compression.Small,Service,SK,Chemical Products,Small,High Eff rotary compressor,Market share new_max,,,,,%,0.3,0.3,0.3,0.3,0.3,0.3,0.3,0.3,0.3,0.3,0.3,
CIMS.CAN.SK.Chemical Products.Compression.Large,Service,SK,Chemical Products,Large,High Eff centrifugal compressor,Market share new_max,,,,,%,0.3,0.3,0.3,0.3,0.3,0.3,0.3,0.3,0.3,0.3,0.3,
CIMS.CAN.SK.Chemical Products.Compression.Large,Service,SK,Chemical Products,Large,High Eff reciprocating compressor,Market share new_max,,,,,%,0.3,0.3,0.3,0.3,0.3,0.3,0.3,0.3,0.3,0.3,0.3,
CIMS.CAN.SK.Chemical Products.Compression.Large,Service,SK,Chemical Products,Large,High Eff rotary compressor,Market share new_max,,,,,%,0.3,0.3,0.3,0.3,0.3,0.3,0.3,0.3,0.3,0.3,0.3,
CIMS.CAN.SK.Chemical Products.Pumping.General.Small,Service,SK,Chemical Products,Small,High Eff centrifugal pump variable speed,Market share new_max,,,,,%,0.3,0.3,0.3,0.3,0.3,0.3,0.3,0.3,0.3,0.3,0.3,
CIMS.CAN.SK.Chemical Products.Pumping.General.Large,Service,SK,Chemical Products,Large,High Eff centrifugal pump variable speed,Market share new_max,,,,,%,0.3,0.3,0.3,0.3,0.3,0.3,0.3,0.3,0.3,0.3,0.3,
CIMS.CAN.SK.Chemical Products.Pumping.Slurry Stock.Small,Service,SK,Chemical Products,Small,Eff rotary pump variable speed,Market share new_max,,,,,%,0.3,0.3,0.3,0.3,0.3,0.3,0.3,0.3,0.3,0.3,0.3,
CIMS.CAN.SK.Chemical Products.Pumping.Slurry Stock.Large,Service,SK,Chemical Products,Large,Eff rotary pump variable speed,Market share new_max,,,,,%,0.3,0.3,0.3,0.3,0.3,0.3,0.3,0.3,0.3,0.3,0.3,
CIMS.CAN.SK.Chemical Products.Pumping.Precision.Small,Service,SK,Chemical Products,Small,Eff reciprocating pump variable speed,Market share new_max,,,,,%,0.3,0.3,0.3,0.3,0.3,0.3,0.3,0.3,0.3,0.3,0.3,
CIMS.CAN.SK.Chemical Products.Pumping.Precision.Large,Service,SK,Chemical Products,Large,Eff reciprocating pump variable speed,Market share new_max,,,,,%,0.3,0.3,0.3,0.3,0.3,0.3,0.3,0.3,0.3,0.3,0.3,
CIMS.CAN.SK.Chemical Products.Direct Drive,Service,SK,Chemical Products,Direct Drive,Motor speed control variable speed,Market share new_max,,,,,%,0.3,0.3,0.3,0.3,0.3,0.3,0.3,0.3,0.3,0.3,0.3,
CIMS.CAN.SK.Chemical Products.Machine Drive.Size 5,Service,SK,Chemical Products,Size 5,Synchronous motor 201 500 hp,Market share new_max,,,,,%,0.16,0.16,0.16,0.16,0.16,0.16,0.16,0.16,0.16,0.16,0.16,
CIMS.CAN.SK.Chemical Products.Machine Drive.Size 5,Service,SK,Chemical Products,Size 5,Synchronous motor 201 500 hp,Market share new_min,,,,,%,0.16,0.16,0.16,0.16,0.16,0.16,0.16,0.16,0.16,0.16,0.16,
CIMS.CAN.SK.Chemical Products.Machine Drive.Size 6,Service,SK,Chemical Products,Size 6,Scynchronous AC motor 500 hp,Market share new_max,,,,,%,0.16,0.16,0.16,0.16,0.16,0.16,0.16,0.16,0.16,0.16,0.16,
CIMS.CAN.SK.Chemical Products.Machine Drive.Size 6,Service,SK,Chemical Products,Size 6,Scynchronous AC motor 500 hp,Market share new_min,,,,,%,0.16,0.16,0.16,0.16,0.16,0.16,0.16,0.16,0.16,0.16,0.16,
CIMS.CAN.SK.Light Industrial.Steam,Service,SK,Light Industrial,Steam,Coal,Market share new_max,,,,,%,1,1,1,0,0,0,0,0,0,0,0,
CIMS.CAN.SK.Light Industrial.Water Heating,Service,SK,Light Industrial,Water Heating,Eff hot water electric,Market share new_min,,,,,%,0.06,0.06,0.06,0.06,0.06,0.06,0.06,0.06,0.06,0.06,0.06,
CIMS.CAN.SK.Light Industrial.Heat.Direct,Service,SK,Light Industrial,Direct,Eff electric,Market share new_min,,,,,%,0.25,0.25,0.25,0.25,0.25,0.25,0.25,0.25,0.25,0.25,0.25,
CIMS.CAN.SK.Light Industrial.Heat.Direct,Service,SK,Light Industrial,Direct,Std wood waste,Market share new_max,,,,,%,0.2,0.2,0.2,0.2,0.2,0.2,0.2,0.2,0.2,0.2,0.2,
CIMS.CAN.SK.Light Industrial.Heat.Direct,Service,SK,Light Industrial,Direct,Eff wood waste,Market share new_max,,,,,%,0.15,0.15,0.15,0.15,0.15,0.15,0.15,0.15,0.15,0.15,0.15,
CIMS.CAN.SK.Residential.Dwellings.Building Type.High Density.Vintage.<1960 Bldg Code.Heating (Cold),Sector,SK,Residential,Heating (Cold),Wood,Market share new_max,,,,,%,0.027,0.027,0.027,0.027,0.027,0.027,0.027,0.027,0.027,0.027,0.027,
CIMS.CAN.SK.Residential.Dwellings.Building Type.High Density.Vintage.1961-1980 Bldg Code.Heating (Cold),Sector,SK,Residential,Heating (Cold),Wood,Market share new_max,,,,,%,0.027,0.027,0.027,0.027,0.027,0.027,0.027,0.027,0.027,0.027,0.027,
CIMS.CAN.SK.Residential.Dwellings.Building Type.High Density.Vintage.1981-2000 Bldg Code.Heating (Cold),Sector,SK,Residential,Heating (Cold),Wood,Market share new_max,,,,,%,0.027,0.027,0.027,0.027,0.027,0.027,0.027,0.027,0.027,0.027,0.027,
CIMS.CAN.SK.Residential.Dwellings.Building Type.High Density.Vintage.2001-2020 Bldg Code.Heating (Cold),Sector,SK,Residential,Heating (Cold),Wood,Market share new_max,,,,,%,0.027,0.027,0.027,0.027,0.027,0.027,0.027,0.027,0.027,0.027,0.027,
CIMS.CAN.SK.Residential.Dwellings.Building Type.High Density.Vintage.2021-2035 Bldg Code.Heating (Cold),Sector,SK,Residential,Heating (Cold),Wood,Market share new_max,,,,,%,0.027,0.027,0.027,0.027,0.027,0.027,0.027,0.027,0.027,0.027,0.027,
CIMS.CAN.SK.Residential.Dwellings.Building Type.High Density.Vintage.>2035 Bldg Code.Heating (Cold),Sector,SK,Residential,Heating (Cold),Wood,Market share new_max,,,,,%,0.027,0.027,0.027,0.027,0.027,0.027,0.027,0.027,0.027,0.027,0.027,
CIMS.CAN.SK.Residential.Dwellings.Building Type.LowMed Density.Vintage.<1960 Bldg Code.Heating (Cold),Sector,SK,Residential,Heating (Cold),Wood,Market share new_max,,,,,%,0.027,0.027,0.027,0.027,0.027,0.027,0.027,0.027,0.027,0.027,0.027,
CIMS.CAN.SK.Residential.Dwellings.Building Type.LowMed Density.Vintage.1961-1980 Bldg Code.Heating (Cold),Sector,SK,Residential,Heating (Cold),Wood,Market share new_max,,,,,%,0.027,0.027,0.027,0.027,0.027,0.027,0.027,0.027,0.027,0.027,0.027,
CIMS.CAN.SK.Residential.Dwellings.Building Type.LowMed Density.Vintage.1981-2000 Bldg Code.Heating (Cold),Sector,SK,Residential,Heating (Cold),Wood,Market share new_max,,,,,%,0.027,0.027,0.027,0.027,0.027,0.027,0.027,0.027,0.027,0.027,0.027,
CIMS.CAN.SK.Residential.Dwellings.Building Type.LowMed Density.Vintage.2001-2020 Bldg Code.Heating (Cold),Sector,SK,Residential,Heating (Cold),Wood,Market share new_max,,,,,%,0.027,0.027,0.027,0.027,0.027,0.027,0.027,0.027,0.027,0.027,0.027,
CIMS.CAN.SK.Residential.Dwellings.Building Type.LowMed Density.Vintage.2021-2035 Bldg Code.Heating (Cold),Sector,SK,Residential,Heating (Cold),Wood,Market share new_max,,,,,%,0.027,0.027,0.027,0.027,0.027,0.027,0.027,0.027,0.027,0.027,0.027,
CIMS.CAN.SK.Residential.Dwellings.Building Type.LowMed Density.Vintage.>2035 Bldg Code.Heating (Cold),Sector,SK,Residential,Heating (Cold),Wood,Market share new_max,,,,,%,0.027,0.027,0.027,0.027,0.027,0.027,0.027,0.027,0.027,0.027,0.027,
CIMS.CAN.SK.Residential.Dwellings.Building Type.High Density.Vintage.<1960 Bldg Code.Heating (Cold),Sector,SK,Residential,Heating (Cold),Wood,Market share new_min,,,,,%,0.026,0.026,0.026,0.026,0.026,0.026,0.026,0.026,0.026,0.026,0.026,
CIMS.CAN.SK.Residential.Dwellings.Building Type.High Density.Vintage.1961-1980 Bldg Code.Heating (Cold),Sector,SK,Residential,Heating (Cold),Wood,Market share new_min,,,,,%,0.026,0.026,0.026,0.026,0.026,0.026,0.026,0.026,0.026,0.026,0.026,
CIMS.CAN.SK.Residential.Dwellings.Building Type.High Density.Vintage.1981-2000 Bldg Code.Heating (Cold),Sector,SK,Residential,Heating (Cold),Wood,Market share new_min,,,,,%,0.026,0.026,0.026,0.026,0.026,0.026,0.026,0.026,0.026,0.026,0.026,
CIMS.CAN.SK.Residential.Dwellings.Building Type.High Density.Vintage.2001-2020 Bldg Code.Heating (Cold),Sector,SK,Residential,Heating (Cold),Wood,Market share new_min,,,,,%,0.026,0.026,0.026,0.026,0.026,0.026,0.026,0.026,0.026,0.026,0.026,
CIMS.CAN.SK.Residential.Dwellings.Building Type.High Density.Vintage.2021-2035 Bldg Code.Heating (Cold),Sector,SK,Residential,Heating (Cold),Wood,Market share new_min,,,,,%,0.026,0.026,0.026,0.026,0.026,0.026,0.026,0.026,0.026,0.026,0.026,
CIMS.CAN.SK.Residential.Dwellings.Building Type.High Density.Vintage.>2035 Bldg Code.Heating (Cold),Sector,SK,Residential,Heating (Cold),Wood,Market share new_min,,,,,%,0.026,0.026,0.026,0.026,0.026,0.026,0.026,0.026,0.026,0.026,0.026,
CIMS.CAN.SK.Residential.Dwellings.Building Type.LowMed Density.Vintage.<1960 Bldg Code.Heating (Cold),Sector,SK,Residential,Heating (Cold),Wood,Market share new_min,,,,,%,0.026,0.026,0.026,0.026,0.026,0.026,0.026,0.026,0.026,0.026,0.026,
CIMS.CAN.SK.Residential.Dwellings.Building Type.LowMed Density.Vintage.1961-1980 Bldg Code.Heating (Cold),Sector,SK,Residential,Heating (Cold),Wood,Market share new_min,,,,,%,0.026,0.026,0.026,0.026,0.026,0.026,0.026,0.026,0.026,0.026,0.026,
CIMS.CAN.SK.Residential.Dwellings.Building Type.LowMed Density.Vintage.1981-2000 Bldg Code.Heating (Cold),Sector,SK,Residential,Heating (Cold),Wood,Market share new_min,,,,,%,0.026,0.026,0.026,0.026,0.026,0.026,0.026,0.026,0.026,0.026,0.026,
CIMS.CAN.SK.Residential.Dwellings.Building Type.LowMed Density.Vintage.2001-2020 Bldg Code.Heating (Cold),Sector,SK,Residential,Heating (Cold),Wood,Market share new_min,,,,,%,0.026,0.026,0.026,0.026,0.026,0.026,0.026,0.026,0.026,0.026,0.026,
CIMS.CAN.SK.Residential.Dwellings.Building Type.LowMed Density.Vintage.2021-2035 Bldg Code.Heating (Cold),Sector,SK,Residential,Heating (Cold),Wood,Market share new_min,,,,,%,0.026,0.026,0.026,0.026,0.026,0.026,0.026,0.026,0.026,0.026,0.026,
CIMS.CAN.SK.Residential.Dwellings.Building Type.LowMed Density.Vintage.>2035 Bldg Code.Heating (Cold),Sector,SK,Residential,Heating (Cold),Wood,Market share new_min,,,,,%,0.026,0.026,0.026,0.026,0.026,0.026,0.026,0.026,0.026,0.026,0.026,
CIMS.CAN.SK.Transportation Personal.Passenger Vehicles,Service,SK,Transportation Personal,Passenger Vehicles,Light Truck_large,Market share new_max,,,,,%,0.4,0.4,0.4,0.4,0.4,0.4,0.4,0.4,0.4,0.4,0.4,Keep large trucks under control in forecast years
CIMS.CAN.SK.Agriculture.Process.Soils,Service,SK,Agriculture,Soils,Zero Tillage,Market share new_max,,,,,%,0.95,0.95,0.95,0.95,0.95,0.95,0.95,0.95,0.95,0.95,0.95,
CIMS.CAN.SK.Coal Mining.Methane Blend,Service,SK,Coal Mining,Methane Blend,Biogas,Market share new_max,,,,,%,0.01,0.01,0.01,0.01,0.01,0.01,0.01,0.01,0.01,0.01,0.01,Quick method to simulate ethanol feedstock limits (with FIC) - REPLACE WITH SOMETHING BETTER!
CIMS.CAN.SK.Mining.Methane Blend,Service,SK,Mining,Methane Blend,Biogas,Market share new_max,,,,,%,0.01,0.01,0.01,0.01,0.01,0.01,0.01,0.01,0.01,0.01,0.01,Quick method to simulate ethanol feedstock limits (with FIC) - REPLACE WITH SOMETHING BETTER!
CIMS.CAN.SK.Petroleum Refining.Methane Blend,Service,SK,Petroleum Refining,Methane Blend,Biogas,Market share new_max,,,,,%,0.01,0.01,0.01,0.01,0.01,0.01,0.01,0.01,0.01,0.01,0.01,Quick method to simulate ethanol feedstock limits (with FIC) - REPLACE WITH SOMETHING BETTER!
CIMS.CAN.SK.Iron and Steel.Methane Blend,Service,SK,Iron and Steel,Methane Blend,Biogas,Market share new_max,,,,,%,0.01,0.01,0.01,0.01,0.01,0.01,0.01,0.01,0.01,0.01,0.01,Quick method to simulate ethanol feedstock limits (with FIC) - REPLACE WITH SOMETHING BETTER!
CIMS.CAN.SK.Chemical Products.Methane Blend,Service,SK,Chemical Products,Methane Blend,Biogas,Market share new_max,,,,,%,0.01,0.01,0.01,0.01,0.01,0.01,0.01,0.01,0.01,0.01,0.01,Quick method to simulate ethanol feedstock limits (with FIC) - REPLACE WITH SOMETHING BETTER!
CIMS.CAN.SK.Light Industrial.Methane Blend,Service,SK,Light Industrial,Methane Blend,Biogas,Market share new_max,,,,,%,0.01,0.01,0.01,0.01,0.01,0.01,0.01,0.01,0.01,0.01,0.01,Quick method to simulate ethanol feedstock limits (with FIC) - REPLACE WITH SOMETHING BETTER!
CIMS.CAN.SK.Residential.Methane Blend,Service,SK,Residential,Methane Blend,Biogas,Market share new_max,,,,,%,0.01,0.01,0.01,0.01,0.01,0.01,0.01,0.01,0.01,0.01,0.01,Quick method to simulate ethanol feedstock limits (with FIC) - REPLACE WITH SOMETHING BETTER!
CIMS.CAN.SK.Commercial.Methane Blend,Service,SK,Commercial,Methane Blend,Biogas,Market share new_max,,,,,%,0.01,0.01,0.01,0.01,0.01,0.01,0.01,0.01,0.01,0.01,0.01,Quick method to simulate ethanol feedstock limits (with FIC) - REPLACE WITH SOMETHING BETTER!
CIMS.CAN.SK.Coal Mining.Methane Blend,Service,SK,Coal Mining,Methane Blend,Biomass Gasification,Market share new_max,,,,,%,0.03,0.03,0.03,0.03,0.03,0.03,0.03,0.03,0.03,0.03,0.03,Quick method to simulate ethanol feedstock limits (with FIC) - REPLACE WITH SOMETHING BETTER!
CIMS.CAN.SK.Mining.Methane Blend,Service,SK,Mining,Methane Blend,Biomass Gasification,Market share new_max,,,,,%,0.03,0.03,0.03,0.03,0.03,0.03,0.03,0.03,0.03,0.03,0.03,Quick method to simulate ethanol feedstock limits (with FIC) - REPLACE WITH SOMETHING BETTER!
CIMS.CAN.SK.Petroleum Refining.Methane Blend,Service,SK,Petroleum Refining,Methane Blend,Biomass Gasification,Market share new_max,,,,,%,0.03,0.03,0.03,0.03,0.03,0.03,0.03,0.03,0.03,0.03,0.03,Quick method to simulate ethanol feedstock limits (with FIC) - REPLACE WITH SOMETHING BETTER!
CIMS.CAN.SK.Iron and Steel.Methane Blend,Service,SK,Iron and Steel,Methane Blend,Biomass Gasification,Market share new_max,,,,,%,0.03,0.03,0.03,0.03,0.03,0.03,0.03,0.03,0.03,0.03,0.03,Quick method to simulate ethanol feedstock limits (with FIC) - REPLACE WITH SOMETHING BETTER!
CIMS.CAN.SK.Chemical Products.Methane Blend,Service,SK,Chemical Products,Methane Blend,Biomass Gasification,Market share new_max,,,,,%,0.03,0.03,0.03,0.03,0.03,0.03,0.03,0.03,0.03,0.03,0.03,Quick method to simulate ethanol feedstock limits (with FIC) - REPLACE WITH SOMETHING BETTER!
CIMS.CAN.SK.Light Industrial.Methane Blend,Service,SK,Light Industrial,Methane Blend,Biomass Gasification,Market share new_max,,,,,%,0.03,0.03,0.03,0.03,0.03,0.03,0.03,0.03,0.03,0.03,0.03,Quick method to simulate ethanol feedstock limits (with FIC) - REPLACE WITH SOMETHING BETTER!
CIMS.CAN.SK.Residential.Methane Blend,Service,SK,Residential,Methane Blend,Biomass Gasification,Market share new_max,,,,,%,0.03,0.03,0.03,0.03,0.03,0.03,0.03,0.03,0.03,0.03,0.03,Quick method to simulate ethanol feedstock limits (with FIC) - REPLACE WITH SOMETHING BETTER!
CIMS.CAN.SK.Commercial.Methane Blend,Service,SK,Commercial,Methane Blend,Biomass Gasification,Market share new_max,,,,,%,0.03,0.03,0.03,0.03,0.03,0.03,0.03,0.03,0.03,0.03,0.03,Quick method to simulate ethanol feedstock limits (with FIC) - REPLACE WITH SOMETHING BETTER!
,,,,,,,,,,,,,,,,,,,,,,,
,,,,,,,,,,,,,,,,,,,,,,,
