CIMS.CAN.MB.Natural Gas.Production.Supply.CCS,<-- Navigate by typing to search,,,,,,,,,,,,,,,,,,,,,,
Branch,Type,Region,Sector,Service,Technology,Parameter,Context,Sub_Context,Target,Source,Unit,2000,2005,2010,2015,2020,2025,2030,2035,2040,2045,2050,Comments
CIMS.CAN.MB.Petroleum Crude.Still Gas Steam,Service,MB,Petroleum Crude,Still Gas Steam,Boiler CCS,DIC_initial,,,,,$,7162776.6536,7162776.6536,7162776.6536,7162776.6536,7162776.6536,7162776.6536,7162776.6536,7162776.6536,7162776.6536,7162776.6536,7162776.6536,
CIMS.CAN.MB.Petroleum Crude.Still Gas Steam,Service,MB,Petroleum Crude,Still Gas Steam,Boiler CCS,DIC_slope,,,,,,6.0633,6.0633,6.0633,6.0633,6.0633,6.0633,6.0633,6.0633,6.0633,6.0633,6.0633,
CIMS.CAN.MB.Petroleum Crude.Still Gas Steam,Service,MB,Petroleum Crude,Still Gas Steam,Boiler CCS,DIC_x50,,,,,,0.2898,0.2898,0.2898,0.2898,0.2898,0.2898,0.2898,0.2898,0.2898,0.2898,0.2898,
CIMS.CAN.MB.Petroleum Crude.Still Gas Steam,Service,MB,Petroleum Crude,Still Gas Steam,Boiler CCS,DIC_min,,,,,,-55072.8918,-55072.8918,-55072.8918,-55072.8918,-55072.8918,-55072.8918,-55072.8918,-55072.8918,-55072.8918,-55072.8918,-55072.8918,
CIMS.CAN.MB.Petroleum Crude.Still Gas Steam,Service,MB,Petroleum Crude,Still Gas Steam,Cogen CCS,DIC_initial,,,,,$,7162776.6536,7162776.6536,7162776.6536,7162776.6536,7162776.6536,7162776.6536,7162776.6536,7162776.6536,7162776.6536,7162776.6536,7162776.6536,
CIMS.CAN.MB.Petroleum Crude.Still Gas Steam,Service,MB,Petroleum Crude,Still Gas Steam,Cogen CCS,DIC_slope,,,,,,6.0633,6.0633,6.0633,6.0633,6.0633,6.0633,6.0633,6.0633,6.0633,6.0633,6.0633,
CIMS.CAN.MB.Petroleum Crude.Still Gas Steam,Service,MB,Petroleum Crude,Still Gas Steam,Cogen CCS,DIC_x50,,,,,,0.2898,0.2898,0.2898,0.2898,0.2898,0.2898,0.2898,0.2898,0.2898,0.2898,0.2898,
CIMS.CAN.MB.Petroleum Crude.Still Gas Steam,Service,MB,Petroleum Crude,Still Gas Steam,Cogen CCS,DIC_min,,,,,,-55072.8918,-55072.8918,-55072.8918,-55072.8918,-55072.8918,-55072.8918,-55072.8918,-55072.8918,-55072.8918,-55072.8918,-55072.8918,
CIMS.CAN.MB.Petroleum Crude.Steam,Service,MB,Petroleum Crude,Steam,Boiler NG CCS,DIC_initial,,,,,$,5968943.9819,5968943.9819,5968943.9819,5968943.9819,5968943.9819,5968943.9819,5968943.9819,5968943.9819,5968943.9819,5968943.9819,5968943.9819,
CIMS.CAN.MB.Petroleum Crude.Steam,Service,MB,Petroleum Crude,Steam,Boiler NG CCS,DIC_slope,,,,,,6.0635,6.0635,6.0635,6.0635,6.0635,6.0635,6.0635,6.0635,6.0635,6.0635,6.0635,
CIMS.CAN.MB.Petroleum Crude.Steam,Service,MB,Petroleum Crude,Steam,Boiler NG CCS,DIC_x50,,,,,,0.2898,0.2898,0.2898,0.2898,0.2898,0.2898,0.2898,0.2898,0.2898,0.2898,0.2898,
CIMS.CAN.MB.Petroleum Crude.Steam,Service,MB,Petroleum Crude,Steam,Boiler NG CCS,DIC_min,,,,,,-45920.0604,-45920.0604,-45920.0604,-45920.0604,-45920.0604,-45920.0604,-45920.0604,-45920.0604,-45920.0604,-45920.0604,-45920.0604,
CIMS.CAN.MB.Petroleum Crude.Steam,Service,MB,Petroleum Crude,Steam,Boiler Petcoke CCS,DIC_initial,,,,,$,5968943.9819,5968943.9819,5968943.9819,5968943.9819,5968943.9819,5968943.9819,5968943.9819,5968943.9819,5968943.9819,5968943.9819,5968943.9819,
CIMS.CAN.MB.Petroleum Crude.Steam,Service,MB,Petroleum Crude,Steam,Boiler Petcoke CCS,DIC_slope,,,,,,6.0635,6.0635,6.0635,6.0635,6.0635,6.0635,6.0635,6.0635,6.0635,6.0635,6.0635,
CIMS.CAN.MB.Petroleum Crude.Steam,Service,MB,Petroleum Crude,Steam,Boiler Petcoke CCS,DIC_x50,,,,,,0.2898,0.2898,0.2898,0.2898,0.2898,0.2898,0.2898,0.2898,0.2898,0.2898,0.2898,
CIMS.CAN.MB.Petroleum Crude.Steam,Service,MB,Petroleum Crude,Steam,Boiler Petcoke CCS,DIC_min,,,,,,-45920.0604,-45920.0604,-45920.0604,-45920.0604,-45920.0604,-45920.0604,-45920.0604,-45920.0604,-45920.0604,-45920.0604,-45920.0604,
CIMS.CAN.MB.Petroleum Crude.Steam,Service,MB,Petroleum Crude,Steam,Cogen NG CCS,DIC_initial,,,,,$,5968943.9819,5968943.9819,5968943.9819,5968943.9819,5968943.9819,5968943.9819,5968943.9819,5968943.9819,5968943.9819,5968943.9819,5968943.9819,
CIMS.CAN.MB.Petroleum Crude.Steam,Service,MB,Petroleum Crude,Steam,Cogen NG CCS,DIC_slope,,,,,,6.0635,6.0635,6.0635,6.0635,6.0635,6.0635,6.0635,6.0635,6.0635,6.0635,6.0635,
CIMS.CAN.MB.Petroleum Crude.Steam,Service,MB,Petroleum Crude,Steam,Cogen NG CCS,DIC_x50,,,,,,0.2898,0.2898,0.2898,0.2898,0.2898,0.2898,0.2898,0.2898,0.2898,0.2898,0.2898,
CIMS.CAN.MB.Petroleum Crude.Steam,Service,MB,Petroleum Crude,Steam,Cogen NG CCS,DIC_min,,,,,,-45920.0604,-45920.0604,-45920.0604,-45920.0604,-45920.0604,-45920.0604,-45920.0604,-45920.0604,-45920.0604,-45920.0604,-45920.0604,
CIMS.CAN.MB.Petroleum Crude.Steam,Service,MB,Petroleum Crude,Steam,Electric,DIC_initial,,,,,$,8346737.966,8346737.966,8346737.966,8346737.966,8346737.966,8346737.966,8346737.966,8346737.966,8346737.966,8346737.966,8346737.966,
CIMS.CAN.MB.Petroleum Crude.Steam,Service,MB,Petroleum Crude,Steam,Electric,DIC_slope,,,,,,6.0755,6.0755,6.0755,6.0755,6.0755,6.0755,6.0755,6.0755,6.0755,6.0755,6.0755,
CIMS.CAN.MB.Petroleum Crude.Steam,Service,MB,Petroleum Crude,Steam,Electric,DIC_x50,,,,,,0.2899,0.2899,0.2899,0.2899,0.2899,0.2899,0.2899,0.2899,0.2899,0.2899,0.2899,
CIMS.CAN.MB.Petroleum Crude.Steam,Service,MB,Petroleum Crude,Steam,Electric,DIC_min,,,,,,-64747.0616,-64747.0616,-64747.0616,-64747.0616,-64747.0616,-64747.0616,-64747.0616,-64747.0616,-64747.0616,-64747.0616,-64747.0616,
CIMS.CAN.MB.Residential.Dwellings.Lighting,Service,MB,Residential,Lighting,CFL,DIC_initial,,,,,$,5,5,5,5,5,5,5,5,5,5,5,
CIMS.CAN.MB.Residential.Dwellings.Lighting,Service,MB,Residential,Lighting,CFL,DIC_slope,,,,,,3.6696,3.6696,3.6696,3.6696,3.6696,3.6696,3.6696,3.6696,3.6696,3.6696,3.6696,
CIMS.CAN.MB.Residential.Dwellings.Lighting,Service,MB,Residential,Lighting,CFL,DIC_x50,,,,,,2.1694,2.1694,2.1694,2.1694,2.1694,2.1694,2.1694,2.1694,2.1694,2.1694,2.1694,
CIMS.CAN.MB.Residential.Dwellings.Lighting,Service,MB,Residential,Lighting,CFL,DIC_min,,,,,,-30.9742,-30.9742,-30.9742,-30.9742,-30.9742,-30.9742,-30.9742,-30.9742,-30.9742,-30.9742,-30.9742,
CIMS.CAN.MB.Residential.Dwellings.Lighting,Service,MB,Residential,Lighting,LED,DIC_initial,,,,,$,2,2,2,2,2,2,2,2,2,2,2,
CIMS.CAN.MB.Residential.Dwellings.Lighting,Service,MB,Residential,Lighting,LED,DIC_slope,,,,,,1.7888,1.7888,1.7888,1.7888,1.7888,1.7888,1.7888,1.7888,1.7888,1.7888,1.7888,
CIMS.CAN.MB.Residential.Dwellings.Lighting,Service,MB,Residential,Lighting,LED,DIC_x50,,,,,,0.2752,0.2752,0.2752,0.2752,0.2752,0.2752,0.2752,0.2752,0.2752,0.2752,0.2752,
CIMS.CAN.MB.Residential.Dwellings.Lighting,Service,MB,Residential,Lighting,LED,DIC_min,,,,,,-0.4441,-0.4441,-0.4441,-0.4441,-0.4441,-0.4441,-0.4441,-0.4441,-0.4441,-0.4441,-0.4441,
CIMS.CAN.MB.Residential.Dwellings.Refrigerators,Service,MB,Residential,Refrigerators,High Efficiency,DIC_initial,,,,,$,60,60,60,60,60,60,60,60,60,60,60,
CIMS.CAN.MB.Residential.Dwellings.Refrigerators,Service,MB,Residential,Refrigerators,High Efficiency,DIC_slope,,,,,,9.8354,9.8354,9.8354,9.8354,9.8354,9.8354,9.8354,9.8354,9.8354,9.8354,9.8354,
CIMS.CAN.MB.Residential.Dwellings.Refrigerators,Service,MB,Residential,Refrigerators,High Efficiency,DIC_x50,,,,,,0.1921,0.1921,0.1921,0.1921,0.1921,0.1921,0.1921,0.1921,0.1921,0.1921,0.1921,
CIMS.CAN.MB.Residential.Dwellings.Refrigerators,Service,MB,Residential,Refrigerators,High Efficiency,DIC_min,,,,,,0.3753,0.3753,0.3753,0.3753,0.3753,0.3753,0.3753,0.3753,0.3753,0.3753,0.3753,
CIMS.CAN.MB.Residential.Dwellings.Freezers,Service,MB,Residential,Freezers,High Efficiency,DIC_initial,,,,,$,121.2438,121.2438,121.2438,121.2438,121.2438,121.2438,121.2438,121.2438,121.2438,121.2438,121.2438,
CIMS.CAN.MB.Residential.Dwellings.Freezers,Service,MB,Residential,Freezers,High Efficiency,DIC_slope,,,,,,9.8361,9.8361,9.8361,9.8361,9.8361,9.8361,9.8361,9.8361,9.8361,9.8361,9.8361,
CIMS.CAN.MB.Residential.Dwellings.Freezers,Service,MB,Residential,Freezers,High Efficiency,DIC_x50,,,,,,0.1921,0.1921,0.1921,0.1921,0.1921,0.1921,0.1921,0.1921,0.1921,0.1921,0.1921,
CIMS.CAN.MB.Residential.Dwellings.Freezers,Service,MB,Residential,Freezers,High Efficiency,DIC_min,,,,,,-0.1604,-0.1604,-0.1604,-0.1604,-0.1604,-0.1604,-0.1604,-0.1604,-0.1604,-0.1604,-0.1604,
CIMS.CAN.MB.Residential.Dwellings.Ranges,Service,MB,Residential,Ranges,Electric Induction,DIC_initial,,,,,$,600,600,600,600,600,600,600,600,600,600,600,
CIMS.CAN.MB.Residential.Dwellings.Ranges,Service,MB,Residential,Ranges,Electric Induction,DIC_slope,,,,,,5.5006,5.5006,5.5006,5.5006,5.5006,5.5006,5.5006,5.5006,5.5006,5.5006,5.5006,
CIMS.CAN.MB.Residential.Dwellings.Ranges,Service,MB,Residential,Ranges,Electric Induction,DIC_x50,,,,,,0.1006,0.1006,0.1006,0.1006,0.1006,0.1006,0.1006,0.1006,0.1006,0.1006,0.1006,
CIMS.CAN.MB.Residential.Dwellings.Ranges,Service,MB,Residential,Ranges,Electric Induction,DIC_min,,,,,,-1.1693,-1.1693,-1.1693,-1.1693,-1.1693,-1.1693,-1.1693,-1.1693,-1.1693,-1.1693,-1.1693,
CIMS.CAN.MB.Residential.Dwellings.Dishwashing.Machine,Service,MB,Residential,Machine,High (58% Eff),DIC_initial,,,,,$,200,200,200,200,200,200,200,200,200,200,200,
CIMS.CAN.MB.Residential.Dwellings.Dishwashing.Machine,Service,MB,Residential,Machine,High (58% Eff),DIC_slope,,,,,,9.8364,9.8364,9.8364,9.8364,9.8364,9.8364,9.8364,9.8364,9.8364,9.8364,9.8364,
CIMS.CAN.MB.Residential.Dwellings.Dishwashing.Machine,Service,MB,Residential,Machine,High (58% Eff),DIC_x50,,,,,,0.1921,0.1921,0.1921,0.1921,0.1921,0.1921,0.1921,0.1921,0.1921,0.1921,0.1921,
CIMS.CAN.MB.Residential.Dwellings.Dishwashing.Machine,Service,MB,Residential,Machine,High (58% Eff),DIC_min,,,,,,-0.2626,-0.2626,-0.2626,-0.2626,-0.2626,-0.2626,-0.2626,-0.2626,-0.2626,-0.2626,-0.2626,
CIMS.CAN.MB.Residential.Dwellings.Dishwashing.Machine,Service,MB,Residential,Machine,Top (94% Eff),DIC_initial,,,,,$,242.4869,242.4869,242.4869,242.4869,242.4869,242.4869,242.4869,242.4869,242.4869,242.4869,242.4869,
CIMS.CAN.MB.Residential.Dwellings.Dishwashing.Machine,Service,MB,Residential,Machine,Top (94% Eff),DIC_slope,,,,,,9.8364,9.8364,9.8364,9.8364,9.8364,9.8364,9.8364,9.8364,9.8364,9.8364,9.8364,
CIMS.CAN.MB.Residential.Dwellings.Dishwashing.Machine,Service,MB,Residential,Machine,Top (94% Eff),DIC_x50,,,,,,0.1921,0.1921,0.1921,0.1921,0.1921,0.1921,0.1921,0.1921,0.1921,0.1921,0.1921,
CIMS.CAN.MB.Residential.Dwellings.Dishwashing.Machine,Service,MB,Residential,Machine,Top (94% Eff),DIC_min,,,,,,-0.3207,-0.3207,-0.3207,-0.3207,-0.3207,-0.3207,-0.3207,-0.3207,-0.3207,-0.3207,-0.3207,
CIMS.CAN.MB.Residential.Dwellings.Clothes Washing,Service,MB,Residential,Clothes Washing,High Efficiency,DIC_initial,,,,,$,242.4869,242.4869,242.4869,242.4869,242.4869,242.4869,242.4869,242.4869,242.4869,242.4869,242.4869,
CIMS.CAN.MB.Residential.Dwellings.Clothes Washing,Service,MB,Residential,Clothes Washing,High Efficiency,DIC_slope,,,,,,9.8364,9.8364,9.8364,9.8364,9.8364,9.8364,9.8364,9.8364,9.8364,9.8364,9.8364,
CIMS.CAN.MB.Residential.Dwellings.Clothes Washing,Service,MB,Residential,Clothes Washing,High Efficiency,DIC_x50,,,,,,0.1921,0.1921,0.1921,0.1921,0.1921,0.1921,0.1921,0.1921,0.1921,0.1921,0.1921,
CIMS.CAN.MB.Residential.Dwellings.Clothes Washing,Service,MB,Residential,Clothes Washing,High Efficiency,DIC_min,,,,,,-0.3207,-0.3207,-0.3207,-0.3207,-0.3207,-0.3207,-0.3207,-0.3207,-0.3207,-0.3207,-0.3207,
CIMS.CAN.MB.Residential.Dwellings.Clothes Washing,Service,MB,Residential,Clothes Washing,Steam,DIC_initial,,,,,$,606.2198,606.2198,606.2198,606.2198,606.2198,606.2198,606.2198,606.2198,606.2198,606.2198,606.2198,
CIMS.CAN.MB.Residential.Dwellings.Clothes Washing,Service,MB,Residential,Clothes Washing,Steam,DIC_slope,,,,,,9.836,9.836,9.836,9.836,9.836,9.836,9.836,9.836,9.836,9.836,9.836,
CIMS.CAN.MB.Residential.Dwellings.Clothes Washing,Service,MB,Residential,Clothes Washing,Steam,DIC_x50,,,,,,0.1921,0.1921,0.1921,0.1921,0.1921,0.1921,0.1921,0.1921,0.1921,0.1921,0.1921,
CIMS.CAN.MB.Residential.Dwellings.Clothes Washing,Service,MB,Residential,Clothes Washing,Steam,DIC_min,,,,,,-0.8017,-0.8017,-0.8017,-0.8017,-0.8017,-0.8017,-0.8017,-0.8017,-0.8017,-0.8017,-0.8017,
CIMS.CAN.MB.Residential.Dwellings.Minor Appliances,Service,MB,Residential,Minor Appliances,New 1W standby,DIC_initial,,,,,$,181.8656,181.8656,181.8656,181.8656,181.8656,181.8656,181.8656,181.8656,181.8656,181.8656,181.8656,
CIMS.CAN.MB.Residential.Dwellings.Minor Appliances,Service,MB,Residential,Minor Appliances,New 1W standby,DIC_slope,,,,,,9.8356,9.8356,9.8356,9.8356,9.8356,9.8356,9.8356,9.8356,9.8356,9.8356,9.8356,
CIMS.CAN.MB.Residential.Dwellings.Minor Appliances,Service,MB,Residential,Minor Appliances,New 1W standby,DIC_x50,,,,,,0.1921,0.1921,0.1921,0.1921,0.1921,0.1921,0.1921,0.1921,0.1921,0.1921,0.1921,
CIMS.CAN.MB.Residential.Dwellings.Minor Appliances,Service,MB,Residential,Minor Appliances,New 1W standby,DIC_min,,,,,,-0.2404,-0.2404,-0.2404,-0.2404,-0.2404,-0.2404,-0.2404,-0.2404,-0.2404,-0.2404,-0.2404,
CIMS.CAN.MB.Residential.Dwellings.Minor Appliances,Service,MB,Residential,Minor Appliances,New PV panels,DIC_initial,,,,,$,606.2198,606.2198,606.2198,606.2198,606.2198,606.2198,606.2198,606.2198,606.2198,606.2198,606.2198,
CIMS.CAN.MB.Residential.Dwellings.Minor Appliances,Service,MB,Residential,Minor Appliances,New PV panels,DIC_slope,,,,,,9.836,9.836,9.836,9.836,9.836,9.836,9.836,9.836,9.836,9.836,9.836,
CIMS.CAN.MB.Residential.Dwellings.Minor Appliances,Service,MB,Residential,Minor Appliances,New PV panels,DIC_x50,,,,,,0.1921,0.1921,0.1921,0.1921,0.1921,0.1921,0.1921,0.1921,0.1921,0.1921,0.1921,
CIMS.CAN.MB.Residential.Dwellings.Minor Appliances,Service,MB,Residential,Minor Appliances,New PV panels,DIC_min,,,,,,-0.8017,-0.8017,-0.8017,-0.8017,-0.8017,-0.8017,-0.8017,-0.8017,-0.8017,-0.8017,-0.8017,
CIMS.CAN.MB.Residential.Clothes Drying.Machine,Service,MB,Residential,Machine,Electric heat pump,DIC_initial,,,,,$,666.8475,666.8475,666.8475,666.8475,666.8475,666.8475,666.8475,666.8475,666.8475,666.8475,666.8475,
CIMS.CAN.MB.Residential.Clothes Drying.Machine,Service,MB,Residential,Machine,Electric heat pump,DIC_slope,,,,,,9.8345,9.8345,9.8345,9.8345,9.8345,9.8345,9.8345,9.8345,9.8345,9.8345,9.8345,
CIMS.CAN.MB.Residential.Clothes Drying.Machine,Service,MB,Residential,Machine,Electric heat pump,DIC_x50,,,,,,0.1921,0.1921,0.1921,0.1921,0.1921,0.1921,0.1921,0.1921,0.1921,0.1921,0.1921,
CIMS.CAN.MB.Residential.Clothes Drying.Machine,Service,MB,Residential,Machine,Electric heat pump,DIC_min,,,,,,-0.9123,-0.9123,-0.9123,-0.9123,-0.9123,-0.9123,-0.9123,-0.9123,-0.9123,-0.9123,-0.9123,
CIMS.CAN.MB.Residential.Clothes Drying.Machine,Service,MB,Residential,Machine,NG heat pump,DIC_initial,,,,,$,666.8475,666.8475,666.8475,666.8475,666.8475,666.8475,666.8475,666.8475,666.8475,666.8475,666.8475,
CIMS.CAN.MB.Residential.Clothes Drying.Machine,Service,MB,Residential,Machine,NG heat pump,DIC_slope,,,,,,9.8345,9.8345,9.8345,9.8345,9.8345,9.8345,9.8345,9.8345,9.8345,9.8345,9.8345,
CIMS.CAN.MB.Residential.Clothes Drying.Machine,Service,MB,Residential,Machine,NG heat pump,DIC_x50,,,,,,0.1921,0.1921,0.1921,0.1921,0.1921,0.1921,0.1921,0.1921,0.1921,0.1921,0.1921,
CIMS.CAN.MB.Residential.Clothes Drying.Machine,Service,MB,Residential,Machine,NG heat pump,DIC_min,,,,,,-0.9123,-0.9123,-0.9123,-0.9123,-0.9123,-0.9123,-0.9123,-0.9123,-0.9123,-0.9123,-0.9123,
CIMS.CAN.MB.Residential.Water Heating.LowMed Density,Service,MB,Residential,LowMed Density,Electric - ASHP,DIC_initial,,,,,$,363.7318,363.7318,363.7318,363.7318,363.7318,363.7318,363.7318,363.7318,363.7318,363.7318,363.7318,
CIMS.CAN.MB.Residential.Water Heating.LowMed Density,Service,MB,Residential,LowMed Density,Electric - ASHP,DIC_slope,,,,,,9.8361,9.8361,9.8361,9.8361,9.8361,9.8361,9.8361,9.8361,9.8361,9.8361,9.8361,
CIMS.CAN.MB.Residential.Water Heating.LowMed Density,Service,MB,Residential,LowMed Density,Electric - ASHP,DIC_x50,,,,,,0.1921,0.1921,0.1921,0.1921,0.1921,0.1921,0.1921,0.1921,0.1921,0.1921,0.1921,
CIMS.CAN.MB.Residential.Water Heating.LowMed Density,Service,MB,Residential,LowMed Density,Electric - ASHP,DIC_min,,,,,,-0.4809,-0.4809,-0.4809,-0.4809,-0.4809,-0.4809,-0.4809,-0.4809,-0.4809,-0.4809,-0.4809,
CIMS.CAN.MB.Residential.Water Heating.LowMed Density,Service,MB,Residential,LowMed Density,NG - Tankless - Standard,DIC_initial,,,,,$,363.7318,363.7318,363.7318,363.7318,363.7318,363.7318,363.7318,363.7318,363.7318,363.7318,363.7318,
CIMS.CAN.MB.Residential.Water Heating.LowMed Density,Service,MB,Residential,LowMed Density,NG - Tankless - Standard,DIC_slope,,,,,,9.8361,9.8361,9.8361,9.8361,9.8361,9.8361,9.8361,9.8361,9.8361,9.8361,9.8361,
CIMS.CAN.MB.Residential.Water Heating.LowMed Density,Service,MB,Residential,LowMed Density,NG - Tankless - Standard,DIC_x50,,,,,,0.1921,0.1921,0.1921,0.1921,0.1921,0.1921,0.1921,0.1921,0.1921,0.1921,0.1921,
CIMS.CAN.MB.Residential.Water Heating.LowMed Density,Service,MB,Residential,LowMed Density,NG - Tankless - Standard,DIC_min,,,,,,-0.4809,-0.4809,-0.4809,-0.4809,-0.4809,-0.4809,-0.4809,-0.4809,-0.4809,-0.4809,-0.4809,
CIMS.CAN.MB.Residential.Water Heating.High Density,Service,MB,Residential,High Density,NG - Storage - Standard,DIC_initial,,,,,$,3031.1247,3031.1247,3031.1247,3031.1247,3031.1247,3031.1247,3031.1247,3031.1247,3031.1247,3031.1247,3031.1247,
CIMS.CAN.MB.Residential.Water Heating.High Density,Service,MB,Residential,High Density,NG - Storage - Standard,DIC_slope,,,,,,9.8345,9.8345,9.8345,9.8345,9.8345,9.8345,9.8345,9.8345,9.8345,9.8345,9.8345,
CIMS.CAN.MB.Residential.Water Heating.High Density,Service,MB,Residential,High Density,NG - Storage - Standard,DIC_x50,,,,,,0.1921,0.1921,0.1921,0.1921,0.1921,0.1921,0.1921,0.1921,0.1921,0.1921,0.1921,
CIMS.CAN.MB.Residential.Water Heating.High Density,Service,MB,Residential,High Density,NG - Storage - Standard,DIC_min,,,,,,-4.0065,-4.0065,-4.0065,-4.0065,-4.0065,-4.0065,-4.0065,-4.0065,-4.0065,-4.0065,-4.0065,
CIMS.CAN.MB.Commercial.Buildings.Shell.Wholesale (Cold),Service,MB,Commercial,Wholesale (Cold),LEED Silver,DIC_initial,,,,,$,40,40,40,40,40,40,40,40,40,40,40,
CIMS.CAN.MB.Commercial.Buildings.Shell.Wholesale (Cold),Service,MB,Commercial,Wholesale (Cold),LEED Silver,DIC_slope,,,,,,5.4879,5.4879,5.4879,5.4879,5.4879,5.4879,5.4879,5.4879,5.4879,5.4879,5.4879,
CIMS.CAN.MB.Commercial.Buildings.Shell.Wholesale (Cold),Service,MB,Commercial,Wholesale (Cold),LEED Silver,DIC_x50,,,,,,0.1258,0.1258,0.1258,0.1258,0.1258,0.1258,0.1258,0.1258,0.1258,0.1258,0.1258,
CIMS.CAN.MB.Commercial.Buildings.Shell.Wholesale (Cold),Service,MB,Commercial,Wholesale (Cold),LEED Silver,DIC_min,,,,,,-0.1025,-0.1025,-0.1025,-0.1025,-0.1025,-0.1025,-0.1025,-0.1025,-0.1025,-0.1025,-0.1025,
CIMS.CAN.MB.Commercial.Buildings.Shell.Wholesale (Cold),Service,MB,Commercial,Wholesale (Cold),LEED Platinum,DIC_initial,,,,,$,60,60,60,60,60,60,60,60,60,60,60,
CIMS.CAN.MB.Commercial.Buildings.Shell.Wholesale (Cold),Service,MB,Commercial,Wholesale (Cold),LEED Platinum,DIC_slope,,,,,,5.4879,5.4879,5.4879,5.4879,5.4879,5.4879,5.4879,5.4879,5.4879,5.4879,5.4879,
CIMS.CAN.MB.Commercial.Buildings.Shell.Wholesale (Cold),Service,MB,Commercial,Wholesale (Cold),LEED Platinum,DIC_x50,,,,,,0.1258,0.1258,0.1258,0.1258,0.1258,0.1258,0.1258,0.1258,0.1258,0.1258,0.1258,
CIMS.CAN.MB.Commercial.Buildings.Shell.Wholesale (Cold),Service,MB,Commercial,Wholesale (Cold),LEED Platinum,DIC_min,,,,,,-0.1536,-0.1536,-0.1536,-0.1536,-0.1536,-0.1536,-0.1536,-0.1536,-0.1536,-0.1536,-0.1536,
CIMS.CAN.MB.Commercial.Buildings.Shell.Retail (Cold),Service,MB,Commercial,Retail (Cold),LEED Silver,DIC_initial,,,,,$,40,40,40,40,40,40,40,40,40,40,40,
CIMS.CAN.MB.Commercial.Buildings.Shell.Retail (Cold),Service,MB,Commercial,Retail (Cold),LEED Silver,DIC_slope,,,,,,5.4879,5.4879,5.4879,5.4879,5.4879,5.4879,5.4879,5.4879,5.4879,5.4879,5.4879,
CIMS.CAN.MB.Commercial.Buildings.Shell.Retail (Cold),Service,MB,Commercial,Retail (Cold),LEED Silver,DIC_x50,,,,,,0.1258,0.1258,0.1258,0.1258,0.1258,0.1258,0.1258,0.1258,0.1258,0.1258,0.1258,
CIMS.CAN.MB.Commercial.Buildings.Shell.Retail (Cold),Service,MB,Commercial,Retail (Cold),LEED Silver,DIC_min,,,,,,-0.1025,-0.1025,-0.1025,-0.1025,-0.1025,-0.1025,-0.1025,-0.1025,-0.1025,-0.1025,-0.1025,
CIMS.CAN.MB.Commercial.Buildings.Shell.Retail (Cold),Service,MB,Commercial,Retail (Cold),LEED Platinum,DIC_initial,,,,,$,60,60,60,60,60,60,60,60,60,60,60,
CIMS.CAN.MB.Commercial.Buildings.Shell.Retail (Cold),Service,MB,Commercial,Retail (Cold),LEED Platinum,DIC_slope,,,,,,5.4879,5.4879,5.4879,5.4879,5.4879,5.4879,5.4879,5.4879,5.4879,5.4879,5.4879,
CIMS.CAN.MB.Commercial.Buildings.Shell.Retail (Cold),Service,MB,Commercial,Retail (Cold),LEED Platinum,DIC_x50,,,,,,0.1258,0.1258,0.1258,0.1258,0.1258,0.1258,0.1258,0.1258,0.1258,0.1258,0.1258,
CIMS.CAN.MB.Commercial.Buildings.Shell.Retail (Cold),Service,MB,Commercial,Retail (Cold),LEED Platinum,DIC_min,,,,,,-0.1536,-0.1536,-0.1536,-0.1536,-0.1536,-0.1536,-0.1536,-0.1536,-0.1536,-0.1536,-0.1536,
CIMS.CAN.MB.Commercial.Buildings.Shell.Transportation and Warehousing (Cold),Service,MB,Commercial,Transportation and Warehousing (Cold),LEED Silver,DIC_initial,,,,,$,40,40,40,40,40,40,40,40,40,40,40,
CIMS.CAN.MB.Commercial.Buildings.Shell.Transportation and Warehousing (Cold),Service,MB,Commercial,Transportation and Warehousing (Cold),LEED Silver,DIC_slope,,,,,,5.4879,5.4879,5.4879,5.4879,5.4879,5.4879,5.4879,5.4879,5.4879,5.4879,5.4879,
CIMS.CAN.MB.Commercial.Buildings.Shell.Transportation and Warehousing (Cold),Service,MB,Commercial,Transportation and Warehousing (Cold),LEED Silver,DIC_x50,,,,,,0.1258,0.1258,0.1258,0.1258,0.1258,0.1258,0.1258,0.1258,0.1258,0.1258,0.1258,
CIMS.CAN.MB.Commercial.Buildings.Shell.Transportation and Warehousing (Cold),Service,MB,Commercial,Transportation and Warehousing (Cold),LEED Silver,DIC_min,,,,,,-0.1025,-0.1025,-0.1025,-0.1025,-0.1025,-0.1025,-0.1025,-0.1025,-0.1025,-0.1025,-0.1025,
CIMS.CAN.MB.Commercial.Buildings.Shell.Transportation and Warehousing (Cold),Service,MB,Commercial,Transportation and Warehousing (Cold),LEED Platinum,DIC_initial,,,,,$,60,60,60,60,60,60,60,60,60,60,60,
CIMS.CAN.MB.Commercial.Buildings.Shell.Transportation and Warehousing (Cold),Service,MB,Commercial,Transportation and Warehousing (Cold),LEED Platinum,DIC_slope,,,,,,5.4879,5.4879,5.4879,5.4879,5.4879,5.4879,5.4879,5.4879,5.4879,5.4879,5.4879,
CIMS.CAN.MB.Commercial.Buildings.Shell.Transportation and Warehousing (Cold),Service,MB,Commercial,Transportation and Warehousing (Cold),LEED Platinum,DIC_x50,,,,,,0.1258,0.1258,0.1258,0.1258,0.1258,0.1258,0.1258,0.1258,0.1258,0.1258,0.1258,
CIMS.CAN.MB.Commercial.Buildings.Shell.Transportation and Warehousing (Cold),Service,MB,Commercial,Transportation and Warehousing (Cold),LEED Platinum,DIC_min,,,,,,-0.1536,-0.1536,-0.1536,-0.1536,-0.1536,-0.1536,-0.1536,-0.1536,-0.1536,-0.1536,-0.1536,
CIMS.CAN.MB.Commercial.Buildings.Shell.Information and Cultural (Cold),Service,MB,Commercial,Information and Cultural (Cold),LEED Silver,DIC_initial,,,,,$,40,40,40,40,40,40,40,40,40,40,40,
CIMS.CAN.MB.Commercial.Buildings.Shell.Information and Cultural (Cold),Service,MB,Commercial,Information and Cultural (Cold),LEED Silver,DIC_slope,,,,,,5.4879,5.4879,5.4879,5.4879,5.4879,5.4879,5.4879,5.4879,5.4879,5.4879,5.4879,
CIMS.CAN.MB.Commercial.Buildings.Shell.Information and Cultural (Cold),Service,MB,Commercial,Information and Cultural (Cold),LEED Silver,DIC_x50,,,,,,0.1258,0.1258,0.1258,0.1258,0.1258,0.1258,0.1258,0.1258,0.1258,0.1258,0.1258,
CIMS.CAN.MB.Commercial.Buildings.Shell.Information and Cultural (Cold),Service,MB,Commercial,Information and Cultural (Cold),LEED Silver,DIC_min,,,,,,-0.1025,-0.1025,-0.1025,-0.1025,-0.1025,-0.1025,-0.1025,-0.1025,-0.1025,-0.1025,-0.1025,
CIMS.CAN.MB.Commercial.Buildings.Shell.Information and Cultural (Cold),Service,MB,Commercial,Information and Cultural (Cold),LEED Platinum,DIC_initial,,,,,$,60,60,60,60,60,60,60,60,60,60,60,
CIMS.CAN.MB.Commercial.Buildings.Shell.Information and Cultural (Cold),Service,MB,Commercial,Information and Cultural (Cold),LEED Platinum,DIC_slope,,,,,,5.4879,5.4879,5.4879,5.4879,5.4879,5.4879,5.4879,5.4879,5.4879,5.4879,5.4879,
CIMS.CAN.MB.Commercial.Buildings.Shell.Information and Cultural (Cold),Service,MB,Commercial,Information and Cultural (Cold),LEED Platinum,DIC_x50,,,,,,0.1258,0.1258,0.1258,0.1258,0.1258,0.1258,0.1258,0.1258,0.1258,0.1258,0.1258,
CIMS.CAN.MB.Commercial.Buildings.Shell.Information and Cultural (Cold),Service,MB,Commercial,Information and Cultural (Cold),LEED Platinum,DIC_min,,,,,,-0.1536,-0.1536,-0.1536,-0.1536,-0.1536,-0.1536,-0.1536,-0.1536,-0.1536,-0.1536,-0.1536,
CIMS.CAN.MB.Commercial.Buildings.Shell.Offices (Cold),Service,MB,Commercial,Offices (Cold),LEED Silver,DIC_initial,,,,,$,40,40,40,40,40,40,40,40,40,40,40,
CIMS.CAN.MB.Commercial.Buildings.Shell.Offices (Cold),Service,MB,Commercial,Offices (Cold),LEED Silver,DIC_slope,,,,,,5.4879,5.4879,5.4879,5.4879,5.4879,5.4879,5.4879,5.4879,5.4879,5.4879,5.4879,
CIMS.CAN.MB.Commercial.Buildings.Shell.Offices (Cold),Service,MB,Commercial,Offices (Cold),LEED Silver,DIC_x50,,,,,,0.1258,0.1258,0.1258,0.1258,0.1258,0.1258,0.1258,0.1258,0.1258,0.1258,0.1258,
CIMS.CAN.MB.Commercial.Buildings.Shell.Offices (Cold),Service,MB,Commercial,Offices (Cold),LEED Silver,DIC_min,,,,,,-0.1025,-0.1025,-0.1025,-0.1025,-0.1025,-0.1025,-0.1025,-0.1025,-0.1025,-0.1025,-0.1025,
CIMS.CAN.MB.Commercial.Buildings.Shell.Offices (Cold),Service,MB,Commercial,Offices (Cold),LEED Platinum,DIC_initial,,,,,$,60,60,60,60,60,60,60,60,60,60,60,
CIMS.CAN.MB.Commercial.Buildings.Shell.Offices (Cold),Service,MB,Commercial,Offices (Cold),LEED Platinum,DIC_slope,,,,,,5.4879,5.4879,5.4879,5.4879,5.4879,5.4879,5.4879,5.4879,5.4879,5.4879,5.4879,
CIMS.CAN.MB.Commercial.Buildings.Shell.Offices (Cold),Service,MB,Commercial,Offices (Cold),LEED Platinum,DIC_x50,,,,,,0.1258,0.1258,0.1258,0.1258,0.1258,0.1258,0.1258,0.1258,0.1258,0.1258,0.1258,
CIMS.CAN.MB.Commercial.Buildings.Shell.Offices (Cold),Service,MB,Commercial,Offices (Cold),LEED Platinum,DIC_min,,,,,,-0.1536,-0.1536,-0.1536,-0.1536,-0.1536,-0.1536,-0.1536,-0.1536,-0.1536,-0.1536,-0.1536,
CIMS.CAN.MB.Commercial.Buildings.Shell.Educational (Cold),Service,MB,Commercial,Educational (Cold),LEED Silver,DIC_initial,,,,,$,40,40,40,40,40,40,40,40,40,40,40,
CIMS.CAN.MB.Commercial.Buildings.Shell.Educational (Cold),Service,MB,Commercial,Educational (Cold),LEED Silver,DIC_slope,,,,,,5.4879,5.4879,5.4879,5.4879,5.4879,5.4879,5.4879,5.4879,5.4879,5.4879,5.4879,
CIMS.CAN.MB.Commercial.Buildings.Shell.Educational (Cold),Service,MB,Commercial,Educational (Cold),LEED Silver,DIC_x50,,,,,,0.1258,0.1258,0.1258,0.1258,0.1258,0.1258,0.1258,0.1258,0.1258,0.1258,0.1258,
CIMS.CAN.MB.Commercial.Buildings.Shell.Educational (Cold),Service,MB,Commercial,Educational (Cold),LEED Silver,DIC_min,,,,,,-0.1025,-0.1025,-0.1025,-0.1025,-0.1025,-0.1025,-0.1025,-0.1025,-0.1025,-0.1025,-0.1025,
CIMS.CAN.MB.Commercial.Buildings.Shell.Educational (Cold),Service,MB,Commercial,Educational (Cold),LEED Platinum,DIC_initial,,,,,$,60,60,60,60,60,60,60,60,60,60,60,
CIMS.CAN.MB.Commercial.Buildings.Shell.Educational (Cold),Service,MB,Commercial,Educational (Cold),LEED Platinum,DIC_slope,,,,,,5.4879,5.4879,5.4879,5.4879,5.4879,5.4879,5.4879,5.4879,5.4879,5.4879,5.4879,
CIMS.CAN.MB.Commercial.Buildings.Shell.Educational (Cold),Service,MB,Commercial,Educational (Cold),LEED Platinum,DIC_x50,,,,,,0.1258,0.1258,0.1258,0.1258,0.1258,0.1258,0.1258,0.1258,0.1258,0.1258,0.1258,
CIMS.CAN.MB.Commercial.Buildings.Shell.Educational (Cold),Service,MB,Commercial,Educational (Cold),LEED Platinum,DIC_min,,,,,,-0.1536,-0.1536,-0.1536,-0.1536,-0.1536,-0.1536,-0.1536,-0.1536,-0.1536,-0.1536,-0.1536,
CIMS.CAN.MB.Commercial.Buildings.Shell.Healthcare and Social Assistance (Cold),Service,MB,Commercial,Healthcare and Social Assistance (Cold),LEED Silver,DIC_initial,,,,,$,40,40,40,40,40,40,40,40,40,40,40,
CIMS.CAN.MB.Commercial.Buildings.Shell.Healthcare and Social Assistance (Cold),Service,MB,Commercial,Healthcare and Social Assistance (Cold),LEED Silver,DIC_slope,,,,,,5.4879,5.4879,5.4879,5.4879,5.4879,5.4879,5.4879,5.4879,5.4879,5.4879,5.4879,
CIMS.CAN.MB.Commercial.Buildings.Shell.Healthcare and Social Assistance (Cold),Service,MB,Commercial,Healthcare and Social Assistance (Cold),LEED Silver,DIC_x50,,,,,,0.1258,0.1258,0.1258,0.1258,0.1258,0.1258,0.1258,0.1258,0.1258,0.1258,0.1258,
CIMS.CAN.MB.Commercial.Buildings.Shell.Healthcare and Social Assistance (Cold),Service,MB,Commercial,Healthcare and Social Assistance (Cold),LEED Silver,DIC_min,,,,,,-0.1025,-0.1025,-0.1025,-0.1025,-0.1025,-0.1025,-0.1025,-0.1025,-0.1025,-0.1025,-0.1025,
CIMS.CAN.MB.Commercial.Buildings.Shell.Healthcare and Social Assistance (Cold),Service,MB,Commercial,Healthcare and Social Assistance (Cold),LEED Platinum,DIC_initial,,,,,$,60,60,60,60,60,60,60,60,60,60,60,
CIMS.CAN.MB.Commercial.Buildings.Shell.Healthcare and Social Assistance (Cold),Service,MB,Commercial,Healthcare and Social Assistance (Cold),LEED Platinum,DIC_slope,,,,,,5.4879,5.4879,5.4879,5.4879,5.4879,5.4879,5.4879,5.4879,5.4879,5.4879,5.4879,
CIMS.CAN.MB.Commercial.Buildings.Shell.Healthcare and Social Assistance (Cold),Service,MB,Commercial,Healthcare and Social Assistance (Cold),LEED Platinum,DIC_x50,,,,,,0.1258,0.1258,0.1258,0.1258,0.1258,0.1258,0.1258,0.1258,0.1258,0.1258,0.1258,
CIMS.CAN.MB.Commercial.Buildings.Shell.Healthcare and Social Assistance (Cold),Service,MB,Commercial,Healthcare and Social Assistance (Cold),LEED Platinum,DIC_min,,,,,,-0.1536,-0.1536,-0.1536,-0.1536,-0.1536,-0.1536,-0.1536,-0.1536,-0.1536,-0.1536,-0.1536,
CIMS.CAN.MB.Commercial.Buildings.Shell.Arts Entertainment and Recreation (Cold),Service,MB,Commercial,Arts Entertainment and Recreation (Cold),LEED Silver,DIC_initial,,,,,$,40,40,40,40,40,40,40,40,40,40,40,
CIMS.CAN.MB.Commercial.Buildings.Shell.Arts Entertainment and Recreation (Cold),Service,MB,Commercial,Arts Entertainment and Recreation (Cold),LEED Silver,DIC_slope,,,,,,5.4879,5.4879,5.4879,5.4879,5.4879,5.4879,5.4879,5.4879,5.4879,5.4879,5.4879,
CIMS.CAN.MB.Commercial.Buildings.Shell.Arts Entertainment and Recreation (Cold),Service,MB,Commercial,Arts Entertainment and Recreation (Cold),LEED Silver,DIC_x50,,,,,,0.1258,0.1258,0.1258,0.1258,0.1258,0.1258,0.1258,0.1258,0.1258,0.1258,0.1258,
CIMS.CAN.MB.Commercial.Buildings.Shell.Arts Entertainment and Recreation (Cold),Service,MB,Commercial,Arts Entertainment and Recreation (Cold),LEED Silver,DIC_min,,,,,,-0.1025,-0.1025,-0.1025,-0.1025,-0.1025,-0.1025,-0.1025,-0.1025,-0.1025,-0.1025,-0.1025,
CIMS.CAN.MB.Commercial.Buildings.Shell.Arts Entertainment and Recreation (Cold),Service,MB,Commercial,Arts Entertainment and Recreation (Cold),LEED Platinum,DIC_initial,,,,,$,60,60,60,60,60,60,60,60,60,60,60,
CIMS.CAN.MB.Commercial.Buildings.Shell.Arts Entertainment and Recreation (Cold),Service,MB,Commercial,Arts Entertainment and Recreation (Cold),LEED Platinum,DIC_slope,,,,,,5.4879,5.4879,5.4879,5.4879,5.4879,5.4879,5.4879,5.4879,5.4879,5.4879,5.4879,
CIMS.CAN.MB.Commercial.Buildings.Shell.Arts Entertainment and Recreation (Cold),Service,MB,Commercial,Arts Entertainment and Recreation (Cold),LEED Platinum,DIC_x50,,,,,,0.1258,0.1258,0.1258,0.1258,0.1258,0.1258,0.1258,0.1258,0.1258,0.1258,0.1258,
CIMS.CAN.MB.Commercial.Buildings.Shell.Arts Entertainment and Recreation (Cold),Service,MB,Commercial,Arts Entertainment and Recreation (Cold),LEED Platinum,DIC_min,,,,,,-0.1536,-0.1536,-0.1536,-0.1536,-0.1536,-0.1536,-0.1536,-0.1536,-0.1536,-0.1536,-0.1536,
CIMS.CAN.MB.Commercial.Buildings.Shell.Accommodation and Food services (Cold),Service,MB,Commercial,Accommodation and Food services (Cold),LEED Silver,DIC_initial,,,,,$,40,40,40,40,40,40,40,40,40,40,40,
CIMS.CAN.MB.Commercial.Buildings.Shell.Accommodation and Food services (Cold),Service,MB,Commercial,Accommodation and Food services (Cold),LEED Silver,DIC_slope,,,,,,5.4879,5.4879,5.4879,5.4879,5.4879,5.4879,5.4879,5.4879,5.4879,5.4879,5.4879,
CIMS.CAN.MB.Commercial.Buildings.Shell.Accommodation and Food services (Cold),Service,MB,Commercial,Accommodation and Food services (Cold),LEED Silver,DIC_x50,,,,,,0.1258,0.1258,0.1258,0.1258,0.1258,0.1258,0.1258,0.1258,0.1258,0.1258,0.1258,
CIMS.CAN.MB.Commercial.Buildings.Shell.Accommodation and Food services (Cold),Service,MB,Commercial,Accommodation and Food services (Cold),LEED Silver,DIC_min,,,,,,-0.1025,-0.1025,-0.1025,-0.1025,-0.1025,-0.1025,-0.1025,-0.1025,-0.1025,-0.1025,-0.1025,
CIMS.CAN.MB.Commercial.Buildings.Shell.Accommodation and Food services (Cold),Service,MB,Commercial,Accommodation and Food services (Cold),LEED Platinum,DIC_initial,,,,,$,60,60,60,60,60,60,60,60,60,60,60,
CIMS.CAN.MB.Commercial.Buildings.Shell.Accommodation and Food services (Cold),Service,MB,Commercial,Accommodation and Food services (Cold),LEED Platinum,DIC_slope,,,,,,5.4879,5.4879,5.4879,5.4879,5.4879,5.4879,5.4879,5.4879,5.4879,5.4879,5.4879,
CIMS.CAN.MB.Commercial.Buildings.Shell.Accommodation and Food services (Cold),Service,MB,Commercial,Accommodation and Food services (Cold),LEED Platinum,DIC_x50,,,,,,0.1258,0.1258,0.1258,0.1258,0.1258,0.1258,0.1258,0.1258,0.1258,0.1258,0.1258,
CIMS.CAN.MB.Commercial.Buildings.Shell.Accommodation and Food services (Cold),Service,MB,Commercial,Accommodation and Food services (Cold),LEED Platinum,DIC_min,,,,,,-0.1536,-0.1536,-0.1536,-0.1536,-0.1536,-0.1536,-0.1536,-0.1536,-0.1536,-0.1536,-0.1536,
CIMS.CAN.MB.Commercial.Buildings.Shell.Other Services (Cold),Service,MB,Commercial,Other Services (Cold),LEED Silver,DIC_initial,,,,,$,40,40,40,40,40,40,40,40,40,40,40,
CIMS.CAN.MB.Commercial.Buildings.Shell.Other Services (Cold),Service,MB,Commercial,Other Services (Cold),LEED Silver,DIC_slope,,,,,,5.4879,5.4879,5.4879,5.4879,5.4879,5.4879,5.4879,5.4879,5.4879,5.4879,5.4879,
CIMS.CAN.MB.Commercial.Buildings.Shell.Other Services (Cold),Service,MB,Commercial,Other Services (Cold),LEED Silver,DIC_x50,,,,,,0.1258,0.1258,0.1258,0.1258,0.1258,0.1258,0.1258,0.1258,0.1258,0.1258,0.1258,
CIMS.CAN.MB.Commercial.Buildings.Shell.Other Services (Cold),Service,MB,Commercial,Other Services (Cold),LEED Silver,DIC_min,,,,,,-0.1025,-0.1025,-0.1025,-0.1025,-0.1025,-0.1025,-0.1025,-0.1025,-0.1025,-0.1025,-0.1025,
CIMS.CAN.MB.Commercial.Buildings.Shell.Other Services (Cold),Service,MB,Commercial,Other Services (Cold),LEED Platinum,DIC_initial,,,,,$,60,60,60,60,60,60,60,60,60,60,60,
CIMS.CAN.MB.Commercial.Buildings.Shell.Other Services (Cold),Service,MB,Commercial,Other Services (Cold),LEED Platinum,DIC_slope,,,,,,5.4879,5.4879,5.4879,5.4879,5.4879,5.4879,5.4879,5.4879,5.4879,5.4879,5.4879,
CIMS.CAN.MB.Commercial.Buildings.Shell.Other Services (Cold),Service,MB,Commercial,Other Services (Cold),LEED Platinum,DIC_x50,,,,,,0.1258,0.1258,0.1258,0.1258,0.1258,0.1258,0.1258,0.1258,0.1258,0.1258,0.1258,
CIMS.CAN.MB.Commercial.Buildings.Shell.Other Services (Cold),Service,MB,Commercial,Other Services (Cold),LEED Platinum,DIC_min,,,,,,-0.1536,-0.1536,-0.1536,-0.1536,-0.1536,-0.1536,-0.1536,-0.1536,-0.1536,-0.1536,-0.1536,
CIMS.CAN.MB.Commercial.HVAC (Cold),Service,MB,Commercial,HVAC (Cold),Electric - GSHP,DIC_initial,,,,,$,21.5038,21.5038,21.5038,21.5038,21.5038,21.5038,21.5038,21.5038,21.5038,21.5038,21.5038,
CIMS.CAN.MB.Commercial.HVAC (Cold),Service,MB,Commercial,HVAC (Cold),Electric - GSHP,DIC_slope,,,,,,5.488,5.488,5.488,5.488,5.488,5.488,5.488,5.488,5.488,5.488,5.488,
CIMS.CAN.MB.Commercial.HVAC (Cold),Service,MB,Commercial,HVAC (Cold),Electric - GSHP,DIC_x50,,,,,,0.1258,0.1258,0.1258,0.1258,0.1258,0.1258,0.1258,0.1258,0.1258,0.1258,0.1258,
CIMS.CAN.MB.Commercial.HVAC (Cold),Service,MB,Commercial,HVAC (Cold),Electric - GSHP,DIC_min,,,,,,-0.057,-0.057,-0.057,-0.057,-0.057,-0.057,-0.057,-0.057,-0.057,-0.057,-0.057,
CIMS.CAN.MB.Transportation Personal.Mode.Intercity Air,Service,MB,Transportation Personal,Intercity Air,Air Intercity Efficient,DIC_initial,,,,,$,82543146.43,82543146.43,82543146.43,82543146.43,82543146.43,82543146.43,82543146.43,82543146.43,82543146.43,82543146.43,82543146.43,
CIMS.CAN.MB.Transportation Personal.Mode.Intercity Air,Service,MB,Transportation Personal,Intercity Air,Air Intercity Efficient,DIC_slope,,,,,,5.5006,5.5006,5.5006,5.5006,5.5006,5.5006,5.5006,5.5006,5.5006,5.5006,5.5006,
CIMS.CAN.MB.Transportation Personal.Mode.Intercity Air,Service,MB,Transportation Personal,Intercity Air,Air Intercity Efficient,DIC_x50,,,,,,0.1006,0.1006,0.1006,0.1006,0.1006,0.1006,0.1006,0.1006,0.1006,0.1006,0.1006,
CIMS.CAN.MB.Transportation Personal.Mode.Intercity Air,Service,MB,Transportation Personal,Intercity Air,Air Intercity Efficient,DIC_min,,,,,,-164457.9974,-164457.9974,-164457.9974,-164457.9974,-164457.9974,-164457.9974,-164457.9974,-164457.9974,-164457.9974,-164457.9974,-164457.9974,
CIMS.CAN.MB.Transportation Personal.Mode.Intercity Air,Service,MB,Transportation Personal,Intercity Air,Air Intercity Electric,DIC_initial,,,,,$,66034482.86,66034482.86,66034482.86,66034482.86,66034482.86,66034482.86,66034482.86,66034482.86,66034482.86,66034482.86,66034482.86,
CIMS.CAN.MB.Transportation Personal.Mode.Intercity Air,Service,MB,Transportation Personal,Intercity Air,Air Intercity Electric,DIC_slope,,,,,,5.5009,5.5009,5.5009,5.5009,5.5009,5.5009,5.5009,5.5009,5.5009,5.5009,5.5009,
CIMS.CAN.MB.Transportation Personal.Mode.Intercity Air,Service,MB,Transportation Personal,Intercity Air,Air Intercity Electric,DIC_x50,,,,,,0.1006,0.1006,0.1006,0.1006,0.1006,0.1006,0.1006,0.1006,0.1006,0.1006,0.1006,
CIMS.CAN.MB.Transportation Personal.Mode.Intercity Air,Service,MB,Transportation Personal,Intercity Air,Air Intercity Electric,DIC_min,,,,,,-130766.348,-130766.348,-130766.348,-130766.348,-130766.348,-130766.348,-130766.348,-130766.348,-130766.348,-130766.348,-130766.348,
CIMS.CAN.MB.Transportation Personal.Mode.Intercity Air,Service,MB,Transportation Personal,Intercity Air,Air Intercity Hydrogen,DIC_initial,,,,,$,82543146.43,82543146.43,82543146.43,82543146.43,82543146.43,82543146.43,82543146.43,82543146.43,82543146.43,82543146.43,82543146.43,
CIMS.CAN.MB.Transportation Personal.Mode.Intercity Air,Service,MB,Transportation Personal,Intercity Air,Air Intercity Hydrogen,DIC_slope,,,,,,5.5006,5.5006,5.5006,5.5006,5.5006,5.5006,5.5006,5.5006,5.5006,5.5006,5.5006,
CIMS.CAN.MB.Transportation Personal.Mode.Intercity Air,Service,MB,Transportation Personal,Intercity Air,Air Intercity Hydrogen,DIC_x50,,,,,,0.1006,0.1006,0.1006,0.1006,0.1006,0.1006,0.1006,0.1006,0.1006,0.1006,0.1006,
CIMS.CAN.MB.Transportation Personal.Mode.Intercity Air,Service,MB,Transportation Personal,Intercity Air,Air Intercity Hydrogen,DIC_min,,,,,,-164457.9974,-164457.9974,-164457.9974,-164457.9974,-164457.9974,-164457.9974,-164457.9974,-164457.9974,-164457.9974,-164457.9974,-164457.9974,
CIMS.CAN.MB.Transportation Personal.Transit.Public Bus,Service,MB,Transportation Personal,Public Bus,Bus Urban Hybrid,DIC_initial,,,,,$,180081.1989,180081.1989,180081.1989,180081.1989,180081.1989,180081.1989,180081.1989,180081.1989,180081.1989,180081.1989,180081.1989,
CIMS.CAN.MB.Transportation Personal.Transit.Public Bus,Service,MB,Transportation Personal,Public Bus,Bus Urban Hybrid,DIC_slope,,,,,,5.9452,5.9452,5.9452,5.9452,5.9452,5.9452,5.9452,5.9452,5.9452,5.9452,5.9452,
CIMS.CAN.MB.Transportation Personal.Transit.Public Bus,Service,MB,Transportation Personal,Public Bus,Bus Urban Hybrid,DIC_x50,,,,,,0.0847,0.0847,0.0847,0.0847,0.0847,0.0847,0.0847,0.0847,0.0847,0.0847,0.0847,
CIMS.CAN.MB.Transportation Personal.Transit.Public Bus,Service,MB,Transportation Personal,Public Bus,Bus Urban Hybrid,DIC_min,,,,,,0,0,0,0,0,0,0,0,0,0,0,
CIMS.CAN.MB.Transportation Personal.Transit.Public Bus,Service,MB,Transportation Personal,Public Bus,Bus Urban Hybrid Biodiesel,DIC_initial,,,,,$,180081.1989,180081.1989,180081.1989,180081.1989,180081.1989,180081.1989,180081.1989,180081.1989,180081.1989,180081.1989,180081.1989,
CIMS.CAN.MB.Transportation Personal.Transit.Public Bus,Service,MB,Transportation Personal,Public Bus,Bus Urban Hybrid Biodiesel,DIC_slope,,,,,,5.9452,5.9452,5.9452,5.9452,5.9452,5.9452,5.9452,5.9452,5.9452,5.9452,5.9452,
CIMS.CAN.MB.Transportation Personal.Transit.Public Bus,Service,MB,Transportation Personal,Public Bus,Bus Urban Hybrid Biodiesel,DIC_x50,,,,,,0.0847,0.0847,0.0847,0.0847,0.0847,0.0847,0.0847,0.0847,0.0847,0.0847,0.0847,
CIMS.CAN.MB.Transportation Personal.Transit.Public Bus,Service,MB,Transportation Personal,Public Bus,Bus Urban Hybrid Biodiesel,DIC_min,,,,,,0,0,0,0,0,0,0,0,0,0,0,
CIMS.CAN.MB.Transportation Personal.Transit.Public Bus,Service,MB,Transportation Personal,Public Bus,Bus Urban Hydrogen,DIC_initial,,,,,$,180081.1989,180081.1989,180081.1989,180081.1989,180081.1989,180081.1989,180081.1989,180081.1989,180081.1989,180081.1989,180081.1989,
CIMS.CAN.MB.Transportation Personal.Transit.Public Bus,Service,MB,Transportation Personal,Public Bus,Bus Urban Hydrogen,DIC_slope,,,,,,5.9452,5.9452,5.9452,5.9452,5.9452,5.9452,5.9452,5.9452,5.9452,5.9452,5.9452,
CIMS.CAN.MB.Transportation Personal.Transit.Public Bus,Service,MB,Transportation Personal,Public Bus,Bus Urban Hydrogen,DIC_x50,,,,,,0.0847,0.0847,0.0847,0.0847,0.0847,0.0847,0.0847,0.0847,0.0847,0.0847,0.0847,
CIMS.CAN.MB.Transportation Personal.Transit.Public Bus,Service,MB,Transportation Personal,Public Bus,Bus Urban Hydrogen,DIC_min,,,,,,0,0,0,0,0,0,0,0,0,0,0,
CIMS.CAN.MB.Transportation Personal.Intercity Bus,Service,MB,Transportation Personal,Intercity Bus,Bus Intercity Hybrid Biodiesel,DIC_initial,,,,,$,356162.0891,356162.0891,356162.0891,356162.0891,356162.0891,356162.0891,356162.0891,356162.0891,356162.0891,356162.0891,356162.0891,
CIMS.CAN.MB.Transportation Personal.Intercity Bus,Service,MB,Transportation Personal,Intercity Bus,Bus Intercity Hybrid Biodiesel,DIC_slope,,,,,,5.9452,5.9452,5.9452,5.9452,5.9452,5.9452,5.9452,5.9452,5.9452,5.9452,5.9452,
CIMS.CAN.MB.Transportation Personal.Intercity Bus,Service,MB,Transportation Personal,Intercity Bus,Bus Intercity Hybrid Biodiesel,DIC_x50,,,,,,0.0847,0.0847,0.0847,0.0847,0.0847,0.0847,0.0847,0.0847,0.0847,0.0847,0.0847,
CIMS.CAN.MB.Transportation Personal.Intercity Bus,Service,MB,Transportation Personal,Intercity Bus,Bus Intercity Hybrid Biodiesel,DIC_min,,,,,,-484.5431,-484.5431,-484.5431,-484.5431,-484.5431,-484.5431,-484.5431,-484.5431,-484.5431,-484.5431,-484.5431,
CIMS.CAN.MB.Transportation Personal.Intercity Bus,Service,MB,Transportation Personal,Intercity Bus,Bus Intercity Hydrogen,DIC_initial,,,,,$,474885.8888,474885.8888,474885.8888,474885.8888,474885.8888,474885.8888,474885.8888,474885.8888,474885.8888,474885.8888,474885.8888,
CIMS.CAN.MB.Transportation Personal.Intercity Bus,Service,MB,Transportation Personal,Intercity Bus,Bus Intercity Hydrogen,DIC_slope,,,,,,5.945,5.945,5.945,5.945,5.945,5.945,5.945,5.945,5.945,5.945,5.945,
CIMS.CAN.MB.Transportation Personal.Intercity Bus,Service,MB,Transportation Personal,Intercity Bus,Bus Intercity Hydrogen,DIC_x50,,,,,,0.0847,0.0847,0.0847,0.0847,0.0847,0.0847,0.0847,0.0847,0.0847,0.0847,0.0847,
CIMS.CAN.MB.Transportation Personal.Intercity Bus,Service,MB,Transportation Personal,Intercity Bus,Bus Intercity Hydrogen,DIC_min,,,,,,-641.8877,-641.8877,-641.8877,-641.8877,-641.8877,-641.8877,-641.8877,-641.8877,-641.8877,-641.8877,-641.8877,
CIMS.CAN.MB.Transportation Personal.Intercity Rail,Service,MB,Transportation Personal,Intercity Rail,Rail Intercity Diesel Efficient,DIC_initial,,,,,$,118717.5057,118717.5057,118717.5057,118717.5057,118717.5057,118717.5057,118717.5057,118717.5057,118717.5057,118717.5057,118717.5057,
CIMS.CAN.MB.Transportation Personal.Intercity Rail,Service,MB,Transportation Personal,Intercity Rail,Rail Intercity Diesel Efficient,DIC_slope,,,,,,5.9458,5.9458,5.9458,5.9458,5.9458,5.9458,5.9458,5.9458,5.9458,5.9458,5.9458,
CIMS.CAN.MB.Transportation Personal.Intercity Rail,Service,MB,Transportation Personal,Intercity Rail,Rail Intercity Diesel Efficient,DIC_x50,,,,,,0.0847,0.0847,0.0847,0.0847,0.0847,0.0847,0.0847,0.0847,0.0847,0.0847,0.0847,
CIMS.CAN.MB.Transportation Personal.Intercity Rail,Service,MB,Transportation Personal,Intercity Rail,Rail Intercity Diesel Efficient,DIC_min,,,,,,-161.1675,-161.1675,-161.1675,-161.1675,-161.1675,-161.1675,-161.1675,-161.1675,-161.1675,-161.1675,-161.1675,
CIMS.CAN.MB.Transportation Personal.Intercity Rail,Service,MB,Transportation Personal,Intercity Rail,Rail Intercity Hybrid Biodiesel,DIC_initial,,,,,$,118717.5057,118717.5057,118717.5057,118717.5057,118717.5057,118717.5057,118717.5057,118717.5057,118717.5057,118717.5057,118717.5057,
CIMS.CAN.MB.Transportation Personal.Intercity Rail,Service,MB,Transportation Personal,Intercity Rail,Rail Intercity Hybrid Biodiesel,DIC_slope,,,,,,5.9458,5.9458,5.9458,5.9458,5.9458,5.9458,5.9458,5.9458,5.9458,5.9458,5.9458,
CIMS.CAN.MB.Transportation Personal.Intercity Rail,Service,MB,Transportation Personal,Intercity Rail,Rail Intercity Hybrid Biodiesel,DIC_x50,,,,,,0.0847,0.0847,0.0847,0.0847,0.0847,0.0847,0.0847,0.0847,0.0847,0.0847,0.0847,
CIMS.CAN.MB.Transportation Personal.Intercity Rail,Service,MB,Transportation Personal,Intercity Rail,Rail Intercity Hybrid Biodiesel,DIC_min,,,,,,-161.1675,-161.1675,-161.1675,-161.1675,-161.1675,-161.1675,-161.1675,-161.1675,-161.1675,-161.1675,-161.1675,
CIMS.CAN.MB.Transportation Personal.Intercity Rail,Service,MB,Transportation Personal,Intercity Rail,Rail Intercity Hydrogen,DIC_initial,,,,,$,356162.0891,356162.0891,356162.0891,356162.0891,356162.0891,356162.0891,356162.0891,356162.0891,356162.0891,356162.0891,356162.0891,
CIMS.CAN.MB.Transportation Personal.Intercity Rail,Service,MB,Transportation Personal,Intercity Rail,Rail Intercity Hydrogen,DIC_slope,,,,,,5.9452,5.9452,5.9452,5.9452,5.9452,5.9452,5.9452,5.9452,5.9452,5.9452,5.9452,
CIMS.CAN.MB.Transportation Personal.Intercity Rail,Service,MB,Transportation Personal,Intercity Rail,Rail Intercity Hydrogen,DIC_x50,,,,,,0.0847,0.0847,0.0847,0.0847,0.0847,0.0847,0.0847,0.0847,0.0847,0.0847,0.0847,
CIMS.CAN.MB.Transportation Personal.Intercity Rail,Service,MB,Transportation Personal,Intercity Rail,Rail Intercity Hydrogen,DIC_min,,,,,,-484.5431,-484.5431,-484.5431,-484.5431,-484.5431,-484.5431,-484.5431,-484.5431,-484.5431,-484.5431,-484.5431,
CIMS.CAN.MB.Transportation Personal.Intercity Rail,Service,MB,Transportation Personal,Intercity Rail,Rail Intercity Electric,DIC_initial,,,,,$,356162.0891,356162.0891,356162.0891,356162.0891,356162.0891,356162.0891,356162.0891,356162.0891,356162.0891,356162.0891,356162.0891,
CIMS.CAN.MB.Transportation Personal.Intercity Rail,Service,MB,Transportation Personal,Intercity Rail,Rail Intercity Electric,DIC_slope,,,,,,5.9452,5.9452,5.9452,5.9452,5.9452,5.9452,5.9452,5.9452,5.9452,5.9452,5.9452,
CIMS.CAN.MB.Transportation Personal.Intercity Rail,Service,MB,Transportation Personal,Intercity Rail,Rail Intercity Electric,DIC_x50,,,,,,0.0847,0.0847,0.0847,0.0847,0.0847,0.0847,0.0847,0.0847,0.0847,0.0847,0.0847,
CIMS.CAN.MB.Transportation Personal.Intercity Rail,Service,MB,Transportation Personal,Intercity Rail,Rail Intercity Electric,DIC_min,,,,,,-484.5431,-484.5431,-484.5431,-484.5431,-484.5431,-484.5431,-484.5431,-484.5431,-484.5431,-484.5431,-484.5431,
CIMS.CAN.MB.Transportation Personal.Passenger Vehicle Motors,Service,MB,Transportation Personal,Passenger Vehicle Motors,Hybrid,DIC_initial,,,,,$,1000,1000,1000,1000,1000,1000,1000,1000,1000,1000,1000,
CIMS.CAN.MB.Transportation Personal.Passenger Vehicle Motors,Service,MB,Transportation Personal,Passenger Vehicle Motors,Hybrid,DIC_slope,,,,,,5.4879,5.4879,5.4879,5.4879,5.4879,5.4879,5.4879,5.4879,5.4879,5.4879,5.4879,
CIMS.CAN.MB.Transportation Personal.Passenger Vehicle Motors,Service,MB,Transportation Personal,Passenger Vehicle Motors,Hybrid,DIC_x50,,,,,,0.1258,0.1258,0.1258,0.1258,0.1258,0.1258,0.1258,0.1258,0.1258,0.1258,0.1258,
CIMS.CAN.MB.Transportation Personal.Passenger Vehicle Motors,Service,MB,Transportation Personal,Passenger Vehicle Motors,Hybrid,DIC_min,,,,,,-2.5618,-2.5618,-2.5618,-2.5618,-2.5618,-2.5618,-2.5618,-2.5618,-2.5618,-2.5618,-2.5618,
CIMS.CAN.MB.Transportation Personal.Passenger Vehicle Motors,Service,MB,Transportation Personal,Passenger Vehicle Motors,Plug-in Hybrid,DIC_initial,,,,,$,1000,1000,1000,1000,1000,1000,1000,1000,1000,1000,1000,
CIMS.CAN.MB.Transportation Personal.Passenger Vehicle Motors,Service,MB,Transportation Personal,Passenger Vehicle Motors,Plug-in Hybrid,DIC_slope,,,,,,5.4879,5.4879,5.4879,5.4879,5.4879,5.4879,5.4879,5.4879,5.4879,5.4879,5.4879,
CIMS.CAN.MB.Transportation Personal.Passenger Vehicle Motors,Service,MB,Transportation Personal,Passenger Vehicle Motors,Plug-in Hybrid,DIC_x50,,,,,,0.1258,0.1258,0.1258,0.1258,0.1258,0.1258,0.1258,0.1258,0.1258,0.1258,0.1258,
CIMS.CAN.MB.Transportation Personal.Passenger Vehicle Motors,Service,MB,Transportation Personal,Passenger Vehicle Motors,Plug-in Hybrid,DIC_min,,,,,,-2.5618,-2.5618,-2.5618,-2.5618,-2.5618,-2.5618,-2.5618,-2.5618,-2.5618,-2.5618,-2.5618,
CIMS.CAN.MB.Transportation Personal.Passenger Vehicle Motors,Service,MB,Transportation Personal,Passenger Vehicle Motors,BEV 500,DIC_initial,,,,,$,1000,1000,1000,1000,1000,1000,1000,1000,1000,1000,1000,
CIMS.CAN.MB.Transportation Personal.Passenger Vehicle Motors,Service,MB,Transportation Personal,Passenger Vehicle Motors,BEV 500,DIC_slope,,,,,,5.4879,5.4879,5.4879,5.4879,5.4879,5.4879,5.4879,5.4879,5.4879,5.4879,5.4879,
CIMS.CAN.MB.Transportation Personal.Passenger Vehicle Motors,Service,MB,Transportation Personal,Passenger Vehicle Motors,BEV 500,DIC_x50,,,,,,0.1258,0.1258,0.1258,0.1258,0.1258,0.1258,0.1258,0.1258,0.1258,0.1258,0.1258,
CIMS.CAN.MB.Transportation Personal.Passenger Vehicle Motors,Service,MB,Transportation Personal,Passenger Vehicle Motors,BEV 500,DIC_min,,,,,,-2.5618,-2.5618,-2.5618,-2.5618,-2.5618,-2.5618,-2.5618,-2.5618,-2.5618,-2.5618,-2.5618,
CIMS.CAN.MB.Transportation Freight.Freight.Land.Heavy.Trucks,Service,MB,Transportation Freight,Trucks,Natural Gas,DIC_initial,,,,,$,4101.7719,4101.7719,4101.7719,4101.7719,4101.7719,4101.7719,4101.7719,4101.7719,4101.7719,4101.7719,4101.7719,
CIMS.CAN.MB.Transportation Freight.Freight.Land.Heavy.Trucks,Service,MB,Transportation Freight,Trucks,Natural Gas,DIC_slope,,,,,,5.9454,5.9454,5.9454,5.9454,5.9454,5.9454,5.9454,5.9454,5.9454,5.9454,5.9454,
CIMS.CAN.MB.Transportation Freight.Freight.Land.Heavy.Trucks,Service,MB,Transportation Freight,Trucks,Natural Gas,DIC_x50,,,,,,0.0847,0.0847,0.0847,0.0847,0.0847,0.0847,0.0847,0.0847,0.0847,0.0847,0.0847,
CIMS.CAN.MB.Transportation Freight.Freight.Land.Heavy.Trucks,Service,MB,Transportation Freight,Trucks,Natural Gas,DIC_min,,,,,,-5.5794,-5.5794,-5.5794,-5.5794,-5.5794,-5.5794,-5.5794,-5.5794,-5.5794,-5.5794,-5.5794,
CIMS.CAN.MB.Transportation Freight.Freight.Land.Heavy.Rail,Service,MB,Transportation Freight,Rail,Diesel Efficient,DIC_initial,,,,,$,356162.0891,356162.0891,356162.0891,356162.0891,356162.0891,356162.0891,356162.0891,356162.0891,356162.0891,356162.0891,356162.0891,
CIMS.CAN.MB.Transportation Freight.Freight.Land.Heavy.Rail,Service,MB,Transportation Freight,Rail,Diesel Efficient,DIC_slope,,,,,,5.9452,5.9452,5.9452,5.9452,5.9452,5.9452,5.9452,5.9452,5.9452,5.9452,5.9452,
CIMS.CAN.MB.Transportation Freight.Freight.Land.Heavy.Rail,Service,MB,Transportation Freight,Rail,Diesel Efficient,DIC_x50,,,,,,0.0847,0.0847,0.0847,0.0847,0.0847,0.0847,0.0847,0.0847,0.0847,0.0847,0.0847,
CIMS.CAN.MB.Transportation Freight.Freight.Land.Heavy.Rail,Service,MB,Transportation Freight,Rail,Diesel Efficient,DIC_min,,,,,,-484.5431,-484.5431,-484.5431,-484.5431,-484.5431,-484.5431,-484.5431,-484.5431,-484.5431,-484.5431,-484.5431,
CIMS.CAN.MB.Transportation Freight.Freight.Land.Heavy.Rail,Service,MB,Transportation Freight,Rail,Biodiesel,DIC_initial,,,,,$,356162.0891,356162.0891,356162.0891,356162.0891,356162.0891,356162.0891,356162.0891,356162.0891,356162.0891,356162.0891,356162.0891,
CIMS.CAN.MB.Transportation Freight.Freight.Land.Heavy.Rail,Service,MB,Transportation Freight,Rail,Biodiesel,DIC_slope,,,,,,5.9452,5.9452,5.9452,5.9452,5.9452,5.9452,5.9452,5.9452,5.9452,5.9452,5.9452,
CIMS.CAN.MB.Transportation Freight.Freight.Land.Heavy.Rail,Service,MB,Transportation Freight,Rail,Biodiesel,DIC_x50,,,,,,0.0847,0.0847,0.0847,0.0847,0.0847,0.0847,0.0847,0.0847,0.0847,0.0847,0.0847,
CIMS.CAN.MB.Transportation Freight.Freight.Land.Heavy.Rail,Service,MB,Transportation Freight,Rail,Biodiesel,DIC_min,,,,,,-484.5431,-484.5431,-484.5431,-484.5431,-484.5431,-484.5431,-484.5431,-484.5431,-484.5431,-484.5431,-484.5431,
CIMS.CAN.MB.Transportation Freight.Freight.Land.Heavy.Rail,Service,MB,Transportation Freight,Rail,Hydrogen,DIC_initial,,,,,$,356162.0891,356162.0891,356162.0891,356162.0891,356162.0891,356162.0891,356162.0891,356162.0891,356162.0891,356162.0891,356162.0891,
CIMS.CAN.MB.Transportation Freight.Freight.Land.Heavy.Rail,Service,MB,Transportation Freight,Rail,Hydrogen,DIC_slope,,,,,,5.9452,5.9452,5.9452,5.9452,5.9452,5.9452,5.9452,5.9452,5.9452,5.9452,5.9452,
CIMS.CAN.MB.Transportation Freight.Freight.Land.Heavy.Rail,Service,MB,Transportation Freight,Rail,Hydrogen,DIC_x50,,,,,,0.0847,0.0847,0.0847,0.0847,0.0847,0.0847,0.0847,0.0847,0.0847,0.0847,0.0847,
CIMS.CAN.MB.Transportation Freight.Freight.Land.Heavy.Rail,Service,MB,Transportation Freight,Rail,Hydrogen,DIC_min,,,,,,-484.5431,-484.5431,-484.5431,-484.5431,-484.5431,-484.5431,-484.5431,-484.5431,-484.5431,-484.5431,-484.5431,
CIMS.CAN.MB.Transportation Freight.Freight.Land.Heavy.Rail,Service,MB,Transportation Freight,Rail,Electric,DIC_initial,,,,,$,356162.0891,356162.0891,356162.0891,356162.0891,356162.0891,356162.0891,356162.0891,356162.0891,356162.0891,356162.0891,356162.0891,
CIMS.CAN.MB.Transportation Freight.Freight.Land.Heavy.Rail,Service,MB,Transportation Freight,Rail,Electric,DIC_slope,,,,,,5.9452,5.9452,5.9452,5.9452,5.9452,5.9452,5.9452,5.9452,5.9452,5.9452,5.9452,
CIMS.CAN.MB.Transportation Freight.Freight.Land.Heavy.Rail,Service,MB,Transportation Freight,Rail,Electric,DIC_x50,,,,,,0.0847,0.0847,0.0847,0.0847,0.0847,0.0847,0.0847,0.0847,0.0847,0.0847,0.0847,
CIMS.CAN.MB.Transportation Freight.Freight.Land.Heavy.Rail,Service,MB,Transportation Freight,Rail,Electric,DIC_min,,,,,,-484.5431,-484.5431,-484.5431,-484.5431,-484.5431,-484.5431,-484.5431,-484.5431,-484.5431,-484.5431,-484.5431,
CIMS.CAN.MB.Transportation Freight.Freight.Marine,Service,MB,Transportation Freight,Marine,Fuel Oil Efficient,DIC_initial,,,,,$,35616155.16,35616155.16,35616155.16,35616155.16,35616155.16,35616155.16,35616155.16,35616155.16,35616155.16,35616155.16,35616155.16,
CIMS.CAN.MB.Transportation Freight.Freight.Marine,Service,MB,Transportation Freight,Marine,Fuel Oil Efficient,DIC_slope,,,,,,5.9452,5.9452,5.9452,5.9452,5.9452,5.9452,5.9452,5.9452,5.9452,5.9452,5.9452,
CIMS.CAN.MB.Transportation Freight.Freight.Marine,Service,MB,Transportation Freight,Marine,Fuel Oil Efficient,DIC_x50,,,,,,0.0847,0.0847,0.0847,0.0847,0.0847,0.0847,0.0847,0.0847,0.0847,0.0847,0.0847,
CIMS.CAN.MB.Transportation Freight.Freight.Marine,Service,MB,Transportation Freight,Marine,Fuel Oil Efficient,DIC_min,,,,,,-48451.5675,-48451.5675,-48451.5675,-48451.5675,-48451.5675,-48451.5675,-48451.5675,-48451.5675,-48451.5675,-48451.5675,-48451.5675,
CIMS.CAN.MB.Transportation Freight.Freight.Marine,Service,MB,Transportation Freight,Marine,Hydrogen,DIC_initial,,,,,$,11871968.9,11871968.9,11871968.9,11871968.9,11871968.9,11871968.9,11871968.9,11871968.9,11871968.9,11871968.9,11871968.9,
CIMS.CAN.MB.Transportation Freight.Freight.Marine,Service,MB,Transportation Freight,Marine,Hydrogen,DIC_slope,,,,,,5.9455,5.9455,5.9455,5.9455,5.9455,5.9455,5.9455,5.9455,5.9455,5.9455,5.9455,
CIMS.CAN.MB.Transportation Freight.Freight.Marine,Service,MB,Transportation Freight,Marine,Hydrogen,DIC_x50,,,,,,0.0847,0.0847,0.0847,0.0847,0.0847,0.0847,0.0847,0.0847,0.0847,0.0847,0.0847,
CIMS.CAN.MB.Transportation Freight.Freight.Marine,Service,MB,Transportation Freight,Marine,Hydrogen,DIC_min,,,,,,-16112.3039,-16112.3039,-16112.3039,-16112.3039,-16112.3039,-16112.3039,-16112.3039,-16112.3039,-16112.3039,-16112.3039,-16112.3039,
CIMS.CAN.MB.Transportation Freight.Freight.Marine,Service,MB,Transportation Freight,Marine,Biodiesel,DIC_initial,,,,,$,47487984.91,47487984.91,47487984.91,47487984.91,47487984.91,47487984.91,47487984.91,47487984.91,47487984.91,47487984.91,47487984.91,
CIMS.CAN.MB.Transportation Freight.Freight.Marine,Service,MB,Transportation Freight,Marine,Biodiesel,DIC_slope,,,,,,5.9456,5.9456,5.9456,5.9456,5.9456,5.9456,5.9456,5.9456,5.9456,5.9456,5.9456,
CIMS.CAN.MB.Transportation Freight.Freight.Marine,Service,MB,Transportation Freight,Marine,Biodiesel,DIC_x50,,,,,,0.0847,0.0847,0.0847,0.0847,0.0847,0.0847,0.0847,0.0847,0.0847,0.0847,0.0847,
CIMS.CAN.MB.Transportation Freight.Freight.Marine,Service,MB,Transportation Freight,Marine,Biodiesel,DIC_min,,,,,,-64818.5288,-64818.5288,-64818.5288,-64818.5288,-64818.5288,-64818.5288,-64818.5288,-64818.5288,-64818.5288,-64818.5288,-64818.5288,
